[{"monitoringDate":"15/05/2018","competitorName":"Comfy","competitorId":65000001032,"depName":"Споживча електроніка","depId":61000060110,"branchName":"Відділ 310","article":31219353,"itemTitle":"Портативная акустика JBL Charge 3 Black (JBLCHARGE3BLKEU)","price":"3999,00","isAvailable":true,"identity":true,"isPromo":true,"ginnerName":"Акустична система портативна JBL Charge 3 Чорна"},{"monitoringDate":"15/05/2018","competitorName":"Comfy","competitorId":65000001032,"depName":"Споживча електроніка","depId":61000060110,"branchName":"Відділ 310","article":31246532,"itemTitle":"Bluetooth гарнитура Plantronics Explorer 80 (205020-05)","price":"1149,00","isAvailable":true,"identity":true,"isPromo":false,"ginnerName":"Гарнітура-bluetooth Plantronics Explorer 80 Black "},{"monitoringDate":"15/05/2018","competitorName":"Comfy","competitorId":65000001032,"depName":"Споживча електроніка","depId":61000060110,"branchName":"Відділ 310","article":31246531,"itemTitle":"Bluetooth гарнитура Plantronics Explorer ML 15","price":"679,00","isAvailable":true,"identity":true,"isPromo":false,"ginnerName":"Гарнітура-bluetooth Plantronics  ML15"},{"monitoringDate":"15/05/2018","competitorName":"Comfy","competitorId":65000001032,"depName":"Споживча електроніка","depId":61000060110,"branchName":"Відділ 310","article":31201562,"itemTitle":"Флеш USB Apacer AH111 8GB USB2.0 Crystal (AP8GAH111CR-1)","price":"169,00","isAvailable":true,"identity":true,"isPromo":false,"ginnerName":"Флеш-драйв APACER AH111 8GB Crystal"},{"monitoringDate":"15/05/2018","competitorName":"Comfy","competitorId":65000001032,"depName":"Споживча електроніка","depId":61000060110,"branchName":"Відділ 310","article":31201565,"itemTitle":"Флеш USB Apacer AH321 16GB USB 2.0 Red (AP16GAH321R-1)","price":"189,00","isAvailable":true,"identity":true,"isPromo":false,"ginnerName":"Флеш-драйв APACER AH321 16GB Red"},{"monitoringDate":"15/05/2018","competitorName":"Comfy","competitorId":65000001032,"depName":"Споживча електроніка","depId":61000060110,"branchName":"Відділ 310","article":31201567,"itemTitle":"Флеш USB Apacer AH321 8GB USB 2.0 Red (AP8GAH321R-1)","price":"155,00","isAvailable":true,"identity":true,"isPromo":false,"ginnerName":"Флеш-драйв APACER AH321 8GB Red"},{"monitoringDate":"15/05/2018","competitorName":"Comfy","competitorId":65000001032,"depName":"Споживча електроніка","depId":61000060110,"branchName":"Відділ 310","article":31201531,"itemTitle":"Флеш USB Apacer AH333 16GB USB 2.0 Black (AP16GAH333B-1)","price":"189,00","isAvailable":true,"identity":true,"isPromo":false,"ginnerName":"Флеш-драйв APACER AH333 16GB Black"},{"monitoringDate":"15/05/2018","competitorName":"Comfy","competitorId":65000001032,"depName":"Споживча електроніка","depId":61000060110,"branchName":"Відділ 310","article":31201544,"itemTitle":"Флеш USB Apacer AH333 32GB USB 2.0 Black (AP32GAH333B-1)","price":"259,00","isAvailable":true,"identity":true,"isPromo":false,"ginnerName":"Флеш-драйв APACER AH333 32GB Black"},{"monitoringDate":"15/05/2018","competitorName":"Comfy","competitorId":65000001032,"depName":"Споживча електроніка","depId":61000060110,"branchName":"Відділ 310","article":31201533,"itemTitle":"Флеш USB Apacer AH333 8GB USB 2.0 Black (AP8GAH333B-1)","price":"145,00","isAvailable":true,"identity":true,"isPromo":false,"ginnerName":"Флеш-драйв APACER AH333 8GB Black"},{"monitoringDate":"15/05/2018","competitorName":"Comfy","competitorId":65000001032,"depName":"Споживча електроніка","depId":61000060110,"branchName":"Відділ 310","article":31201548,"itemTitle":"Флеш USB Apacer AH335 16GB USB 2.0 Green/White (AP16GAH335G-1)","price":"179,00","isAvailable":true,"identity":true,"isPromo":false,"ginnerName":"Флеш-драйв APACER AH335 16GB Green/White"},{"monitoringDate":"15/05/2018","competitorName":"Comfy","competitorId":65000001032,"depName":"Споживча електроніка","depId":61000060110,"branchName":"Відділ 310","article":31201549,"itemTitle":"Флеш USB Apacer AH335 32GB USB 2.0 Green/White (AP32GAH335G-1)","price":"245,00","isAvailable":true,"identity":true,"isPromo":false,"ginnerName":"Флеш-драйв APACER AH335 32GB Green/White"},{"monitoringDate":"15/05/2018","competitorName":"Comfy","competitorId":65000001032,"depName":"Споживча електроніка","depId":61000060110,"branchName":"Відділ 310","article":31201547,"itemTitle":"Флеш USB Apacer AH335 8GB USB 2.0 Green/White (AP8GAH335G-1)","price":"165,00","isAvailable":true,"identity":true,"isPromo":false,"ginnerName":"Флеш-драйв APACER AH335 8GB Green/White"},{"monitoringDate":"15/05/2018","competitorName":"Comfy","competitorId":65000001032,"depName":"Споживча електроніка","depId":61000060110,"branchName":"Відділ 310","article":31218093,"itemTitle":"Гарнитура для консоли Sony PlayStation Platinum WL","price":"5999,00","isAvailable":true,"identity":true,"isPromo":false,"ginnerName":"Гарнітура SONY PlayStation Platinum WL"},{"monitoringDate":"15/05/2018","competitorName":"Comfy","competitorId":65000001032,"depName":"Споживча електроніка","depId":61000060110,"branchName":"Відділ 310","article":31241859,"itemTitle":"Гарнитура компьютерная Philips SHM1900/00","price":"499,00","isAvailable":true,"identity":true,"isPromo":false,"ginnerName":"Гарнітура ІТ Philips SHM1900"},{"monitoringDate":"15/05/2018","competitorName":"Comfy","competitorId":65000001032,"depName":"Споживча електроніка","depId":61000060110,"branchName":"Відділ 310","article":31227037,"itemTitle":"Гарнитура проводная Acme CD-602","price":"119,00","isAvailable":true,"identity":true,"isPromo":false,"ginnerName":"Гарнітура дротова ACME CD602 Headphones with Microphone, чорний"},{"monitoringDate":"15/05/2018","competitorName":"Comfy","competitorId":65000001032,"depName":"Споживча електроніка","depId":61000060110,"branchName":"Відділ 310","article":31246505,"itemTitle":"Гарнитура проводная игровая Aula Prime Gaming Headset Black-Blue (6948391256030)","price":"499,00","isAvailable":true,"identity":true,"isPromo":false,"ginnerName":"Гарнітура дротова AULA Prime Gaming Headset, чорний"},{"monitoringDate":"15/05/2018","competitorName":"Comfy","competitorId":65000001032,"depName":"Споживча електроніка","depId":61000060110,"branchName":"Відділ 310","article":31246507,"itemTitle":"Гарнитура проводная Aula Succubus Black-Blue (6948391232058)","price":"699,00","isAvailable":true,"identity":true,"isPromo":false,"ginnerName":"Гарнітура дротова AULA Succubus gaming headset, чорний"},{"monitoringDate":"15/05/2018","competitorName":"Comfy","competitorId":65000001032,"depName":"Споживча електроніка","depId":61000060110,"branchName":"Відділ 310","article":31246508,"itemTitle":"Гарнитура проводная Speedlink Coniux Stereo Gaming Headset Black (SL-8783-BK)","price":"885,00","isAvailable":true,"identity":true,"isPromo":false,"ginnerName":"Гарнітура дротова SPEEDLINK CONIUX Stereo Gaming Headset, black"},{"monitoringDate":"15/05/2018","competitorName":"Comfy","competitorId":65000001032,"depName":"Споживча електроніка","depId":61000060110,"branchName":"Відділ 310","article":31246509,"itemTitle":"Гарнитура проводная Speedlink Legatos Stereo Gaming Headset Black (SL-860000-BK)","price":"449,00","isAvailable":true,"identity":true,"isPromo":false,"ginnerName":"Гарнітура дротова SPEEDLINK LEGATOS Stereo Gaming Headset, black"},{"monitoringDate":"15/05/2018","competitorName":"Comfy","competitorId":65000001032,"depName":"Споживча електроніка","depId":61000060110,"branchName":"Відділ 310","article":31218086,"itemTitle":"Геймпад Sony PS4 Dualshock 4 V2 Black","price":"1799,00","isAvailable":true,"identity":true,"isPromo":false,"ginnerName":"Геймпад бездротовий SONY PlayStation Dualshock v2 Jet Black"},{"monitoringDate":"15/05/2018","competitorName":"Comfy","competitorId":65000001032,"depName":"Споживча електроніка","depId":61000060110,"branchName":"Відділ 310","article":31218087,"itemTitle":"Геймпад Sony PS4 Dualshock 4 V2 White","price":"1799,00","isAvailable":true,"identity":true,"isPromo":false,"ginnerName":"Геймпад бездротовий SONY PlayStation Dualshock v2 Glacier White"},{"monitoringDate":"15/05/2018","competitorName":"Comfy","competitorId":65000001032,"depName":"Споживча електроніка","depId":61000060110,"branchName":"Відділ 310","article":31218095,"itemTitle":"Геймпад Sony PS4 Dualshock v2 Green Cammo","price":"1999,00","isAvailable":true,"identity":true,"isPromo":false,"ginnerName":"Геймпад бездротовий SONY PlayStation Dualshock v2 Green Cammo"},{"monitoringDate":"15/05/2018","competitorName":"Comfy","competitorId":65000001032,"depName":"Споживча електроніка","depId":61000060110,"branchName":"Відділ 310","article":31241879,"itemTitle":"Хаб USB TP-Link UH400 USB3.0 4-Port","price":"449,00","isAvailable":true,"identity":true,"isPromo":false,"ginnerName":"Хаб USB TP-Link UH400 4 порта USB3.0"},{"monitoringDate":"15/05/2018","competitorName":"Comfy","competitorId":65000001032,"depName":"Споживча електроніка","depId":61000060110,"branchName":"Відділ 310","article":31218092,"itemTitle":"Игровая приставка Sony PlayStation 4 Slim 500 Gb Black (HZD+GOW3+UC4+PSPlus 3М)","price":"10499,00","isAvailable":true,"identity":true,"isPromo":false,"ginnerName":"Ігрова консоль SONY PlayStation 4 Slim 500 Gb Black (HZD+GOW3+UC4+PSPlus 3М)"},{"monitoringDate":"15/05/2018","competitorName":"Comfy","competitorId":65000001032,"depName":"Споживча електроніка","depId":61000060110,"branchName":"Відділ 310","article":31218084,"itemTitle":"Игровая приставка Sony PlayStation 4 Pro 1Tb Black","price":"12999,00","isAvailable":true,"identity":true,"isPromo":false,"ginnerName":"Ігрова консоль SONY PlayStation 4 Pro 1Tb Black"},{"monitoringDate":"15/05/2018","competitorName":"Comfy","competitorId":65000001032,"depName":"Споживча електроніка","depId":61000060110,"branchName":"Відділ 310","article":31241880,"itemTitle":"Кабель патч-корд TP-Link TL-EC505EM, RJ45, CAT5e, 5м,","price":"259,00","isAvailable":true,"identity":true,"isPromo":false,"ginnerName":"Патч-корд TP-LINK CAT5e (TL-EC505EM) 5 м."},{"monitoringDate":"15/05/2018","competitorName":"Comfy","competitorId":65000001032,"depName":"Споживча електроніка","depId":61000060110,"branchName":"Відділ 310","article":31201522,"itemTitle":"Карта памяти Apacer microSDHC 16 Gb UHS-I U1 + adapter (AP16GMCSH10U1-R)","price":"199,00","isAvailable":true,"identity":true,"isPromo":false,"ginnerName":"Карта пам'яті APACER microSDHC 16GB UHS-I U1+adapter"},{"monitoringDate":"15/05/2018","competitorName":"Comfy","competitorId":65000001032,"depName":"Споживча електроніка","depId":61000060110,"branchName":"Відділ 310","article":31201555,"itemTitle":"Карта памяти Apacer microSDHC 32GB Class 4 + adapter (AP32GMCSH4-R)","price":"429,00","isAvailable":true,"identity":true,"isPromo":false,"ginnerName":"Карта пам'яті APACER microSDHC 32GB Class 4+adapter"},{"monitoringDate":"15/05/2018","competitorName":"Comfy","competitorId":65000001032,"depName":"Споживча електроніка","depId":61000060110,"branchName":"Відділ 310","article":31201523,"itemTitle":"Карта памяти Apacer microSDHC 32GB UHS-I U1+adapter (AP32GMCSH10U5-R)","price":"489,00","isAvailable":false,"identity":true,"isPromo":false,"ginnerName":"Карта пам'яті APACER microSDHC 32GB UHS-I U1+adapter"},{"monitoringDate":"15/05/2018","competitorName":"Comfy","competitorId":65000001032,"depName":"Споживча електроніка","depId":61000060110,"branchName":"Відділ 310","article":31201525,"itemTitle":"Карта памяти Apacer microSDXC 64GB UHS-I U1+adapter (AP64GMCSX10U1-R)","price":"609,00","isAvailable":false,"identity":true,"isPromo":false,"ginnerName":"Карта пам'яті APACER microSDXC 64GB UHS-I U1+adapter"},{"monitoringDate":"15/05/2018","competitorName":"Comfy","competitorId":65000001032,"depName":"Споживча електроніка","depId":61000060110,"branchName":"Відділ 310","article":31201513,"itemTitle":"Карта памяти Apacer microSDHC 16Gb class 4 (AP16GMCSH4-R)+ SD адаптер","price":"189,00","isAvailable":true,"identity":true,"isPromo":false,"ginnerName":"Карта пам'яті APACER microSDHC 16GB Class 4+adapter"},{"monitoringDate":"15/05/2018","competitorName":"Comfy","competitorId":65000001032,"depName":"Споживча електроніка","depId":61000060110,"branchName":"Відділ 310","article":31201524,"itemTitle":"Карта памяти Apacer microSDHC 8Gb class 4 (AP8GMCSH4-R)+ SD адаптер","price":"159,00","isAvailable":true,"identity":true,"isPromo":false,"ginnerName":"Карта пам'яті APACER microSDHC 8GB Class 4+adapter"},{"monitoringDate":"15/05/2018","competitorName":"Comfy","competitorId":65000001032,"depName":"Споживча електроніка","depId":61000060110,"branchName":"Відділ 310","article":31241934,"itemTitle":"Маршрутизатор Ethernet Asus RT-AC1200G+","price":"2269,00","isAvailable":true,"identity":true,"isPromo":false,"ginnerName":"Роутер безпровідний ASUS RT-AC1200G+ 1200Mbps, Dual Band, USB"},{"monitoringDate":"15/05/2018","competitorName":"Comfy","competitorId":65000001032,"depName":"Споживча електроніка","depId":61000060110,"branchName":"Відділ 310","article":31241959,"itemTitle":"Маршрутизатор Ethernet Netis MW5230 3G/4G Wireless-N","price":"649,00","isAvailable":true,"identity":true,"isPromo":false,"ginnerName":"Роутер безпровідний NETIS MW5230 300Mbps, USB (3G/4G)"},{"monitoringDate":"15/05/2018","competitorName":"Comfy","competitorId":65000001032,"depName":"Споживча електроніка","depId":61000060110,"branchName":"Відділ 310","article":31241420,"itemTitle":"Маршрутизатор Ethernet Netis WF2419E","price":"399,00","isAvailable":true,"identity":true,"isPromo":false,"ginnerName":"Роутер безпровідний NETIS WF2419E 300Mbps IP-TV"},{"monitoringDate":"15/05/2018","competitorName":"Comfy","competitorId":65000001032,"depName":"Споживча електроніка","depId":61000060110,"branchName":"Відділ 310","article":31241837,"itemTitle":"Маршрутизатор Ethernet Tenda AC9 (AC 1200)","price":"1599,00","isAvailable":true,"identity":true,"isPromo":false,"ginnerName":"Роутер безпровідний TENDA AC9 1200Mbps, Dual band, USB"},{"monitoringDate":"15/05/2018","competitorName":"Comfy","competitorId":65000001032,"depName":"Споживча електроніка","depId":61000060110,"branchName":"Відділ 310","article":31241730,"itemTitle":"Маршрутизатор Ethernet Tenda F3","price":"449,00","isAvailable":true,"identity":true,"isPromo":false,"ginnerName":"Роутер безпровідний TENDA F3 300Mbps, 3x5dBi Ant"},{"monitoringDate":"15/05/2018","competitorName":"Comfy","competitorId":65000001032,"depName":"Споживча електроніка","depId":61000060110,"branchName":"Відділ 310","article":31241838,"itemTitle":"Маршрутизатор Ethernet Tenda FH456","price":"599,00","isAvailable":true,"identity":true,"isPromo":false,"ginnerName":"Роутер безпровідний TENDA FH456 300Mbps, 4x5dBi Ant"},{"monitoringDate":"15/05/2018","competitorName":"Comfy","competitorId":65000001032,"depName":"Споживча електроніка","depId":61000060110,"branchName":"Відділ 310","article":31241541,"itemTitle":"Маршрутизатор Ethernet TP-Link Archer C2","price":"1349,00","isAvailable":true,"identity":true,"isPromo":false,"ginnerName":"Роутер безпровідний TP-LINK Archer C2 300+450Mbps, Dual band, USB"},{"monitoringDate":"15/05/2018","competitorName":"Comfy","competitorId":65000001032,"depName":"Споживча електроніка","depId":61000060110,"branchName":"Відділ 310","article":31241542,"itemTitle":"Маршрутизатор Ethernet TP-Link Archer C20","price":"799,00","isAvailable":true,"identity":true,"isPromo":false,"ginnerName":"Роутер безпровідний TP-LINK Archer C20 750Mbps, Dual band, USB"},{"monitoringDate":"15/05/2018","competitorName":"Comfy","competitorId":65000001032,"depName":"Споживча електроніка","depId":61000060110,"branchName":"Відділ 310","article":31241987,"itemTitle":"Маршрутизатор Ethernet TP-Link Archer C50","price":"999,00","isAvailable":true,"identity":true,"isPromo":false,"ginnerName":"Роутер безпровідний TP-LINK Archer C50_v3 300+867Mbps, Dual band"},{"monitoringDate":"15/05/2018","competitorName":"Comfy","competitorId":65000001032,"depName":"Споживча електроніка","depId":61000060110,"branchName":"Відділ 310","article":31241909,"itemTitle":"Маршрутизатор Ethernet TP-Link Archer C60","price":"1499,00","isAvailable":true,"identity":true,"isPromo":false,"ginnerName":"Роутер безпровідний TP-LINK Archer C60 450+867Mbps, Dual band"},{"monitoringDate":"15/05/2018","competitorName":"Comfy","competitorId":65000001032,"depName":"Споживча електроніка","depId":61000060110,"branchName":"Відділ 310","article":31237159,"itemTitle":"Мобильный телефон Ergo F242 Turbo Dual Sim Black","price":"599,00","isAvailable":true,"identity":true,"isPromo":false,"ginnerName":"Телефон мобільний ERGO F242 Turbo Dual Sim (black)"},{"monitoringDate":"15/05/2018","competitorName":"Comfy","competitorId":65000001032,"depName":"Споживча електроніка","depId":61000060110,"branchName":"Відділ 310","article":31237160,"itemTitle":"Мобильный телефон Ergo F243 Swift Dual Sim Black","price":"399,00","isAvailable":true,"identity":true,"isPromo":false,"ginnerName":"Телефон мобільний ERGO F243 Swift Dual Sim (black)"},{"monitoringDate":"15/05/2018","competitorName":"Comfy","competitorId":65000001032,"depName":"Споживча електроніка","depId":61000060110,"branchName":"Відділ 310","article":31237121,"itemTitle":"Мобильный телефон LG G360 Red","price":"1449,00","isAvailable":true,"identity":true,"isPromo":false,"ginnerName":"Телефон мобільний LG G360 Red"},{"monitoringDate":"15/05/2018","competitorName":"Comfy","competitorId":65000001032,"depName":"Споживча електроніка","depId":61000060110,"branchName":"Відділ 310","article":31237142,"itemTitle":"Мобильный телефон Nokia 3310 (2017) Dark Blue","price":"1099,00","isAvailable":true,"identity":true,"isPromo":false,"ginnerName":"Телефон мобільний NOKIA 3310 DS (blue)"},{"monitoringDate":"15/05/2018","competitorName":"Comfy","competitorId":65000001032,"depName":"Споживча електроніка","depId":61000060110,"branchName":"Відділ 310","article":31237143,"itemTitle":"Мобильный телефон Nokia 3310 (2017) Grey","price":"1099,00","isAvailable":true,"identity":true,"isPromo":false,"ginnerName":"Телефон мобільний NOKIA 3310 DS (grey)"},{"monitoringDate":"15/05/2018","competitorName":"Comfy","competitorId":65000001032,"depName":"Споживча електроніка","depId":61000060110,"branchName":"Відділ 310","article":31237140,"itemTitle":"Мобильный телефон Nomi i242 X-Treme D/S Black-Green","price":"1299,00","isAvailable":true,"identity":true,"isPromo":false,"ginnerName":"Телефон мобільний NOMI i242 X-treme (black-green)"},{"monitoringDate":"15/05/2018","competitorName":"Comfy","competitorId":65000001032,"depName":"Споживча електроніка","depId":61000060110,"branchName":"Відділ 310","article":31237141,"itemTitle":"Мобильный телефон Nomi i242 X-Treme D/S Black-Orange","price":"1299,00","isAvailable":true,"identity":true,"isPromo":false,"ginnerName":"Телефон мобільний NOMI i242 X-treme (black-orange)"},{"monitoringDate":"15/05/2018","competitorName":"Comfy","competitorId":65000001032,"depName":"Споживча електроніка","depId":61000060110,"branchName":"Відділ 310","article":31237158,"itemTitle":"Мобильный телефон Nomi i245 X-Treme Dual Sim Black","price":"999,00","isAvailable":false,"identity":true,"isPromo":false,"ginnerName":"Телефон мобільний NOMI i245 X-Treme (black)"},{"monitoringDate":"15/05/2018","competitorName":"Comfy","competitorId":65000001032,"depName":"Споживча електроніка","depId":61000060110,"branchName":"Відділ 310","article":31232074,"itemTitle":"Монитор Samsung S24E391HL (LS24E391HLO/CI)","price":"4999,00","isAvailable":true,"identity":true,"isPromo":false,"ginnerName":"Монітор 24\" SAMSUNG S24E391HLO White"},{"monitoringDate":"15/05/2018","competitorName":"Comfy","competitorId":65000001032,"depName":"Споживча електроніка","depId":61000060110,"branchName":"Відділ 310","article":31232136,"itemTitle":"Монитор Asus VC239HE-W","price":"4489,00","isAvailable":true,"identity":true,"isPromo":false,"ginnerName":"Монітор 24\" ASUS VZ239HE-W White"},{"monitoringDate":"15/05/2018","competitorName":"Comfy","competitorId":65000001032,"depName":"Споживча електроніка","depId":61000060110,"branchName":"Відділ 310","article":31232138,"itemTitle":"Монитор Asus VC239HE","price":"4155,00","isAvailable":true,"identity":true,"isPromo":false,"ginnerName":"Монітор 23\" ASUS VC239HE (90LM01E1-B01470)"},{"monitoringDate":"15/05/2018","competitorName":"Comfy","competitorId":65000001032,"depName":"Споживча електроніка","depId":61000060110,"branchName":"Відділ 310","article":31232110,"itemTitle":"Монитор Asus VG245HE","price":"7029,00","isAvailable":true,"identity":true,"isPromo":false,"ginnerName":"Монітор 24\" ASUS VG245HE Black"},{"monitoringDate":"15/05/2018","competitorName":"Comfy","competitorId":65000001032,"depName":"Споживча електроніка","depId":61000060110,"branchName":"Відділ 310","article":31232111,"itemTitle":"Монитор Asus VG245Q","price":"7909,00","isAvailable":true,"identity":true,"isPromo":false,"ginnerName":"Монітор 24\" ASUS VG245Q Black"},{"monitoringDate":"15/05/2018","competitorName":"Comfy","competitorId":65000001032,"depName":"Споживча електроніка","depId":61000060110,"branchName":"Відділ 310","article":31232068,"itemTitle":"Монитор Asus VP249H","price":"4589,00","isAvailable":false,"identity":true,"isPromo":false,"ginnerName":"Монітор 24\" ASUS VZ249H Black (В)"},{"monitoringDate":"15/05/2018","competitorName":"Comfy","competitorId":65000001032,"depName":"Споживча електроніка","depId":61000060110,"branchName":"Відділ 310","article":31232118,"itemTitle":"Монитор Dell S2318HN (210-ALUZ)","price":"5209,00","isAvailable":false,"identity":true,"isPromo":false,"ginnerName":"Монітор 24\" DELL S2318HN (210-ALUZ)"},{"monitoringDate":"15/05/2018","competitorName":"Comfy","competitorId":65000001032,"depName":"Споживча електроніка","depId":61000060110,"branchName":"Відділ 310","article":31232117,"itemTitle":"Монитор Dell SE2417HG (210-ALDY)","price":"4449,00","isAvailable":true,"identity":true,"isPromo":false,"ginnerName":"Монітор 24\" DELL SE2417HG (210-ALDY)"},{"monitoringDate":"15/05/2018","competitorName":"Comfy","competitorId":65000001032,"depName":"Споживча електроніка","depId":61000060110,"branchName":"Відділ 310","article":31232123,"itemTitle":"Монитор HP EliteDisplay E233 (1FH46AA)","price":"5759,00","isAvailable":true,"identity":true,"isPromo":false,"ginnerName":"Монітор 23\" HP EliteDisplay E233 (1FH46AA)"},{"monitoringDate":"15/05/2018","competitorName":"Comfy","competitorId":65000001032,"depName":"Споживча електроніка","depId":61000060110,"branchName":"Відділ 310","article":31232075,"itemTitle":"Монитор LG 24MP88HV-S","price":"6399,00","isAvailable":true,"identity":true,"isPromo":false,"ginnerName":"Монітор 24\" LG 24MP88HV-S White"},{"monitoringDate":"15/05/2018","competitorName":"Comfy","competitorId":65000001032,"depName":"Споживча електроніка","depId":61000060110,"branchName":"Відділ 310","article":31232070,"itemTitle":"Монитор LG 25UM58-P","price":"5699,00","isAvailable":true,"identity":true,"isPromo":false,"ginnerName":"Монітор 25\" LG 25UM58-P Black"},{"monitoringDate":"15/05/2018","competitorName":"Comfy","competitorId":65000001032,"depName":"Споживча електроніка","depId":61000060110,"branchName":"Відділ 310","article":31232069,"itemTitle":"Монитор Samsung C24F390FHI","price":"4999,00","isAvailable":true,"identity":true,"isPromo":false,"ginnerName":"Монітор 24\" SAMSUNG CURVED C24F390F Black"},{"monitoringDate":"15/05/2018","competitorName":"Comfy","competitorId":65000001032,"depName":"Споживча електроніка","depId":61000060110,"branchName":"Відділ 310","article":31252650,"itemTitle":"Blutooth-гарнитура Plantronics Explorer 50 (202340-05)","price":"759,00","isAvailable":true,"identity":true,"isPromo":false,"ginnerName":"Гарнітура-bluetooth Plantronics Explorer 50"},{"monitoringDate":"15/05/2018","competitorName":"Comfy","competitorId":65000001032,"depName":"Споживча електроніка","depId":61000060110,"branchName":"Відділ 310","article":31246502,"itemTitle":"Наушники вкладыши Acme BH104 Black (4770070879443)","price":"599,00","isAvailable":true,"identity":true,"isPromo":false,"ginnerName":"Гарнітура бездротова ACME BH104 Bluetooth earphones, чорний"},{"monitoringDate":"15/05/2018","competitorName":"Comfy","competitorId":65000001032,"depName":"Споживча електроніка","depId":61000060110,"branchName":"Відділ 310","article":31219387,"itemTitle":"Портативная акустика JBL Flip 4 Black (JBLFLIP4BLK)","price":"2999,00","isAvailable":true,"identity":true,"isPromo":true,"ginnerName":"Акустична система портативна JBL FLIP4 Чорна"},{"monitoringDate":"15/05/2018","competitorName":"Comfy","competitorId":65000001032,"depName":"Споживча електроніка","depId":61000060110,"branchName":"Відділ 310","article":31219389,"itemTitle":"Портативная акустика JBL Flip 4 Red (JBLFLIP4RED)","price":"2999,00","isAvailable":true,"identity":true,"isPromo":true,"ginnerName":"Акустична система портативна JBL FLIP4 Червона"},{"monitoringDate":"15/05/2018","competitorName":"Comfy","competitorId":65000001032,"depName":"Споживча електроніка","depId":61000060110,"branchName":"Відділ 310","article":31219457,"itemTitle":"Портативная акустика Philips BT6900B/00","price":"2499,00","isAvailable":true,"identity":true,"isPromo":false,"ginnerName":"Акустична система портативна Philips BT6900B Чорний"},{"monitoringDate":"15/05/2018","competitorName":"Comfy","competitorId":65000001032,"depName":"Споживча електроніка","depId":61000060110,"branchName":"Відділ 310","article":31219458,"itemTitle":"Портативная акустика Philips SB300B/00","price":"1299,00","isAvailable":true,"identity":true,"isPromo":false,"ginnerName":"Акустична система портативна Philips SB300B Чорний"},{"monitoringDate":"15/05/2018","competitorName":"Comfy","competitorId":65000001032,"depName":"Споживча електроніка","depId":61000060110,"branchName":"Відділ 310","article":31219459,"itemTitle":"Портативная акустика Philips SB500A Blue","price":"4499,00","isAvailable":true,"identity":true,"isPromo":false,"ginnerName":"Акустична система портативна Philips SB500A Синій"},{"monitoringDate":"15/05/2018","competitorName":"Comfy","competitorId":65000001032,"depName":"Споживча електроніка","depId":61000060110,"branchName":"Відділ 310","article":31219427,"itemTitle":"Портативная акустика Promate Groove Black","price":"2599,00","isAvailable":true,"identity":true,"isPromo":false,"ginnerName":"Акустична система портативна PROMATE Groove Black"},{"monitoringDate":"15/05/2018","competitorName":"Comfy","competitorId":65000001032,"depName":"Споживча електроніка","depId":61000060110,"branchName":"Відділ 310","article":31219453,"itemTitle":"Портативная акустика Sony SRS-XB30 Black","price":"3699,00","isAvailable":true,"identity":true,"isPromo":true,"ginnerName":"Акустична система портативна Sony SRS-XB30B Чорний"},{"monitoringDate":"15/05/2018","competitorName":"Comfy","competitorId":65000001032,"depName":"Споживча електроніка","depId":61000060110,"branchName":"Відділ 310","article":31219452,"itemTitle":"Портативная акустика Sony SRS-XB30 Red","price":"3699,00","isAvailable":true,"identity":true,"isPromo":true,"ginnerName":"Акустична система портативна Sony SRS-XB30R Червоний"},{"monitoringDate":"15/05/2018","competitorName":"Comfy","competitorId":65000001032,"depName":"Споживча електроніка","depId":61000060110,"branchName":"Відділ 310","article":31219454,"itemTitle":"Портативная акустика Sony SRS-XB40 Black","price":"5499,00","isAvailable":true,"identity":true,"isPromo":true,"ginnerName":"Акустична система портативна Sony SRS-XB40B Чорний"},{"monitoringDate":"15/05/2018","competitorName":"Comfy","competitorId":65000001032,"depName":"Споживча електроніка","depId":61000060110,"branchName":"Відділ 310","article":31219277,"itemTitle":"Портативная акустика Trust URBAN Deci Wireless Speaker Blue","price":"649,00","isAvailable":false,"identity":true,"isPromo":false,"ginnerName":"Акустика TRUST URBAN REVOLT Deci Wireless Speaker Blue"},{"monitoringDate":"15/05/2018","competitorName":"Comfy","competitorId":65000001032,"depName":"Споживча електроніка","depId":61000060110,"branchName":"Відділ 310","article":31219414,"itemTitle":"Портативная акустика Xiaomi Mi Speaker (QBH4057US) Gold","price":"1485,00","isAvailable":true,"identity":true,"isPromo":false,"ginnerName":"Акустична система Xiaomi Mi Speaker (QBH4057US) золота"},{"monitoringDate":"15/05/2018","competitorName":"Comfy","competitorId":65000001032,"depName":"Споживча електроніка","depId":61000060110,"branchName":"Відділ 310","article":31241067,"itemTitle":"Маршрутизатор Ethernet Asus RT-N11P","price":"599,00","isAvailable":true,"identity":true,"isPromo":false,"ginnerName":"Роутер безпровідний ASUS RT-N11P 300Mbps"},{"monitoringDate":"15/05/2018","competitorName":"Comfy","competitorId":65000001032,"depName":"Споживча електроніка","depId":61000060110,"branchName":"Відділ 310","article":31241017,"itemTitle":"Маршрутизатор Ethernet Asus RT-N18U","price":"2359,00","isAvailable":true,"identity":true,"isPromo":false,"ginnerName":"Роутер безпровідний ASUS RT-N18U 600Mbps, USB"},{"monitoringDate":"15/05/2018","competitorName":"Comfy","competitorId":65000001032,"depName":"Споживча електроніка","depId":61000060110,"branchName":"Відділ 310","article":31241944,"itemTitle":"Сетевой адаптер Asus USB-N14","price":"689,00","isAvailable":true,"identity":true,"isPromo":false,"ginnerName":"Адаптер ASUS USB-N14 802.11n 300Mbps, 2 антенни, USB 2.0"},{"monitoringDate":"15/05/2018","competitorName":"Comfy","competitorId":65000001032,"depName":"Споживча електроніка","depId":61000060110,"branchName":"Відділ 310","article":31227312,"itemTitle":"Коммутатор локальной сети (Switch) TP-LINK TL-SF1008D","price":"279,00","isAvailable":true,"identity":true,"isPromo":false,"ginnerName":"Комутатор TP-LINK TL-SF1008D"},{"monitoringDate":"15/05/2018","competitorName":"Comfy","competitorId":65000001032,"depName":"Споживча електроніка","depId":61000060110,"branchName":"Відділ 310","article":31227973,"itemTitle":"Маршрутизатор Ethernet TP-LINK TL-WR840N","price":"479,00","isAvailable":true,"identity":true,"isPromo":false,"ginnerName":"Роутер безпровідний TP-LINK TL-WR840N 300Mbps"},{"monitoringDate":"15/05/2018","competitorName":"Comfy","competitorId":65000001032,"depName":"Споживча електроніка","depId":61000060110,"branchName":"Відділ 310","article":31227451,"itemTitle":"Маршрутизатор Ethernet TP-LINK TL-WR841N","price":"529,00","isAvailable":true,"identity":true,"isPromo":false,"ginnerName":"Роутер безпровідний TP-LINK TL-WR841N 300Mbps"},{"monitoringDate":"15/05/2018","competitorName":"Comfy","competitorId":65000001032,"depName":"Споживча електроніка","depId":61000060110,"branchName":"Відділ 310","article":31241641,"itemTitle":"Маршрутизатор Ethernet TP-LINK TL-WR940N","price":"699,00","isAvailable":true,"identity":true,"isPromo":false,"ginnerName":"Роутер безпровідний TP-LINK TL-WR940N 450 Mbps"},{"monitoringDate":"15/05/2018","competitorName":"Comfy","competitorId":65000001032,"depName":"Споживча електроніка","depId":61000060110,"branchName":"Відділ 310","article":31255034,"itemTitle":"Смарт-часы MyKronoz ZeSport тітан/помаранч (ZEGSWMYKLC000018)","price":"7499,00","isAvailable":true,"identity":true,"isPromo":false,"ginnerName":"Смарт годинник MYKRONOZ ZeSport тітан/помаранч"},{"monitoringDate":"15/05/2018","competitorName":"Comfy","competitorId":65000001032,"depName":"Споживча електроніка","depId":61000060110,"branchName":"Відділ 310","article":31238772,"itemTitle":"Смартфон Huawei Nova lite 2017 Black","price":"3999,00","isAvailable":true,"identity":true,"isPromo":false,"ginnerName":"Смартфон HUAWEI Nova lite 2017 (black)"},{"monitoringDate":"15/05/2018","competitorName":"Comfy","competitorId":65000001032,"depName":"Споживча електроніка","depId":61000060110,"branchName":"Відділ 310","article":31238875,"itemTitle":"Смартфон Huawei Nova lite 2017 Gold","price":"3999,00","isAvailable":true,"identity":true,"isPromo":false,"ginnerName":"Смартфон HUAWEI Nova lite 2017 (gold)"},{"monitoringDate":"15/05/2018","competitorName":"Comfy","competitorId":65000001032,"depName":"Споживча електроніка","depId":61000060110,"branchName":"Відділ 310","article":31238873,"itemTitle":"Смартфон Huawei P Smart (FIG-LX1) Black","price":"6999,00","isAvailable":true,"identity":true,"isPromo":false,"ginnerName":"Смартфон HUAWEI P Smart (black)"},{"monitoringDate":"15/05/2018","competitorName":"Comfy","competitorId":65000001032,"depName":"Споживча електроніка","depId":61000060110,"branchName":"Відділ 310","article":31238820,"itemTitle":"Смартфон Huawei P Smart (FIG-LX1) Blue","price":"6999,00","isAvailable":true,"identity":true,"isPromo":false,"ginnerName":"Смартфон HUAWEI P Smart (blue)"},{"monitoringDate":"15/05/2018","competitorName":"Comfy","competitorId":65000001032,"depName":"Споживча електроніка","depId":61000060110,"branchName":"Відділ 310","article":31238821,"itemTitle":"Смартфон Huawei P Smart (FIG-LX1) Gold","price":"6999,00","isAvailable":true,"identity":true,"isPromo":false,"ginnerName":"Смартфон HUAWEI P Smart (gold)"},{"monitoringDate":"15/05/2018","competitorName":"Comfy","competitorId":65000001032,"depName":"Споживча електроніка","depId":61000060110,"branchName":"Відділ 310","article":31238871,"itemTitle":"Смартфон Huawei P20 lite Black","price":"11999,00","isAvailable":true,"identity":true,"isPromo":false,"ginnerName":"Смартфон HUAWEI P20 lite (black)"},{"monitoringDate":"15/05/2018","competitorName":"Comfy","competitorId":65000001032,"depName":"Споживча електроніка","depId":61000060110,"branchName":"Відділ 310","article":31238668,"itemTitle":"Смартфон Huawei P8 lite 2017 Gold","price":"4999,00","isAvailable":true,"identity":true,"isPromo":false,"ginnerName":"Смартфон HUAWEI P8 Lite 2017 (gold)"},{"monitoringDate":"15/05/2018","competitorName":"Comfy","competitorId":65000001032,"depName":"Споживча електроніка","depId":61000060110,"branchName":"Відділ 310","article":31238667,"itemTitle":"Смартфон Huawei P8 lite 2017 Black","price":"4999,00","isAvailable":true,"identity":true,"isPromo":false,"ginnerName":"Смартфон HUAWEI P8 Lite 2017 (black)"},{"monitoringDate":"15/05/2018","competitorName":"Comfy","competitorId":65000001032,"depName":"Споживча електроніка","depId":61000060110,"branchName":"Відділ 310","article":31238768,"itemTitle":"Смартфон Huawei Y3 2017 Gold","price":"2599,00","isAvailable":true,"identity":true,"isPromo":false,"ginnerName":"Смартфон HUAWEI Y3 2017 (gold)"},{"monitoringDate":"15/05/2018","competitorName":"Comfy","competitorId":65000001032,"depName":"Споживча електроніка","depId":61000060110,"branchName":"Відділ 310","article":31238736,"itemTitle":"Смартфон Huawei Y3 2017 Gray","price":"2599,00","isAvailable":true,"identity":true,"isPromo":false,"ginnerName":"Смартфон HUAWEI Y3 2017 (grey)"},{"monitoringDate":"15/05/2018","competitorName":"Comfy","competitorId":65000001032,"depName":"Споживча електроніка","depId":61000060110,"branchName":"Відділ 310","article":31238876,"itemTitle":"Смартфон Huawei Y5 2017 Gold","price":"2999,00","isAvailable":true,"identity":true,"isPromo":false,"ginnerName":"Смартфон HUAWEI Y5 2017 (gold)"},{"monitoringDate":"15/05/2018","competitorName":"Comfy","competitorId":65000001032,"depName":"Споживча електроніка","depId":61000060110,"branchName":"Відділ 310","article":31238767,"itemTitle":"Смартфон Huawei Y5 2017 Gray","price":"2999,00","isAvailable":true,"identity":true,"isPromo":false,"ginnerName":"Смартфон HUAWEI Y5 2017 (grey)"},{"monitoringDate":"15/05/2018","competitorName":"Comfy","competitorId":65000001032,"depName":"Споживча електроніка","depId":61000060110,"branchName":"Відділ 310","article":31238738,"itemTitle":"Смартфон Huawei Y7 (TRT-LX1) Gray","price":"3999,00","isAvailable":true,"identity":true,"isPromo":true,"ginnerName":"Смартфон HUAWEI Y7 2017 (grey)"},{"monitoringDate":"15/05/2018","competitorName":"Comfy","competitorId":65000001032,"depName":"Споживча електроніка","depId":61000060110,"branchName":"Відділ 310","article":31238622,"itemTitle":"Смартфон Samsung A320F Galaxy A3 2017 Black Sky","price":"7999,00","isAvailable":false,"identity":true,"isPromo":false,"ginnerName":"Смартфон SAMSUNG SM-A320F Galaxy A3 (black)"},{"monitoringDate":"15/05/2018","competitorName":"Comfy","competitorId":65000001032,"depName":"Споживча електроніка","depId":61000060110,"branchName":"Відділ 310","article":31238626,"itemTitle":"Смартфон Samsung A520F Galaxy A5 2017 Black","price":"10499,00","isAvailable":true,"identity":true,"isPromo":false,"ginnerName":"Смартфон SAMSUNG SM-A520F Galaxy A5 (black)"},{"monitoringDate":"15/05/2018","competitorName":"Comfy","competitorId":65000001032,"depName":"Споживча електроніка","depId":61000060110,"branchName":"Відділ 310","article":31238624,"itemTitle":"Смартфон Samsung A520F Galaxy A5 2017 Gold Sand","price":"10499,00","isAvailable":true,"identity":true,"isPromo":false,"ginnerName":"Смартфон SAMSUNG SM-A520F Galaxy A5 (gold)"},{"monitoringDate":"15/05/2018","competitorName":"Comfy","competitorId":65000001032,"depName":"Споживча електроніка","depId":61000060110,"branchName":"Відділ 310","article":31238817,"itemTitle":"Смартфон Samsung A530F Galaxy A8 2018 Black","price":"13999,00","isAvailable":true,"identity":true,"isPromo":false,"ginnerName":"Смартфон SAMSUNG SM-A530F Galaxy A8 DS (black)"},{"monitoringDate":"15/05/2018","competitorName":"Comfy","competitorId":65000001032,"depName":"Споживча електроніка","depId":61000060110,"branchName":"Відділ 310","article":31238816,"itemTitle":"Смартфон Samsung A530F Galaxy A8 2018 Gold","price":"13999,00","isAvailable":true,"identity":true,"isPromo":false,"ginnerName":"Смартфон SAMSUNG SM-A530F Galaxy A8 DS (gold)"},{"monitoringDate":"15/05/2018","competitorName":"Comfy","competitorId":65000001032,"depName":"Споживча електроніка","depId":61000060110,"branchName":"Відділ 310","article":31238630,"itemTitle":"Смартфон Samsung A720F Galaxy A7 2017 Black Sky","price":"11499,00","isAvailable":true,"identity":true,"isPromo":false,"ginnerName":"Смартфон SAMSUNG SM-A720F Galaxy A7 (black)"},{"monitoringDate":"15/05/2018","competitorName":"Comfy","competitorId":65000001032,"depName":"Споживча електроніка","depId":61000060110,"branchName":"Відділ 310","article":31238628,"itemTitle":"Смартфон Samsung A720F Galaxy A7 2017 Gold Sand","price":"11499,00","isAvailable":true,"identity":true,"isPromo":false,"ginnerName":"Смартфон SAMSUNG SM-A720F Galaxy A7 (gold)"},{"monitoringDate":"15/05/2018","competitorName":"Comfy","competitorId":65000001032,"depName":"Споживча електроніка","depId":61000060110,"branchName":"Відділ 310","article":31238819,"itemTitle":"Смартфон Samsung A730F Galaxy A8+ 2018 Black","price":"14999,00","isAvailable":true,"identity":true,"isPromo":false,"ginnerName":"Смартфон SAMSUNG SM-A730F Galaxy A8 Plus DS (black)"},{"monitoringDate":"15/05/2018","competitorName":"Comfy","competitorId":65000001032,"depName":"Споживча електроніка","depId":61000060110,"branchName":"Відділ 310","article":31238818,"itemTitle":"Смартфон Samsung A730F Galaxy A8+ 2018 Gold","price":"14999,00","isAvailable":true,"identity":true,"isPromo":false,"ginnerName":"Смартфон SAMSUNG SM-A730F Galaxy A8 Plus DS (gold)"},{"monitoringDate":"15/05/2018","competitorName":"Comfy","competitorId":65000001032,"depName":"Споживча електроніка","depId":61000060110,"branchName":"Відділ 310","article":31238707,"itemTitle":"Смартфон Samsung G955 Galaxy S8+ 64Gb Orchid Gray","price":"25999,00","isAvailable":true,"identity":true,"isPromo":false,"ginnerName":"Смартфон SAMSUNG SM-G955F Galaxy S8 Plus 64 Gb (gray)"},{"monitoringDate":"15/05/2018","competitorName":"Comfy","competitorId":65000001032,"depName":"Споживча електроніка","depId":61000060110,"branchName":"Відділ 310","article":31238702,"itemTitle":"Смартфон Samsung G950 Galaxy S8 64Gb Maple Gold","price":"21999,00","isAvailable":true,"identity":true,"isPromo":false,"ginnerName":"Смартфон SAMSUNG SM-G950F Galaxy S8 64 Gb (gold)"},{"monitoringDate":"15/05/2018","competitorName":"Comfy","competitorId":65000001032,"depName":"Споживча електроніка","depId":61000060110,"branchName":"Відділ 310","article":31238703,"itemTitle":"Смартфон Samsung Galaxy S8 64Gb Midnight Black","price":"21999,00","isAvailable":true,"identity":true,"isPromo":false,"ginnerName":"Смартфон SAMSUNG SM-G950F Galaxy S8 64 Gb (black)"},{"monitoringDate":"15/05/2018","competitorName":"Comfy","competitorId":65000001032,"depName":"Споживча електроніка","depId":61000060110,"branchName":"Відділ 310","article":31238705,"itemTitle":"Смартфон Samsung Galaxy S8+ Maple Gold","price":"25999,00","isAvailable":true,"identity":true,"isPromo":false,"ginnerName":"Смартфон SAMSUNG SM-G955F Galaxy S8 Plus 64 Gb (gold)"},{"monitoringDate":"15/05/2018","competitorName":"Comfy","competitorId":65000001032,"depName":"Споживча електроніка","depId":61000060110,"branchName":"Відділ 310","article":31238706,"itemTitle":"Смартфон Samsung Galaxy S8+ Midnight Black","price":"25999,00","isAvailable":true,"identity":true,"isPromo":false,"ginnerName":"Смартфон SAMSUNG SM-G955F Galaxy S8 Plus 64 Gb (black)"},{"monitoringDate":"15/05/2018","competitorName":"Comfy","competitorId":65000001032,"depName":"Споживча електроніка","depId":61000060110,"branchName":"Відділ 310","article":31238444,"itemTitle":"Смартфон Samsung J105H Galaxy J1 Mini Black","price":"2099,00","isAvailable":true,"identity":true,"isPromo":false,"ginnerName":"Смартфон SAMSUNG SM-J105H Galaxy J1 mini (black)"},{"monitoringDate":"15/05/2018","competitorName":"Comfy","competitorId":65000001032,"depName":"Споживча електроніка","depId":61000060110,"branchName":"Відділ 310","article":31238443,"itemTitle":"Смартфон Samsung J105H Galaxy J1 Mini Gold","price":"2099,00","isAvailable":true,"identity":true,"isPromo":false,"ginnerName":"Смартфон SAMSUNG SM-J105H Galaxy J1 mini (gold)"},{"monitoringDate":"15/05/2018","competitorName":"Comfy","competitorId":65000001032,"depName":"Споживча електроніка","depId":61000060110,"branchName":"Відділ 310","article":31238458,"itemTitle":"Смартфон Samsung J120H/DS Black","price":"2499,00","isAvailable":true,"identity":true,"isPromo":false,"ginnerName":"Смартфон SAMSUNG SM-J510H Galaxy J5 (gold)"},{"monitoringDate":"15/05/2018","competitorName":"Comfy","competitorId":65000001032,"depName":"Споживча електроніка","depId":61000060110,"branchName":"Відділ 310","article":31238508,"itemTitle":"Смартфон Samsung J120H/DS Black","price":"2499,00","isAvailable":true,"identity":true,"isPromo":false,"ginnerName":"Смартфон SAMSUNG SM-J120H Galaxy J1 (gold)"},{"monitoringDate":"15/05/2018","competitorName":"Comfy","competitorId":65000001032,"depName":"Споживча електроніка","depId":61000060110,"branchName":"Відділ 310","article":31238459,"itemTitle":"Смартфон Samsung J120H/DS Gold","price":"2499,00","isAvailable":true,"identity":true,"isPromo":false,"ginnerName":"Смартфон SAMSUNG SM-J510H Galaxy J5 (black)"},{"monitoringDate":"15/05/2018","competitorName":"Comfy","competitorId":65000001032,"depName":"Споживча електроніка","depId":61000060110,"branchName":"Відділ 310","article":31238485,"itemTitle":"Смартфон Samsung J120H/DS Gold","price":"2499,00","isAvailable":true,"identity":true,"isPromo":false,"ginnerName":"Смартфон SAMSUNG SM-J120H Galaxy J1 (black)"},{"monitoringDate":"15/05/2018","competitorName":"Comfy","competitorId":65000001032,"depName":"Споживча електроніка","depId":61000060110,"branchName":"Відділ 310","article":31238453,"itemTitle":"Смартфон Samsung J320H/DS Galaxy J3 (2016) Black","price":"2699,00","isAvailable":true,"identity":true,"isPromo":false,"ginnerName":"Смартфон SAMSUNG SM-J320H Galaxy J3 (black)"},{"monitoringDate":"15/05/2018","competitorName":"Comfy","competitorId":65000001032,"depName":"Споживча електроніка","depId":61000060110,"branchName":"Відділ 310","article":31238454,"itemTitle":"Смартфон Samsung J320H/DS Galaxy J3 (2016) Gold","price":"2699,00","isAvailable":true,"identity":true,"isPromo":false,"ginnerName":"Смартфон SAMSUNG SM-J320H Galaxy J3 (gold)"},{"monitoringDate":"15/05/2018","competitorName":"Comfy","competitorId":65000001032,"depName":"Споживча електроніка","depId":61000060110,"branchName":"Відділ 310","article":31238734,"itemTitle":"Смартфон Samsung J530F Galaxy J5 2017 Black","price":"6799,00","isAvailable":true,"identity":true,"isPromo":false,"ginnerName":"Смартфон SAMSUNG SM-J530F Galaxy J5 (black)"},{"monitoringDate":"15/05/2018","competitorName":"Comfy","competitorId":65000001032,"depName":"Споживча електроніка","depId":61000060110,"branchName":"Відділ 310","article":31238733,"itemTitle":"Смартфон Samsung J530F Galaxy J5 2017 Gold","price":"6799,00","isAvailable":true,"identity":true,"isPromo":false,"ginnerName":"Смартфон SAMSUNG SM-J530F Galaxy J5 (gold)"},{"monitoringDate":"15/05/2018","competitorName":"Comfy","competitorId":65000001032,"depName":"Споживча електроніка","depId":61000060110,"branchName":"Відділ 310","article":31238911,"itemTitle":"Смартфон Samsung J701F Galaxy J7 Neo Black","price":"4799,00","isAvailable":true,"identity":true,"isPromo":false,"ginnerName":"Смартфон SAMSUNG SM-J701F Galaxy J7 Neo Duos ZKD (black)"},{"monitoringDate":"15/05/2018","competitorName":"Comfy","competitorId":65000001032,"depName":"Споживча електроніка","depId":61000060110,"branchName":"Відділ 310","article":31238912,"itemTitle":"Смартфон Samsung J701F Galaxy J7 Neo Gold","price":"4799,00","isAvailable":true,"identity":true,"isPromo":false,"ginnerName":"Смартфон SAMSUNG SM-J701F Galaxy J7 Neo Duos ZDD (gold)"},{"monitoringDate":"15/05/2018","competitorName":"Comfy","competitorId":65000001032,"depName":"Споживча електроніка","depId":61000060110,"branchName":"Відділ 310","article":31238913,"itemTitle":"Смартфон Samsung J701F Galaxy J7 Neo Silver","price":"4799,00","isAvailable":true,"identity":true,"isPromo":false,"ginnerName":"Смартфон SAMSUNG SM-J701F Galaxy J7 Neo Duos ZSD (silver)"},{"monitoringDate":"15/05/2018","competitorName":"Comfy","competitorId":65000001032,"depName":"Споживча електроніка","depId":61000060110,"branchName":"Відділ 310","article":31238524,"itemTitle":"Смартфон Samsung J710F/DS Galaxy J7 (2016) Black","price":"4999,00","isAvailable":true,"identity":true,"isPromo":false,"ginnerName":"Смартфон SAMSUNG SM-J710F Galaxy J7 (black)"},{"monitoringDate":"15/05/2018","competitorName":"Comfy","competitorId":65000001032,"depName":"Споживча електроніка","depId":61000060110,"branchName":"Відділ 310","article":31238526,"itemTitle":"Смартфон Samsung J710F/DS Galaxy J7 (2016) Gold","price":"4999,00","isAvailable":true,"identity":true,"isPromo":false,"ginnerName":"Смартфон SAMSUNG SM-J710F Galaxy J7 (gold)"},{"monitoringDate":"15/05/2018","competitorName":"Comfy","competitorId":65000001032,"depName":"Споживча електроніка","depId":61000060110,"branchName":"Відділ 310","article":31238735,"itemTitle":"Смартфон Samsung J730F Galaxy J7 2017 Black","price":"7999,00","isAvailable":true,"identity":true,"isPromo":false,"ginnerName":"Смартфон SAMSUNG SM-J730F Galaxy J7 (black)"},{"monitoringDate":"15/05/2018","competitorName":"Comfy","competitorId":65000001032,"depName":"Споживча електроніка","depId":61000060110,"branchName":"Відділ 310","article":31238758,"itemTitle":"Смартфон Samsung J730F Galaxy J7 2017 Gold","price":"7999,00","isAvailable":true,"identity":true,"isPromo":false,"ginnerName":"Смартфон SAMSUNG SM-J730F Galaxy J7 (gold)"},{"monitoringDate":"15/05/2018","competitorName":"Comfy","competitorId":65000001032,"depName":"Споживча електроніка","depId":61000060110,"branchName":"Відділ 310","article":31241553,"itemTitle":"Точка доступа Asus RP-N12","price":"769,00","isAvailable":true,"identity":true,"isPromo":false,"ginnerName":"Підсилювач безпровідний ASUS RP-N12 300Mbps"},{"monitoringDate":"15/05/2018","competitorName":"Comfy","competitorId":65000001032,"depName":"Споживча електроніка","depId":61000060110,"branchName":"Відділ 310","article":31241960,"itemTitle":"USB-адаптер сети WiFi Netis netw.a NETIS WF2180 AC600 Wireless Dual Band USB Adapter","price":"499,00","isAvailable":true,"identity":true,"isPromo":false,"ginnerName":"Адаптер-USB мережевий безпровідний NETIS WF2180 450Mbps, Dual band"},{"monitoringDate":"15/05/2018","competitorName":"Comfy","competitorId":65000001032,"depName":"Споживча електроніка","depId":61000060110,"branchName":"Відділ 310","article":31201558,"itemTitle":"Жесткий диск внешний Apacer AC233 1TB Black (AP1TBAC233B-S)","price":"1659,00","isAvailable":false,"identity":true,"isPromo":false,"ginnerName":"ЗЖД 3.0\" APACER AC233 1TB USB Black"}]