[{"monitoringDate":"22/05/2018","competitorName":"Comfy","competitorId":65000001032,"depName":"Зображення та звук","depId":65000003301,"branchName":"Відділ 310","article":31208046,"itemTitle":"Аудиомагнитофон Sony ZS-PS50","price":"2299,00","isAvailable":true,"identity":true,"isPromo":false,"ginnerName":"Магнітола Sony ZS-PS50"},{"monitoringDate":"22/05/2018","competitorName":"Comfy","competitorId":65000001032,"depName":"Зображення та звук","depId":65000003301,"branchName":"Відділ 310","article":31208047,"itemTitle":"Аудиомагнитофон Sony ZS-RS60BT","price":"2599,00","isAvailable":true,"identity":true,"isPromo":false,"ginnerName":"Магнітола Sony ZS-RS60BT"},{"monitoringDate":"22/05/2018","competitorName":"Comfy","competitorId":65000001032,"depName":"Зображення та звук","depId":65000003301,"branchName":"Відділ 310","article":31221123,"itemTitle":"Мини-система LG CM4360","price":"4199,00","isAvailable":false,"identity":true,"isPromo":false,"ginnerName":"Мiнiсистема CD LG CM4360"},{"monitoringDate":"22/05/2018","competitorName":"Comfy","competitorId":65000001032,"depName":"Зображення та звук","depId":65000003301,"branchName":"Відділ 310","article":31221122,"itemTitle":"Мини-система LG FH6","price":"11299,00","isAvailable":false,"identity":true,"isPromo":false,"ginnerName":"Аудіосистема LG FH6"},{"monitoringDate":"22/05/2018","competitorName":"Comfy","competitorId":65000001032,"depName":"Зображення та звук","depId":65000003301,"branchName":"Відділ 310","article":31221148,"itemTitle":"Мини-система LG OJ98","price":"16599,00","isAvailable":true,"identity":true,"isPromo":false,"ginnerName":"Мiнiсистема LG OJ98"},{"monitoringDate":"22/05/2018","competitorName":"Comfy","competitorId":65000001032,"depName":"Зображення та звук","depId":65000003301,"branchName":"Відділ 310","article":31221125,"itemTitle":"Мини-система LG OM4560","price":"6069,00","isAvailable":true,"identity":true,"isPromo":false,"ginnerName":"Мiнiсистема LG OM4560"},{"monitoringDate":"22/05/2018","competitorName":"Comfy","competitorId":65000001032,"depName":"Зображення та звук","depId":65000003301,"branchName":"Відділ 310","article":31221126,"itemTitle":"Мини-система LG OM6560","price":"8999,00","isAvailable":true,"identity":true,"isPromo":false,"ginnerName":"Минісистема LG OM6560"},{"monitoringDate":"22/05/2018","competitorName":"Comfy","competitorId":65000001032,"depName":"Зображення та звук","depId":65000003301,"branchName":"Відділ 310","article":31221076,"itemTitle":"Мини-система LG OM7560","price":"11999,00","isAvailable":true,"identity":true,"isPromo":false,"ginnerName":"Мінісистема LG OM7560"},{"monitoringDate":"22/05/2018","competitorName":"Comfy","competitorId":65000001032,"depName":"Зображення та звук","depId":65000003301,"branchName":"Відділ 310","article":31253775,"itemTitle":"Телевизор Ergo LE21CT5000AK","price":"3599,00","isAvailable":true,"identity":true,"isPromo":false,"ginnerName":"Телевізор  ERGO LE21CT5000AK"},{"monitoringDate":"22/05/2018","competitorName":"Comfy","competitorId":65000001032,"depName":"Зображення та звук","depId":65000003301,"branchName":"Відділ 310","article":31253778,"itemTitle":"Телевизор Ergo LE24CT4000AU","price":"2999,00","isAvailable":true,"identity":true,"isPromo":false,"ginnerName":"Телевізор  ERGO LE24CT4000AU"},{"monitoringDate":"22/05/2018","competitorName":"Comfy","competitorId":65000001032,"depName":"Зображення та звук","depId":65000003301,"branchName":"Відділ 310","article":31253777,"itemTitle":"Телевизор Ergo LE24CT5000AK","price":"3699,00","isAvailable":true,"identity":true,"isPromo":false,"ginnerName":"Телевізор  ERGO LE24CT5000AK"},{"monitoringDate":"22/05/2018","competitorName":"Comfy","competitorId":65000001032,"depName":"Зображення та звук","depId":65000003301,"branchName":"Відділ 310","article":31253781,"itemTitle":"Телевизор Ergo LE28CT5000AK","price":"4799,00","isAvailable":true,"identity":true,"isPromo":false,"ginnerName":"Телевізор  ERGO LE28CT5000AK"},{"monitoringDate":"22/05/2018","competitorName":"Comfy","competitorId":65000001032,"depName":"Зображення та звук","depId":65000003301,"branchName":"Відділ 310","article":31253849,"itemTitle":"Телевизор Hitachi 32HB4T01","price":"5899,00","isAvailable":true,"identity":true,"isPromo":false,"ginnerName":"Телевізор 32\" HITACHI 32HB4T01"},{"monitoringDate":"22/05/2018","competitorName":"Comfy","competitorId":65000001032,"depName":"Зображення та звук","depId":65000003301,"branchName":"Відділ 310","article":31253730,"itemTitle":"Телевизор Kivi 24HK20G Gray","price":"3599,00","isAvailable":true,"identity":true,"isPromo":false,"ginnerName":"Телевізор LED 24\" KIVI 24HK20G"},{"monitoringDate":"22/05/2018","competitorName":"Comfy","competitorId":65000001032,"depName":"Зображення та звук","depId":65000003301,"branchName":"Відділ 310","article":31253731,"itemTitle":"Телевизор Kivi 24HK30B Black","price":"4999,00","isAvailable":true,"identity":true,"isPromo":false,"ginnerName":"Телевізор LED 24\" KIVI 24HK30B "},{"monitoringDate":"22/05/2018","competitorName":"Comfy","competitorId":65000001032,"depName":"Зображення та звук","depId":65000003301,"branchName":"Відділ 310","article":31253844,"itemTitle":"Телевизор Kivi 32FK30G","price":"7999,00","isAvailable":true,"identity":true,"isPromo":false,"ginnerName":"Телевізор LED 32\" KIVI 32FK30G"},{"monitoringDate":"22/05/2018","competitorName":"Comfy","competitorId":65000001032,"depName":"Зображення та звук","depId":65000003301,"branchName":"Відділ 310","article":31253733,"itemTitle":"Телевизор Kivi 32HK30G Gray","price":"6499,00","isAvailable":true,"identity":true,"isPromo":false,"ginnerName":"Телевізор LED 32\" KIVI 32HK30G"},{"monitoringDate":"22/05/2018","competitorName":"Comfy","competitorId":65000001032,"depName":"Зображення та звук","depId":65000003301,"branchName":"Відділ 310","article":31253879,"itemTitle":"Телевизор Kivi 40FK20G","price":"7999,00","isAvailable":false,"identity":true,"isPromo":false,"ginnerName":"Телевізор LED 40\" KIVI 40FK20G"},{"monitoringDate":"22/05/2018","competitorName":"Comfy","competitorId":65000001032,"depName":"Зображення та звук","depId":65000003301,"branchName":"Відділ 310","article":31253734,"itemTitle":"Телевизор Kivi 40FK30G Gray","price":"10999,00","isAvailable":true,"identity":true,"isPromo":false,"ginnerName":"Телевізор LED 40\" KIVI 40FK30G"},{"monitoringDate":"22/05/2018","competitorName":"Comfy","competitorId":65000001032,"depName":"Зображення та звук","depId":65000003301,"branchName":"Відділ 310","article":31253735,"itemTitle":"Телевизор Kivi 43UK30G","price":"12999,00","isAvailable":true,"identity":true,"isPromo":true,"ginnerName":"Телевізор LED 43\" KIVI 43UK30G"},{"monitoringDate":"22/05/2018","competitorName":"Comfy","competitorId":65000001032,"depName":"Зображення та звук","depId":65000003301,"branchName":"Відділ 310","article":31253736,"itemTitle":"Телевизор Kivi 43UK32G","price":"13999,00","isAvailable":true,"identity":true,"isPromo":false,"ginnerName":"Телевізор LED 49\" KIVI 49UK30G"},{"monitoringDate":"22/05/2018","competitorName":"Comfy","competitorId":65000001032,"depName":"Зображення та звук","depId":65000003301,"branchName":"Відділ 310","article":31253845,"itemTitle":"Телевизор Kivi 50UK30G","price":"17599,00","isAvailable":true,"identity":true,"isPromo":false,"ginnerName":"Телевізор LED 50\" KIVI 50UK30G"},{"monitoringDate":"22/05/2018","competitorName":"Comfy","competitorId":65000001032,"depName":"Зображення та звук","depId":65000003301,"branchName":"Відділ 310","article":31253846,"itemTitle":"Телевизор Kivi 55UC30G","price":"23499,00","isAvailable":true,"identity":true,"isPromo":false,"ginnerName":"Телевізор LED 55\" KIVI 55UC30G"},{"monitoringDate":"22/05/2018","competitorName":"Comfy","competitorId":65000001032,"depName":"Зображення та звук","depId":65000003301,"branchName":"Відділ 310","article":31253737,"itemTitle":"Телевизор Kivi 55UK30G Gray","price":"20499,00","isAvailable":true,"identity":true,"isPromo":false,"ginnerName":"Телевізор LED 55\" KIVI 55UK30G"},{"monitoringDate":"22/05/2018","competitorName":"Comfy","competitorId":65000001032,"depName":"Зображення та звук","depId":65000003301,"branchName":"Відділ 310","article":31253738,"itemTitle":"Телевизор Kivi 65UK30G","price":"32999,00","isAvailable":true,"identity":true,"isPromo":false,"ginnerName":"Телевізор LED 65\" KIVI 65UK30G"},{"monitoringDate":"22/05/2018","competitorName":"Comfy","competitorId":65000001032,"depName":"Зображення та звук","depId":65000003301,"branchName":"Відділ 310","article":31253741,"itemTitle":"Телевизор LG 24MT49S-PZ","price":"6999,00","isAvailable":true,"identity":true,"isPromo":false,"ginnerName":"Телевизор LED 24\" LG 24MT49S-PZ"},{"monitoringDate":"22/05/2018","competitorName":"Comfy","competitorId":65000001032,"depName":"Зображення та звук","depId":65000003301,"branchName":"Відділ 310","article":31253725,"itemTitle":"Телевизор LG 28MT49S-PZ","price":"8999,00","isAvailable":true,"identity":true,"isPromo":false,"ginnerName":"Телевізор LED 28\" LG 28MT49S"},{"monitoringDate":"22/05/2018","competitorName":"Comfy","competitorId":65000001032,"depName":"Зображення та звук","depId":65000003301,"branchName":"Відділ 310","article":31253743,"itemTitle":"Телевизор LG 32LJ500V","price":"8499,00","isAvailable":true,"identity":true,"isPromo":true,"ginnerName":"Телевизор LED 32\" LG 32LJ500V"},{"monitoringDate":"22/05/2018","competitorName":"Comfy","competitorId":65000001032,"depName":"Зображення та звук","depId":65000003301,"branchName":"Відділ 310","article":31253742,"itemTitle":"Телевизор LG 32LJ510U","price":"7499,00","isAvailable":true,"identity":true,"isPromo":true,"ginnerName":"Телевизор LED 32\" LG 32LJ510U"},{"monitoringDate":"22/05/2018","competitorName":"Comfy","competitorId":65000001032,"depName":"Зображення та звук","depId":65000003301,"branchName":"Відділ 310","article":31253925,"itemTitle":"Телевизор LG 32LJ594U","price":"9199,00","isAvailable":true,"identity":true,"isPromo":true,"ginnerName":"Телевізор LED 32\" LG 32LJ594U"},{"monitoringDate":"22/05/2018","competitorName":"Comfy","competitorId":65000001032,"depName":"Зображення та звук","depId":65000003301,"branchName":"Відділ 310","article":31253726,"itemTitle":"Телевизор LG 32LJ600U","price":"9199,00","isAvailable":true,"identity":true,"isPromo":true,"ginnerName":"Телевізор LED 32\" LG 32LJ600U"},{"monitoringDate":"22/05/2018","competitorName":"Comfy","competitorId":65000001032,"depName":"Зображення та звук","depId":65000003301,"branchName":"Відділ 310","article":31253727,"itemTitle":"Телевизор LG 32LJ610V","price":"11499,00","isAvailable":true,"identity":true,"isPromo":true,"ginnerName":"Телевізор LED 32\" LG 32LJ610V"},{"monitoringDate":"22/05/2018","competitorName":"Comfy","competitorId":65000001032,"depName":"Зображення та звук","depId":65000003301,"branchName":"Відділ 310","article":31253744,"itemTitle":"Телевизор LG 43LJ510V","price":"11999,00","isAvailable":true,"identity":true,"isPromo":true,"ginnerName":"Телевизор LED 43\" LG 43LJ510V"},{"monitoringDate":"22/05/2018","competitorName":"Comfy","competitorId":65000001032,"depName":"Зображення та звук","depId":65000003301,"branchName":"Відділ 310","article":31253811,"itemTitle":"Телевизор LG 43LJ594V","price":"14999,00","isAvailable":true,"identity":true,"isPromo":true,"ginnerName":"Телевизор LED LG 43\" 43LJ594V "},{"monitoringDate":"22/05/2018","competitorName":"Comfy","competitorId":65000001032,"depName":"Зображення та звук","depId":65000003301,"branchName":"Відділ 310","article":31253728,"itemTitle":"Телевизор LG 43LJ622V","price":"15999,00","isAvailable":true,"identity":true,"isPromo":false,"ginnerName":"Телевізор LED 43\" LG 43LJ622V"},{"monitoringDate":"22/05/2018","competitorName":"Comfy","competitorId":65000001032,"depName":"Зображення та звук","depId":65000003301,"branchName":"Відділ 310","article":31253729,"itemTitle":"Телевизор LG 43UJ630V","price":"16999,00","isAvailable":true,"identity":true,"isPromo":true,"ginnerName":"Телевізор LED UHD 43\" LG 43UJ630V"},{"monitoringDate":"22/05/2018","competitorName":"Comfy","competitorId":65000001032,"depName":"Зображення та звук","depId":65000003301,"branchName":"Відділ 310","article":31253745,"itemTitle":"Телевизор LG 43UJ670V","price":"20499,00","isAvailable":true,"identity":true,"isPromo":true,"ginnerName":"Телевизор LED UHD 43\" LG 43UJ670V"},{"monitoringDate":"22/05/2018","competitorName":"Comfy","competitorId":65000001032,"depName":"Зображення та звук","depId":65000003301,"branchName":"Відділ 310","article":31253746,"itemTitle":"Телевизор LG 43UJ740V","price":"22999,00","isAvailable":true,"identity":true,"isPromo":true,"ginnerName":"Телевизор LED UHD 43\" LG 43UJ740V"},{"monitoringDate":"22/05/2018","competitorName":"Comfy","competitorId":65000001032,"depName":"Зображення та звук","depId":65000003301,"branchName":"Відділ 310","article":31253933,"itemTitle":"Телевизор LG 49LJ510V","price":"16999,00","isAvailable":true,"identity":true,"isPromo":false,"ginnerName":"Телевiзор LED LG 49\" 49LJ510V"},{"monitoringDate":"22/05/2018","competitorName":"Comfy","competitorId":65000001032,"depName":"Зображення та звук","depId":65000003301,"branchName":"Відділ 310","article":31253747,"itemTitle":"Телевизор LG 49LJ594V","price":"17999,00","isAvailable":true,"identity":true,"isPromo":false,"ginnerName":"Телевизор LED 49\" LG 49LJ594V"},{"monitoringDate":"22/05/2018","competitorName":"Comfy","competitorId":65000001032,"depName":"Зображення та звук","depId":65000003301,"branchName":"Відділ 310","article":31253750,"itemTitle":"Телевизор LG 49SJ810V","price":"36499,00","isAvailable":false,"identity":true,"isPromo":false,"ginnerName":"Телевизор LED UHD 49\" LG 49SJ810V"},{"monitoringDate":"22/05/2018","competitorName":"Comfy","competitorId":65000001032,"depName":"Зображення та звук","depId":65000003301,"branchName":"Відділ 310","article":31253748,"itemTitle":"Телевизор LG 49UJ630V","price":"21999,00","isAvailable":true,"identity":true,"isPromo":true,"ginnerName":"Телевизор LED UHD 49\" LG 49UJ630V"},{"monitoringDate":"22/05/2018","competitorName":"Comfy","competitorId":65000001032,"depName":"Зображення та звук","depId":65000003301,"branchName":"Відділ 310","article":31253749,"itemTitle":"Телевизор LG 49UJ670V","price":"23999,00","isAvailable":true,"identity":true,"isPromo":true,"ginnerName":"Телевизор LED UHD 49\" LG 49UJ670V"},{"monitoringDate":"22/05/2018","competitorName":"Comfy","competitorId":65000001032,"depName":"Зображення та звук","depId":65000003301,"branchName":"Відділ 310","article":31253754,"itemTitle":"Телевизор LG 55SJ930V","price":"44999,00","isAvailable":true,"identity":true,"isPromo":true,"ginnerName":"Телевизор LED UHD 55\" LG 55SJ930V"},{"monitoringDate":"22/05/2018","competitorName":"Comfy","competitorId":65000001032,"depName":"Зображення та звук","depId":65000003301,"branchName":"Відділ 310","article":31253751,"itemTitle":"Телевизор LG 55UJ630V","price":"26999,00","isAvailable":true,"identity":true,"isPromo":true,"ginnerName":"Телевизор LED UHD 55\" LG 55UJ630V"},{"monitoringDate":"22/05/2018","competitorName":"Comfy","competitorId":65000001032,"depName":"Зображення та звук","depId":65000003301,"branchName":"Відділ 310","article":31253752,"itemTitle":"Телевизор LG 55UJ670V","price":"29999,00","isAvailable":true,"identity":true,"isPromo":true,"ginnerName":"Телевизор LED UHD 55\" LG 55UJ670V"},{"monitoringDate":"22/05/2018","competitorName":"Comfy","competitorId":65000001032,"depName":"Зображення та звук","depId":65000003301,"branchName":"Відділ 310","article":31253753,"itemTitle":"Телевизор LG 55UJ740V","price":"31999,00","isAvailable":true,"identity":true,"isPromo":true,"ginnerName":"Телевизор LED UHD 55\" LG 55UJ740V"},{"monitoringDate":"22/05/2018","competitorName":"Comfy","competitorId":65000001032,"depName":"Зображення та звук","depId":65000003301,"branchName":"Відділ 310","article":31253755,"itemTitle":"Телевизор LG 60UJ634V","price":"34999,00","isAvailable":true,"identity":true,"isPromo":false,"ginnerName":"Телевизор LED UHD 60\" LG 60UJ634V"},{"monitoringDate":"22/05/2018","competitorName":"Comfy","competitorId":65000001032,"depName":"Зображення та звук","depId":65000003301,"branchName":"Відділ 310","article":31253887,"itemTitle":"Телевизор LG OLED55B7V","price":"59999,00","isAvailable":true,"identity":true,"isPromo":true,"ginnerName":"Телевiзор OLED UHD 55\" LG OLED55B7V"},{"monitoringDate":"22/05/2018","competitorName":"Comfy","competitorId":65000001032,"depName":"Зображення та звук","depId":65000003301,"branchName":"Відділ 310","article":31253675,"itemTitle":"Телевизор Philips 24PHS4032/12","price":"5529,00","isAvailable":true,"identity":true,"isPromo":false,"ginnerName":"Телевізор 24\" PHILIPS 24PHS4032/12"},{"monitoringDate":"22/05/2018","competitorName":"Comfy","competitorId":65000001032,"depName":"Зображення та звук","depId":65000003301,"branchName":"Відділ 310","article":31253740,"itemTitle":"Телевизор Philips 32PFS5362/12","price":"10499,00","isAvailable":true,"identity":true,"isPromo":false,"ginnerName":"Телевізор 32\" PHILIPS 32PFS5362/12"},{"monitoringDate":"22/05/2018","competitorName":"Comfy","competitorId":65000001032,"depName":"Зображення та звук","depId":65000003301,"branchName":"Відділ 310","article":31253841,"itemTitle":"Телевизор Philips 32PHS4012/12","price":"6999,00","isAvailable":true,"identity":true,"isPromo":false,"ginnerName":"Телевізор 32\" PHILIPS 32PHS4012/12"},{"monitoringDate":"22/05/2018","competitorName":"Comfy","competitorId":65000001032,"depName":"Зображення та звук","depId":65000003301,"branchName":"Відділ 310","article":31253714,"itemTitle":"Телевизор Philips 32PHT4032/12","price":"7599,00","isAvailable":true,"identity":true,"isPromo":false,"ginnerName":"Телевізор PHILIPS 32PHT4032/12"},{"monitoringDate":"22/05/2018","competitorName":"Comfy","competitorId":65000001032,"depName":"Зображення та звук","depId":65000003301,"branchName":"Відділ 310","article":31253523,"itemTitle":"Телевизор Philips 43PUS6501/12","price":"24999,00","isAvailable":true,"identity":true,"isPromo":false,"ginnerName":"Телевізор 43\" PHILIPS 43PUS6501/12"},{"monitoringDate":"22/05/2018","competitorName":"Comfy","competitorId":65000001032,"depName":"Зображення та звук","depId":65000003301,"branchName":"Відділ 310","article":31253823,"itemTitle":"Телевизор Philips 49PFS4132/12","price":"13999,00","isAvailable":true,"identity":true,"isPromo":false,"ginnerName":"Телевізор 49\" PHILIPS 49PFS4132/12"},{"monitoringDate":"22/05/2018","competitorName":"Comfy","competitorId":65000001032,"depName":"Зображення та звук","depId":65000003301,"branchName":"Відділ 310","article":31253820,"itemTitle":"Телевизор Philips 49PUS6482/12","price":"28499,00","isAvailable":false,"identity":true,"isPromo":false,"ginnerName":"Телевізор 49\" PHILIPS 49PUS6482/12"},{"monitoringDate":"22/05/2018","competitorName":"Comfy","competitorId":65000001032,"depName":"Зображення та звук","depId":65000003301,"branchName":"Відділ 310","article":31253878,"itemTitle":"Телевизор 86'' LG 86SJ957V","price":"209999,00","isAvailable":true,"identity":true,"isPromo":true,"ginnerName":"Телевiзор LED UHD LG 86\" 86SJ957V"},{"monitoringDate":"22/05/2018","competitorName":"Comfy","competitorId":65000001032,"depName":"Зображення та звук","depId":65000003301,"branchName":"Відділ 310","article":31205783,"itemTitle":"Телевизор Samsung UE22H5600AKXUA","price":"6599,00","isAvailable":true,"identity":true,"isPromo":false,"ginnerName":"Телевізор LED 22\" SAMSUNG UE22H5600"},{"monitoringDate":"22/05/2018","competitorName":"Comfy","competitorId":65000001032,"depName":"Зображення та звук","depId":65000003301,"branchName":"Відділ 310","article":31205784,"itemTitle":"Телевизор Samsung UE22H5610AKXUA","price":"6799,00","isAvailable":true,"identity":true,"isPromo":false,"ginnerName":"Телевізор LED 22\" SAMSUNG UE22H5610"},{"monitoringDate":"22/05/2018","competitorName":"Comfy","competitorId":65000001032,"depName":"Зображення та звук","depId":65000003301,"branchName":"Відділ 310","article":31253682,"itemTitle":"Телевизор Samsung QE55Q7FAMUXUA","price":"58399,00","isAvailable":true,"identity":true,"isPromo":true,"ginnerName":"Телевізор 55\" SAMSUNG QE55Q7FAMUXUA"},{"monitoringDate":"22/05/2018","competitorName":"Comfy","competitorId":65000001032,"depName":"Зображення та звук","depId":65000003301,"branchName":"Відділ 310","article":31253683,"itemTitle":"Телевизор Samsung QE55Q8CAMUXUA","price":"84999,00","isAvailable":true,"identity":true,"isPromo":false,"ginnerName":"Телевізор 55\" SAMSUNG QE55Q8CAMUXUA"},{"monitoringDate":"22/05/2018","competitorName":"Comfy","competitorId":65000001032,"depName":"Зображення та звук","depId":65000003301,"branchName":"Відділ 310","article":31253016,"itemTitle":"Телевизор Samsung UE32J5200AKXUA","price":"10699,00","isAvailable":true,"identity":true,"isPromo":false,"ginnerName":"Телевізор LED 32\" SAMSUNG UE32J5200"},{"monitoringDate":"22/05/2018","competitorName":"Comfy","competitorId":65000001032,"depName":"Зображення та звук","depId":65000003301,"branchName":"Відділ 310","article":31253718,"itemTitle":"Телевизор Samsung UE32M5000AKXUA","price":"8499,00","isAvailable":true,"identity":true,"isPromo":false,"ginnerName":"Телевізор 32\" Samsung UE32M5000AKXUA"},{"monitoringDate":"22/05/2018","competitorName":"Comfy","competitorId":65000001032,"depName":"Зображення та звук","depId":65000003301,"branchName":"Відділ 310","article":31253674,"itemTitle":"Телевизор Samsung UE32M5500AUXUA","price":"13999,00","isAvailable":true,"identity":true,"isPromo":false,"ginnerName":"Телевізор 32\" Samsung UE32M5500AUXUA"},{"monitoringDate":"22/05/2018","competitorName":"Comfy","competitorId":65000001032,"depName":"Зображення та звук","depId":65000003301,"branchName":"Відділ 310","article":31253673,"itemTitle":"Телевизор Samsung UE40MU6100UXUA","price":"19499,00","isAvailable":true,"identity":true,"isPromo":true,"ginnerName":"Телевізор 40\" Samsung UE40MU6100UXUA"},{"monitoringDate":"22/05/2018","competitorName":"Comfy","competitorId":65000001032,"depName":"Зображення та звук","depId":65000003301,"branchName":"Відділ 310","article":31253678,"itemTitle":"Телевизор Samsung UE40MU6400UXUA","price":"23999,00","isAvailable":true,"identity":true,"isPromo":false,"ginnerName":"Телевізор SAMSUNG UE40MU6400UXUA"},{"monitoringDate":"22/05/2018","competitorName":"Comfy","competitorId":65000001032,"depName":"Зображення та звук","depId":65000003301,"branchName":"Відділ 310","article":31253711,"itemTitle":"Телевизор Samsung UE49M5510AUXUA","price":"23799,00","isAvailable":true,"identity":true,"isPromo":false,"ginnerName":"Телевізор 49\" Samsung UE49M5510AUXUA"},{"monitoringDate":"22/05/2018","competitorName":"Comfy","competitorId":65000001032,"depName":"Зображення та звук","depId":65000003301,"branchName":"Відділ 310","article":31253677,"itemTitle":"Телевизор Samsung UE49MU6400UXUA","price":"30999,00","isAvailable":true,"identity":true,"isPromo":true,"ginnerName":"Телевізор 49\" Samsung UE49MU6400UXUA"},{"monitoringDate":"22/05/2018","competitorName":"Comfy","competitorId":65000001032,"depName":"Зображення та звук","depId":65000003301,"branchName":"Відділ 310","article":31253712,"itemTitle":"Телевизор Samsung UE55MU6100UXUA","price":"31999,00","isAvailable":true,"identity":true,"isPromo":false,"ginnerName":"Телевізор 55\" Samsung UE55MU6100UXUA"},{"monitoringDate":"22/05/2018","competitorName":"Comfy","competitorId":65000001032,"depName":"Зображення та звук","depId":65000003301,"branchName":"Відділ 310","article":31253679,"itemTitle":"Телевизор Samsung UE55MU6400UXUA","price":"37399,00","isAvailable":true,"identity":true,"isPromo":false,"ginnerName":"Телевізор SAMSUNG UE55MU6400UXUA"},{"monitoringDate":"22/05/2018","competitorName":"Comfy","competitorId":65000001032,"depName":"Зображення та звук","depId":65000003301,"branchName":"Відділ 310","article":31253717,"itemTitle":"Телевизор Samsung UE55MU6500UXUA","price":"40999,00","isAvailable":false,"identity":true,"isPromo":false,"ginnerName":"Телевізор 55\" Samsung UE55MU6500UXUA"},{"monitoringDate":"22/05/2018","competitorName":"Comfy","competitorId":65000001032,"depName":"Зображення та звук","depId":65000003301,"branchName":"Відділ 310","article":31253722,"itemTitle":"Телевизор Samsung UE65MU7000UXUA","price":"65364,00","isAvailable":false,"identity":true,"isPromo":true,"ginnerName":"Телевізор 65\" Samsung UE65MU7000UXUA"},{"monitoringDate":"22/05/2018","competitorName":"Comfy","competitorId":65000001032,"depName":"Зображення та звук","depId":65000003301,"branchName":"Відділ 310","article":31253802,"itemTitle":"Телевизор Samsung UE75MU7000UXUA","price":"115499,00","isAvailable":true,"identity":true,"isPromo":true,"ginnerName":"Телевізор 75\" Samsung UE75MU7000UXUA"},{"monitoringDate":"22/05/2018","competitorName":"Comfy","competitorId":65000001032,"depName":"Зображення та звук","depId":65000003301,"branchName":"Відділ 310","article":31253797,"itemTitle":"Телевизор Sony KD43XE7005BR","price":"19999,00","isAvailable":true,"identity":true,"isPromo":true,"ginnerName":"Телевiзор 43\" Sony KD43XE7005BR"},{"monitoringDate":"22/05/2018","competitorName":"Comfy","competitorId":65000001032,"depName":"Зображення та звук","depId":65000003301,"branchName":"Відділ 310","article":31253691,"itemTitle":"Телевизор Sony KD43XE8096BR2","price":"32999,00","isAvailable":true,"identity":true,"isPromo":false,"ginnerName":"Телевiзор 43\" Sony KD43XE8096BR2"},{"monitoringDate":"22/05/2018","competitorName":"Comfy","competitorId":65000001032,"depName":"Зображення та звук","depId":65000003301,"branchName":"Відділ 310","article":31253798,"itemTitle":"Телевизор Sony KD49XE7005BR2","price":"26999,00","isAvailable":true,"identity":true,"isPromo":true,"ginnerName":"Телевiзор 49\" Sony KD49XE7005BR2"},{"monitoringDate":"22/05/2018","competitorName":"Comfy","competitorId":65000001032,"depName":"Зображення та звук","depId":65000003301,"branchName":"Відділ 310","article":31253883,"itemTitle":"Телевизор Sony KD49XE8096BR2","price":"39999,00","isAvailable":true,"identity":true,"isPromo":false,"ginnerName":"Телевiзор 49\" Sony KD49XE8096BR2"},{"monitoringDate":"22/05/2018","competitorName":"Comfy","competitorId":65000001032,"depName":"Зображення та звук","depId":65000003301,"branchName":"Відділ 310","article":31253799,"itemTitle":"Телевизор Sony KD55XE7005BR2","price":"31999,00","isAvailable":true,"identity":true,"isPromo":true,"ginnerName":"Телевiзор 55\" Sony KD55XE7005BR2"},{"monitoringDate":"22/05/2018","competitorName":"Comfy","competitorId":65000001032,"depName":"Зображення та звук","depId":65000003301,"branchName":"Відділ 310","article":31253690,"itemTitle":"Телевизор Sony KD55XE8096BR2","price":"45999,00","isAvailable":true,"identity":true,"isPromo":false,"ginnerName":"Телевiзор 55\" Sony KD55XE8096BR2"},{"monitoringDate":"22/05/2018","competitorName":"Comfy","competitorId":65000001032,"depName":"Зображення та звук","depId":65000003301,"branchName":"Відділ 310","article":31256006,"itemTitle":"Звуковой проектор LG SJ3","price":"7599,00","isAvailable":true,"identity":true,"isPromo":false,"ginnerName":"Саундбар LG SJ3"},{"monitoringDate":"22/05/2018","competitorName":"Comfy","competitorId":65000001032,"depName":"Зображення та звук","depId":65000003301,"branchName":"Відділ 310","article":31256005,"itemTitle":"Звуковой проектор LG SJ5B","price":"8799,00","isAvailable":true,"identity":true,"isPromo":false,"ginnerName":"Саундбар LG SJ5B"},{"monitoringDate":"22/05/2018","competitorName":"Comfy","competitorId":65000001032,"depName":"Зображення та звук","depId":65000003301,"branchName":"Відділ 310","article":31253759,"itemTitle":"Телевизор Toshiba 39S2750EV","price":"7969,00","isAvailable":true,"identity":true,"isPromo":false,"ginnerName":"Телевізор 39\" TOSHIBA 39S2750EV"},{"monitoringDate":"22/05/2018","competitorName":"Comfy","competitorId":65000001032,"depName":"Зображення та звук","depId":65000003301,"branchName":"Відділ 310","article":31253793,"itemTitle":"Телевизор Sony KDL32RE303BR","price":"7999,00","isAvailable":true,"identity":true,"isPromo":false,"ginnerName":"Телевiзор 32\" Sony KDL32RE303BR"},{"monitoringDate":"22/05/2018","competitorName":"Comfy","competitorId":65000001032,"depName":"Зображення та звук","depId":65000003301,"branchName":"Відділ 310","article":31253795,"itemTitle":"Телевизор Sony KDL40RE453BR","price":"12999,00","isAvailable":true,"identity":true,"isPromo":false,"ginnerName":"Телевiзор 40\" Sony KDL40RE453BR"},{"monitoringDate":"22/05/2018","competitorName":"Comfy","competitorId":65000001032,"depName":"Зображення та звук","depId":65000003301,"branchName":"Відділ 310","article":31253796,"itemTitle":"Телевизор Sony KDL43WE754BR","price":"18999,00","isAvailable":true,"identity":true,"isPromo":true,"ginnerName":"Телевiзор 43\" Sony KDL43WE754BR"},{"monitoringDate":"22/05/2018","competitorName":"Comfy","competitorId":65000001032,"depName":"Зображення та звук","depId":65000003301,"branchName":"Відділ 310","article":31253794,"itemTitle":"Телевизор Sony KDL32WD752SR2","price":"13499,00","isAvailable":true,"identity":true,"isPromo":false,"ginnerName":"Телевiзор 32\" Sony KDL32WD752SR2 LED FHD Smart"},{"monitoringDate":"22/05/2018","competitorName":"Comfy","competitorId":65000001032,"depName":"Зображення та звук","depId":65000003301,"branchName":"Відділ 310","article":31253885,"itemTitle":"Телевизор Sony KD55XE9005BR2","price":"54999,00","isAvailable":true,"identity":true,"isPromo":true,"ginnerName":"Телевiзор 55\" Sony KD55XE9005BR2"},{"monitoringDate":"22/05/2018","competitorName":"Comfy","competitorId":65000001032,"depName":"Зображення та звук","depId":65000003301,"branchName":"Відділ 310","article":31253889,"itemTitle":"Телевизор Sony KD65A1BR2","price":"199999,00","isAvailable":true,"identity":true,"isPromo":false,"ginnerName":"Телевiзор 65\" Sony KD65A1BR2"}]
