[{"monitoringDate":"24/04/2018","competitorName":"Stroytech (Будпостач)","competitorId":20,"depName":"Витратні матеріали ","depId":65000002312,"branchName":"Відділ 20","article":20409246,"itemTitle":"Forte RH-10N NEW Шланг","price":"277,00","isAvailable":true,"identity":true,"isPromo":true,"ginnerName":"Шланг RH-10N FORTE гумовий, дам.8х15мм,макс.роб.тиск16бар,10м з перехідниками "},{"monitoringDate":"24/04/2018","competitorName":"Stroytech (Будпостач)","competitorId":20,"depName":"Витратні матеріали ","depId":65000002312,"branchName":"Відділ 20","article":20409247,"itemTitle":"Forte RH-20N NEW Шланг","price":"489,00","isAvailable":true,"identity":true,"isPromo":true,"ginnerName":"Шланг RH-20N FORTE гумовий, дам.8х15мм,макс.роб.тиск16бар,20м з перехідниками "},{"monitoringDate":"24/04/2018","competitorName":"Stroytech (Будпостач)","competitorId":20,"depName":"Витратні матеріали ","depId":65000002312,"branchName":"Відділ 20","article":20409248,"itemTitle":"Forte SHC-10NPU NEW Шланг","price":"234,00","isAvailable":true,"identity":true,"isPromo":true,"ginnerName":"Шланг SHC-10NPU FORTE спіральний, поліуретановий, роб.тиск10бар,6.5х10мм,10м з перехідниками "},{"monitoringDate":"24/04/2018","competitorName":"Stroytech (Будпостач)","competitorId":20,"depName":"Витратні матеріали ","depId":65000002312,"branchName":"Відділ 20","article":20205122,"itemTitle":"Forte PTIG-6340 Пневмопистолет (манометр)","price":"211,00","isAvailable":true,"identity":true,"isPromo":true,"ginnerName":"Пневмопістолет PTIG-6340 FORTE професійний: діам.манометра 63мм,шкала 0-12бар,раб.діапазон 1-10бар,"},{"monitoringDate":"24/04/2018","competitorName":"Stroytech (Будпостач)","competitorId":20,"depName":"Витратні матеріали ","depId":65000002312,"branchName":"Відділ 20","article":20401320,"itemTitle":"Haisser Набор бит 10 шт","price":"94,00","isAvailable":true,"identity":true,"isPromo":false,"ginnerName":"Біта P2Zx25  Haisser  702502Z  10 шт."},{"monitoringDate":"24/04/2018","competitorName":"Stroytech (Будпостач)","competitorId":20,"depName":"Витратні матеріали ","depId":65000002312,"branchName":"Відділ 20","article":20401317,"itemTitle":"Haisser Набор бит 5 шт","price":"94,00","isAvailable":true,"identity":true,"isPromo":false,"ginnerName":"Біта PH2x50  Haisser  755002P  5 шт"},{"monitoringDate":"24/04/2018","competitorName":"Stroytech (Будпостач)","competitorId":20,"depName":"Витратні матеріали ","depId":65000002312,"branchName":"Відділ 20","article":20508374,"itemTitle":"HAISSER Набор пильных полотен 2шт","price":"24,00","isAvailable":true,"identity":true,"isPromo":false,"ginnerName":"Пилочне полотно HAISSER Т 244 D - н-р 2 шт, 75 мм, м\"яка деревина (5-50мм), ДСП, ДВП, столярна плита"},{"monitoringDate":"24/04/2018","competitorName":"Stroytech (Будпостач)","competitorId":20,"depName":"Витратні матеріали ","depId":65000002312,"branchName":"Відділ 20","article":20508266,"itemTitle":"HAISSER Набор пильных полотен 5шт","price":"83,00","isAvailable":true,"identity":true,"isPromo":false,"ginnerName":"Пилки для лобзика 5 шт T101 BR HAISSER дерево, ДСП, ДВП, фанера, прямий та чистий різ"},{"monitoringDate":"24/04/2018","competitorName":"Stroytech (Будпостач)","competitorId":20,"depName":"Витратні матеріали ","depId":65000002312,"branchName":"Відділ 20","article":20502798,"itemTitle":"Круг отрезной ЗАК 125х1.2х22.23 мм","price":"12,00","isAvailable":true,"identity":true,"isPromo":false,"ginnerName":"Круг відрізний 14А 125x1,2x22,23 ЗАК ІБ"},{"monitoringDate":"24/04/2018","competitorName":"Stroytech (Будпостач)","competitorId":20,"depName":"Витратні матеріали ","depId":65000002312,"branchName":"Відділ 20","article":20502799,"itemTitle":"Круг отрезной ЗАК 125х1.6х22.23 мм","price":"13,00","isAvailable":true,"identity":true,"isPromo":false,"ginnerName":"Круг відрізний 14А 125x1,6x22,23 ЗАК ІБ"},{"monitoringDate":"24/04/2018","competitorName":"Stroytech (Будпостач)","competitorId":20,"depName":"Витратні матеріали ","depId":65000002312,"branchName":"Відділ 20","article":20509195,"itemTitle":"Монолит Стандарт РЦ Сварочные электроды д. 4 мм (5 кг)","price":"224,00","isAvailable":true,"identity":true,"isPromo":true,"ginnerName":"Електроди Монолит РЦ, 4 мм 5 кг Монолит "},{"monitoringDate":"24/04/2018","competitorName":"Stroytech (Будпостач)","competitorId":20,"depName":"Витратні матеріали ","depId":65000002312,"branchName":"Відділ 20","article":20205028,"itemTitle":"Forte TIG-6316 Пневмопистолет (манометр)","price":"160,00","isAvailable":true,"identity":true,"isPromo":true,"ginnerName":"Пневмопістолет TIG-6316 FORTE манометр: тиск 1-6 Bar, манометр 63мм в блістері"},{"monitoringDate":"24/04/2018","competitorName":"Stroytech (Будпостач)","competitorId":20,"depName":"Витратні матеріали ","depId":65000002312,"branchName":"Відділ 20","article":20205051,"itemTitle":"Forte AG-16KIT Пневмопистолет","price":"97,00","isAvailable":true,"identity":true,"isPromo":true,"ginnerName":"Пневмопістолет  AG-16KIT FORTE повітр. пістолет  AG-16 з набором сопел в блістері "},{"monitoringDate":"24/04/2018","competitorName":"Stroytech (Будпостач)","competitorId":20,"depName":"Витратні матеріали ","depId":65000002312,"branchName":"Відділ 20","article":20205022,"itemTitle":"Forte AG-16 Пневмопистолет","price":"62,00","isAvailable":true,"identity":true,"isPromo":true,"ginnerName":"Пневмопістолет AG-16 FORTE повітряний: тиск 1-6 Bar, вхід 1/4 у блістері"},{"monitoringDate":"24/04/2018","competitorName":"Stroytech (Будпостач)","competitorId":20,"depName":"Витратні матеріали ","depId":65000002312,"branchName":"Відділ 20","article":20204014,"itemTitle":"Forte DG-2236 Пневмошлифмашина","price":"387,00","isAvailable":true,"identity":true,"isPromo":true,"ginnerName":"Пряма шліфмашина DG-2236 FORTE 22000 об/хв, цанга: 3,6мм, 143 л/хв у валізі з аксесуарами"},{"monitoringDate":"24/04/2018","competitorName":"Stroytech (Будпостач)","competitorId":20,"depName":"Витратні матеріали ","depId":65000002312,"branchName":"Відділ 20","article":20409254,"itemTitle":"Werk AH-20NPE NEW Шланг","price":"141,00","isAvailable":true,"identity":true,"isPromo":true,"ginnerName":"Шланг AH-20NPE WERK спіральний,нейлоновий, дiам. 5.5х8мм,роб. тиск 8бар,20м, з перехідниками "},{"monitoringDate":"24/04/2018","competitorName":"Stroytech (Будпостач)","competitorId":20,"depName":"Витратні матеріали ","depId":65000002312,"branchName":"Відділ 20","article":20409255,"itemTitle":"Werk AH-5NPE NEW Шланг","price":"86,00","isAvailable":true,"identity":true,"isPromo":true,"ginnerName":"Шланг AH-5NPE WERK спіральний,нейлоновий, дiам. 5.5х8мм,роб. тиск 8 бар, 5м. з перехідниками "}]
