[{"monitoringDate":"15/05/2018","competitorName":"Comfy","competitorId":65000001032,"depName":"Велика побутова техніка","depId":61000060108,"branchName":"Відділ 310","article":31020035,"itemTitle":"Духовой шкаф газовый Kaiser EG6345Em","price":"22791,00","isAvailable":true,"identity":true,"isPromo":false,"ginnerName":"Шафа вбуд. газ. Kaiser EG 6345 Em"},{"monitoringDate":"15/05/2018","competitorName":"Comfy","competitorId":65000001032,"depName":"Велика побутова техніка","depId":61000060108,"branchName":"Відділ 310","article":31002755,"itemTitle":"Духовой шкаф электрический Candy FCP502N","price":"5299,00","isAvailable":true,"identity":true,"isPromo":false,"ginnerName":"Шафа вбуд.електр. CANDY FCP 502 N"},{"monitoringDate":"15/05/2018","competitorName":"Comfy","competitorId":65000001032,"depName":"Велика побутова техніка","depId":61000060108,"branchName":"Відділ 310","article":31002742,"itemTitle":"Духовой шкаф электрический Candy FCP502W","price":"5299,00","isAvailable":true,"identity":true,"isPromo":false,"ginnerName":"Шафа вбуд.електр. CANDY FCP 502 W"},{"monitoringDate":"15/05/2018","competitorName":"Comfy","competitorId":65000001032,"depName":"Велика побутова техніка","depId":61000060108,"branchName":"Відділ 310","article":31002756,"itemTitle":"Духовой шкаф электрический Candy FCP502X","price":"5199,00","isAvailable":true,"identity":true,"isPromo":false,"ginnerName":"Шафа вбуд.електр. CANDY FCS 602 X"},{"monitoringDate":"15/05/2018","competitorName":"Comfy","competitorId":65000001032,"depName":"Велика побутова техніка","depId":61000060108,"branchName":"Відділ 310","article":31041326,"itemTitle":"Духовой шкаф электрический Electrolux EOA93434AX","price":"11699,00","isAvailable":true,"identity":true,"isPromo":false,"ginnerName":"Шафа вбуд. електр. ELECTROLUX EOB93434AX"},{"monitoringDate":"15/05/2018","competitorName":"Comfy","competitorId":65000001032,"depName":"Велика побутова техніка","depId":61000060108,"branchName":"Відділ 310","article":31002685,"itemTitle":"Духовой шкаф электрический Electrolux OPEA7553X","price":"17469,00","isAvailable":true,"identity":true,"isPromo":false,"ginnerName":"Шафа вбуд. електр. ELECTROLUX OPEA7553X"},{"monitoringDate":"15/05/2018","competitorName":"Comfy","competitorId":65000001032,"depName":"Велика побутова техніка","depId":61000060108,"branchName":"Відділ 310","article":31004807,"itemTitle":"Духовой шкаф электрический Electrolux OPEC6631X","price":"28499,00","isAvailable":true,"identity":true,"isPromo":false,"ginnerName":"Шафа вбуд. електр. ELECTROLUX OPEC6631X"},{"monitoringDate":"15/05/2018","competitorName":"Comfy","competitorId":65000001032,"depName":"Велика побутова техніка","depId":61000060108,"branchName":"Відділ 310","article":31002690,"itemTitle":"Духовой шкаф электрический Gorenje BO 625 E10BG","price":"6399,00","isAvailable":true,"identity":true,"isPromo":false,"ginnerName":"Шафа вбуд.електр. Gorenje BO 625 E10BG"},{"monitoringDate":"15/05/2018","competitorName":"Comfy","competitorId":65000001032,"depName":"Велика побутова техніка","depId":61000060108,"branchName":"Відділ 310","article":31002691,"itemTitle":"Духовой шкаф электрический Gorenje BO625E10WG","price":"6799,00","isAvailable":true,"identity":true,"isPromo":false,"ginnerName":"Шафа вбуд.електр. Gorenje BO 625 E10WG"},{"monitoringDate":"15/05/2018","competitorName":"Comfy","competitorId":65000001032,"depName":"Велика побутова техніка","depId":61000060108,"branchName":"Відділ 310","article":31004859,"itemTitle":"Духовой шкаф электрический Hotpoint-Ariston FI7 861 SH BL HA","price":"11099,00","isAvailable":true,"identity":true,"isPromo":false,"ginnerName":"Шафа вбуд. електр. Hotpoint-Ariston FI7 861 SH BL HA"},{"monitoringDate":"15/05/2018","competitorName":"Comfy","competitorId":65000001032,"depName":"Велика побутова техніка","depId":61000060108,"branchName":"Відділ 310","article":31004879,"itemTitle":"Духовой шкаф электрический Interline HK 480 BK","price":"6469,00","isAvailable":true,"identity":true,"isPromo":false,"ginnerName":"Шафа вбуд.електр. INTERLINE HK 480 BK"},{"monitoringDate":"15/05/2018","competitorName":"Comfy","competitorId":65000001032,"depName":"Велика побутова техніка","depId":61000060108,"branchName":"Відділ 310","article":31004686,"itemTitle":"Духовой шкаф электрический Interline HQ 885 BK/2","price":"6785,00","isAvailable":true,"identity":true,"isPromo":false,"ginnerName":"Шафа вбуд. електр. INTERLINE HQ 885 BK/2"},{"monitoringDate":"15/05/2018","competitorName":"Comfy","competitorId":65000001032,"depName":"Велика побутова техніка","depId":61000060108,"branchName":"Відділ 310","article":31002665,"itemTitle":"Духовой шкаф электрический Interline HS 870 X/2","price":"5769,00","isAvailable":true,"identity":true,"isPromo":false,"ginnerName":"Шафа вбуд. електр. INTERLINE HS 870 X/2"},{"monitoringDate":"15/05/2018","competitorName":"Comfy","competitorId":65000001032,"depName":"Велика побутова техніка","depId":61000060108,"branchName":"Відділ 310","article":31041417,"itemTitle":"Духовой шкаф электрический Interline HS 888 IX/2","price":"7135,00","isAvailable":true,"identity":true,"isPromo":false,"ginnerName":"Шафа вбуд. електр. INTERLINE HS 888 IX/2"},{"monitoringDate":"15/05/2018","competitorName":"Comfy","competitorId":65000001032,"depName":"Велика побутова техніка","depId":61000060108,"branchName":"Відділ 310","article":31004868,"itemTitle":"Духовой шкаф электрический Kaiser EH6310","price":"28589,00","isAvailable":true,"identity":true,"isPromo":false,"ginnerName":"Шафа вбуд. електр. Kaiser EH 6310"},{"monitoringDate":"15/05/2018","competitorName":"Comfy","competitorId":65000001032,"depName":"Велика побутова техніка","depId":61000060108,"branchName":"Відділ 310","article":31004867,"itemTitle":"Духовой шкаф электрический Kaiser EH6311","price":"31305,00","isAvailable":true,"identity":true,"isPromo":false,"ginnerName":"Шафа вбуд. електр. Kaiser EH 6311"},{"monitoringDate":"15/05/2018","competitorName":"Comfy","competitorId":65000001032,"depName":"Велика побутова техніка","depId":61000060108,"branchName":"Відділ 310","article":31004866,"itemTitle":"Духовой шкаф электрический Kaiser EH6355ElfEm","price":"22791,00","isAvailable":false,"identity":true,"isPromo":false,"ginnerName":"Шафа вбуд. електр. Kaiser EH 6355 ElfEm"},{"monitoringDate":"15/05/2018","competitorName":"Comfy","competitorId":65000001032,"depName":"Велика побутова техніка","depId":61000060108,"branchName":"Відділ 310","article":31004864,"itemTitle":"Духовой шкаф электрический Kaiser EH6355RotEm","price":"22791,00","isAvailable":true,"identity":true,"isPromo":false,"ginnerName":"Шафа вбуд. електр. Kaiser EH 6355 RotEm"},{"monitoringDate":"15/05/2018","competitorName":"Comfy","competitorId":65000001032,"depName":"Велика побутова техніка","depId":61000060108,"branchName":"Відділ 310","article":31004869,"itemTitle":"Духовой шкаф электрический Kaiser EH6960","price":"15605,00","isAvailable":true,"identity":true,"isPromo":false,"ginnerName":"Шафа вбуд. електр. Kaiser EH 6960"},{"monitoringDate":"15/05/2018","competitorName":"Comfy","competitorId":65000001032,"depName":"Велика побутова техніка","depId":61000060108,"branchName":"Відділ 310","article":31004894,"itemTitle":"Духовой шкаф электрический Pyramida F 60 M GBL","price":"6699,00","isAvailable":true,"identity":true,"isPromo":false,"ginnerName":"Шафа вбуд. електр. PYRAMIDA F 60 M GBL"},{"monitoringDate":"15/05/2018","competitorName":"Comfy","competitorId":65000001032,"depName":"Велика побутова техніка","depId":61000060108,"branchName":"Відділ 310","article":31002736,"itemTitle":"Духовой шкаф электрический Pyramida F 80 EPL GWH","price":"9199,00","isAvailable":true,"identity":true,"isPromo":false,"ginnerName":"Шафа вбуд. електр. PYRAMIDA F 80 EPL GWH"},{"monitoringDate":"15/05/2018","competitorName":"Comfy","competitorId":65000001032,"depName":"Велика побутова техніка","depId":61000060108,"branchName":"Відділ 310","article":31002735,"itemTitle":"Духовой шкаф электрический Pyramida F 85 EP IX","price":"7899,00","isAvailable":true,"identity":true,"isPromo":false,"ginnerName":"Шафа вбуд. електр. PYRAMIDA F 85 EPL IX"},{"monitoringDate":"15/05/2018","competitorName":"Comfy","competitorId":65000001032,"depName":"Велика побутова техніка","depId":61000060108,"branchName":"Відділ 310","article":31002733,"itemTitle":"Духовой шкаф электрический Pyramida PO 98 ME GBL IX","price":"7699,00","isAvailable":true,"identity":true,"isPromo":false,"ginnerName":"Шафа вбуд. електр. PYRAMIDA PO 98 ME GBL IX"},{"monitoringDate":"15/05/2018","competitorName":"Comfy","competitorId":65000001032,"depName":"Велика побутова техніка","depId":61000060108,"branchName":"Відділ 310","article":31002525,"itemTitle":"Духовой шкаф электрический стандарт Gorenje BO 637 E30XG","price":"11099,00","isAvailable":true,"identity":true,"isPromo":false,"ginnerName":"Шафа вбуд. електр. GORENJE BO637E30XG"},{"monitoringDate":"15/05/2018","competitorName":"Comfy","competitorId":65000001032,"depName":"Велика побутова техніка","depId":61000060108,"branchName":"Відділ 310","article":31002215,"itemTitle":"Духовой шкаф электрический стандарт Hansa BOEI64190055","price":"8799,00","isAvailable":true,"identity":true,"isPromo":false,"ginnerName":"Шафа вбуд.електр. HANSA BOEI64190055"},{"monitoringDate":"15/05/2018","competitorName":"Comfy","competitorId":65000001032,"depName":"Велика побутова техніка","depId":61000060108,"branchName":"Відділ 310","article":31002675,"itemTitle":"Духовой шкаф электрический Hansa BOEI69634","price":"14549,00","isAvailable":true,"identity":true,"isPromo":false,"ginnerName":"Шафа вбуд.електр. Hansa BOEI69634"},{"monitoringDate":"15/05/2018","competitorName":"Comfy","competitorId":65000001032,"depName":"Велика побутова техніка","depId":61000060108,"branchName":"Відділ 310","article":31041271,"itemTitle":"Духовой шкаф электрический Gorenje BO 53 CLI","price":"10399,00","isAvailable":true,"identity":true,"isPromo":false,"ginnerName":"Шафа вбуд. електр. GORENJE BO53CLI"},{"monitoringDate":"15/05/2018","competitorName":"Comfy","competitorId":65000001032,"depName":"Велика побутова техніка","depId":61000060108,"branchName":"Відділ 310","article":31004709,"itemTitle":"Духовой шкаф электро Electrolux EOA95651AV","price":"18199,00","isAvailable":true,"identity":true,"isPromo":false,"ginnerName":"Шафа вбуд. електр. ELECTROLUX EOA95651AV"},{"monitoringDate":"15/05/2018","competitorName":"Comfy","competitorId":65000001032,"depName":"Велика побутова техніка","depId":61000060108,"branchName":"Відділ 310","article":31002416,"itemTitle":"Духовой шкаф Electrolux EOB55351AX","price":"12445,00","isAvailable":true,"identity":true,"isPromo":false,"ginnerName":"Шафа вбуд. електр. ELECTROLUX EOB55351AX"},{"monitoringDate":"15/05/2018","competitorName":"Comfy","competitorId":65000001032,"depName":"Велика побутова техніка","depId":61000060108,"branchName":"Відділ 310","article":31002423,"itemTitle":"Духовой шкаф Electrolux EZB53410AK","price":"8599,00","isAvailable":true,"identity":true,"isPromo":false,"ginnerName":"Шафа вбуд. електр. ELECTROLUX EZB53410AK"},{"monitoringDate":"15/05/2018","competitorName":"Comfy","competitorId":65000001032,"depName":"Велика побутова техніка","depId":61000060108,"branchName":"Відділ 310","article":31002454,"itemTitle":"Духовой шкаф электро Electrolux EZB53410AW","price":"8599,00","isAvailable":true,"identity":true,"isPromo":false,"ginnerName":"Шафа вбуд. електр. ELECTROLUX EZB53410AW"},{"monitoringDate":"15/05/2018","competitorName":"Comfy","competitorId":65000001032,"depName":"Велика побутова техніка","depId":61000060108,"branchName":"Відділ 310","article":31041273,"itemTitle":"Духовой шкаф электрический Gorenje BO 635 E11XK-2","price":"7599,00","isAvailable":true,"identity":true,"isPromo":false,"ginnerName":"Шафа вбуд. електр. GORENJE BO635E11XK-2 "},{"monitoringDate":"15/05/2018","competitorName":"Comfy","competitorId":65000001032,"depName":"Велика побутова техніка","depId":61000060108,"branchName":"Відділ 310","article":31004811,"itemTitle":"Духовой шкаф электрический Interline HQ 871 BK/2","price":"5769,00","isAvailable":true,"identity":true,"isPromo":false,"ginnerName":"Шафа вбуд. електр. INTERLINE HQ 871 BK/2, чорна"},{"monitoringDate":"15/05/2018","competitorName":"Comfy","competitorId":65000001032,"depName":"Велика побутова техніка","depId":61000060108,"branchName":"Відділ 310","article":31002216,"itemTitle":"Духовой шкаф электрический Hansa BOEI67250055","price":"11199,00","isAvailable":true,"identity":true,"isPromo":false,"ginnerName":"Шафа вбуд.електр. HANSA BOEI67250055"},{"monitoringDate":"15/05/2018","competitorName":"Comfy","competitorId":65000001032,"depName":"Велика побутова техніка","depId":61000060108,"branchName":"Відділ 310","article":31002649,"itemTitle":"Духовой шкаф электрический Zanussi OPZB4230X","price":"6699,00","isAvailable":true,"identity":true,"isPromo":false,"ginnerName":"Шафа вбуд. електр. ZANUSSI OPZB4230X"},{"monitoringDate":"15/05/2018","competitorName":"Comfy","competitorId":65000001032,"depName":"Велика побутова техніка","depId":61000060108,"branchName":"Відділ 310","article":31219300,"itemTitle":"Компьютерная акустика 2.1 Sven MS-110 black","price":"799,00","isAvailable":false,"identity":true,"isPromo":false,"ginnerName":"Акустична система  2.1 SVEN MS-110, чорний (10 Вт, USB/SD)"},{"monitoringDate":"15/05/2018","competitorName":"Comfy","competitorId":65000001032,"depName":"Велика побутова техніка","depId":61000060108,"branchName":"Відділ 310","article":31219288,"itemTitle":"Компьютерная акустика 2.1 Sven MS-305 Black","price":"1599,00","isAvailable":true,"identity":true,"isPromo":false,"ginnerName":"Акустична система 2.1 SVEN MS-305, чорний (40 Вт, FM-тюнер, USB/SD, дисплей, ПДУ, Bluetooth)"},{"monitoringDate":"15/05/2018","competitorName":"Comfy","competitorId":65000001032,"depName":"Велика побутова техніка","depId":61000060108,"branchName":"Відділ 310","article":31219215,"itemTitle":"Компьютерная акустика 2.1 Sven MS-90","price":"549,00","isAvailable":false,"identity":true,"isPromo":false,"ginnerName":"Акустична система 2.1 SVEN MS-90, чорний (SVEN)"},{"monitoringDate":"15/05/2018","competitorName":"Comfy","competitorId":65000001032,"depName":"Велика побутова техніка","depId":61000060108,"branchName":"Відділ 310","article":31019277,"itemTitle":"Морозильная камера Beko RFNK290E23S","price":"10999,00","isAvailable":false,"identity":true,"isPromo":false,"ginnerName":"Камера морозильна BEKO RFNK290E23S"},{"monitoringDate":"15/05/2018","competitorName":"Comfy","competitorId":65000001032,"depName":"Велика побутова техніка","depId":61000060108,"branchName":"Відділ 310","article":31019170,"itemTitle":"Морозильная камера Electrolux EUF2743AOW","price":"14899,00","isAvailable":true,"identity":true,"isPromo":false,"ginnerName":"Камера морозильна ELECTROLUX EUF2743AOW"},{"monitoringDate":"15/05/2018","competitorName":"Comfy","competitorId":65000001032,"depName":"Велика побутова техніка","depId":61000060108,"branchName":"Відділ 310","article":31019171,"itemTitle":"Морозильная камера Indesit NUS 16.1 AA NF H(UA)","price":"9799,00","isAvailable":true,"identity":true,"isPromo":false,"ginnerName":"Камера морозильна INDESIT NUS 16.1 AA NF H (UA)"},{"monitoringDate":"15/05/2018","competitorName":"Comfy","competitorId":65000001032,"depName":"Велика побутова техніка","depId":61000060108,"branchName":"Відділ 310","article":31022075,"itemTitle":"Морозильная камера Liebherr G 1213","price":"6549,00","isAvailable":true,"identity":true,"isPromo":false,"ginnerName":"Камера морозильна LIEBHERR G 1213"},{"monitoringDate":"15/05/2018","competitorName":"Comfy","competitorId":65000001032,"depName":"Велика побутова техніка","depId":61000060108,"branchName":"Відділ 310","article":31019256,"itemTitle":"Морозильная камера Liebherr Gbe 1213","price":"7499,00","isAvailable":true,"identity":true,"isPromo":false,"ginnerName":"Камера морозильна  LIEBHERR Gbe 1213"},{"monitoringDate":"15/05/2018","competitorName":"Comfy","competitorId":65000001032,"depName":"Велика побутова техніка","depId":61000060108,"branchName":"Відділ 310","article":31019067,"itemTitle":"Морозильная камера Liebherr GN 2323","price":"13649,00","isAvailable":true,"identity":true,"isPromo":false,"ginnerName":"Камера морозильна LIEBHERR GN 2323"},{"monitoringDate":"15/05/2018","competitorName":"Comfy","competitorId":65000001032,"depName":"Велика побутова техніка","depId":61000060108,"branchName":"Відділ 310","article":31019069,"itemTitle":"Морозильная камера Liebherr GN 3023","price":"23049,00","isAvailable":true,"identity":true,"isPromo":false,"ginnerName":"Камера морозильна LIEBHERR GN 3023"},{"monitoringDate":"15/05/2018","competitorName":"Comfy","competitorId":65000001032,"depName":"Велика побутова техніка","depId":61000060108,"branchName":"Відділ 310","article":31019168,"itemTitle":"Морозильная камера Liebherr GP 2733","price":"16399,00","isAvailable":true,"identity":true,"isPromo":false,"ginnerName":"Камера морозильна LIEBHERR GP 2733"},{"monitoringDate":"15/05/2018","competitorName":"Comfy","competitorId":65000001032,"depName":"Велика побутова техніка","depId":61000060108,"branchName":"Відділ 310","article":31019269,"itemTitle":"Морозильная камера Nord F 156 (W)","price":"4419,00","isAvailable":false,"identity":true,"isPromo":false,"ginnerName":"Камера морозильна NORD F 156 (W)"},{"monitoringDate":"15/05/2018","competitorName":"Comfy","competitorId":65000001032,"depName":"Велика побутова техніка","depId":61000060108,"branchName":"Відділ 310","article":31019153,"itemTitle":"Морозильная камера Zanussi ZFU27401WA","price":"12399,00","isAvailable":true,"identity":true,"isPromo":false,"ginnerName":"Камера морозильна ZANUSSI ZFU27401WA"},{"monitoringDate":"15/05/2018","competitorName":"Comfy","competitorId":65000001032,"depName":"Велика побутова техніка","depId":61000060108,"branchName":"Відділ 310","article":31052024,"itemTitle":"Морозильный ларь Electrolux EC5231AOW","price":"11869,00","isAvailable":false,"identity":true,"isPromo":false,"ginnerName":"Скриня морозильна Electrolux EC5231AOW"},{"monitoringDate":"15/05/2018","competitorName":"Comfy","competitorId":65000001032,"depName":"Велика побутова техніка","depId":61000060108,"branchName":"Відділ 310","article":31019114,"itemTitle":"Морозильный ларь Gorenje FH 331 IW","price":"8949,00","isAvailable":true,"identity":true,"isPromo":false,"ginnerName":"Скриня морозильна GORENJE FH 331 IW"},{"monitoringDate":"15/05/2018","competitorName":"Comfy","competitorId":65000001032,"depName":"Велика побутова техніка","depId":61000060108,"branchName":"Відділ 310","article":31019143,"itemTitle":"Морозильный ларь Zanussi ZFC26400WA","price":"7999,00","isAvailable":true,"identity":true,"isPromo":false,"ginnerName":"Скриня морозильна ZANUSSI ZFC26400WA"},{"monitoringDate":"15/05/2018","competitorName":"Comfy","competitorId":65000001032,"depName":"Велика побутова техніка","depId":61000060108,"branchName":"Відділ 310","article":31019147,"itemTitle":"Морозильный ларь Zanussi ZFC41400WA","price":"10125,00","isAvailable":true,"identity":true,"isPromo":false,"ginnerName":"Скриня морозильна ZANUSSI ZFC41400WA"},{"monitoringDate":"15/05/2018","competitorName":"Comfy","competitorId":65000001032,"depName":"Велика побутова техніка","depId":61000060108,"branchName":"Відділ 310","article":31015446,"itemTitle":"Плита газовая Zanussi ZCM9540G1W","price":"6515,00","isAvailable":false,"identity":true,"isPromo":false,"ginnerName":"Плита газова ZANUSSI ZCK9540G1W"},{"monitoringDate":"15/05/2018","competitorName":"Comfy","competitorId":65000001032,"depName":"Велика побутова техніка","depId":61000060108,"branchName":"Відділ 310","article":31015877,"itemTitle":"Плита газовая Beko FSET52130GW","price":"6899,00","isAvailable":true,"identity":true,"isPromo":false,"ginnerName":"Плита газова BEKO FSET52130GW "},{"monitoringDate":"15/05/2018","competitorName":"Comfy","competitorId":65000001032,"depName":"Велика побутова техніка","depId":61000060108,"branchName":"Відділ 310","article":31015737,"itemTitle":"Плита газовая Bosch HGA223151Q","price":"10599,00","isAvailable":true,"identity":true,"isPromo":false,"ginnerName":"Плита газова BOSCH HGA223151Q"},{"monitoringDate":"15/05/2018","competitorName":"Comfy","competitorId":65000001032,"depName":"Велика побутова техніка","depId":61000060108,"branchName":"Відділ 310","article":31015777,"itemTitle":"Плита газовая Bosch HGD423120Q","price":"10699,00","isAvailable":true,"identity":true,"isPromo":false,"ginnerName":"Плита газова BOSCH HGD423120Q"},{"monitoringDate":"15/05/2018","competitorName":"Comfy","competitorId":65000001032,"depName":"Велика побутова техніка","depId":61000060108,"branchName":"Відділ 310","article":31015762,"itemTitle":"Плита газовая Bosch HGD625255Q","price":"11999,00","isAvailable":true,"identity":true,"isPromo":false,"ginnerName":"Плита газова BOSCH HGD625255Q"},{"monitoringDate":"15/05/2018","competitorName":"Comfy","competitorId":65000001032,"depName":"Велика побутова техніка","depId":61000060108,"branchName":"Відділ 310","article":31015411,"itemTitle":"Плита газовая Electrolux EKG951109W","price":"7555,00","isAvailable":true,"identity":true,"isPromo":false,"ginnerName":"Плита газова ELECTROLUX EKG951109W"},{"monitoringDate":"15/05/2018","competitorName":"Comfy","competitorId":65000001032,"depName":"Велика побутова техніка","depId":61000060108,"branchName":"Відділ 310","article":31015816,"itemTitle":"Плита газовая Electrolux EKK95490MW","price":"8349,00","isAvailable":true,"identity":true,"isPromo":false,"ginnerName":"Плита комбінована Electrolux EKK95490MW"},{"monitoringDate":"15/05/2018","competitorName":"Comfy","competitorId":65000001032,"depName":"Велика побутова техніка","depId":61000060108,"branchName":"Відділ 310","article":31015815,"itemTitle":"Плита газовая Electrolux EKK95490MX","price":"9649,00","isAvailable":true,"identity":true,"isPromo":false,"ginnerName":"Плита газова Electrolux EKK95490MX"},{"monitoringDate":"15/05/2018","competitorName":"Comfy","competitorId":65000001032,"depName":"Велика побутова техніка","depId":61000060108,"branchName":"Відділ 310","article":31015800,"itemTitle":"Плита газовая Gorenje GN 5111 BRH","price":"6399,00","isAvailable":true,"identity":true,"isPromo":false,"ginnerName":"Плита газова Gorenje GN 5111 BRH  "},{"monitoringDate":"15/05/2018","competitorName":"Comfy","competitorId":65000001032,"depName":"Велика побутова техніка","depId":61000060108,"branchName":"Відділ 310","article":31015801,"itemTitle":"Плита газовая Gorenje GN 5111 WF","price":"6499,00","isAvailable":true,"identity":true,"isPromo":false,"ginnerName":"Плита газова Gorenje GN 5111 WF "},{"monitoringDate":"15/05/2018","competitorName":"Comfy","competitorId":65000001032,"depName":"Велика побутова техніка","depId":61000060108,"branchName":"Відділ 310","article":31015804,"itemTitle":"Плита газовая Gorenje GN 5111 XF","price":"7399,00","isAvailable":true,"identity":true,"isPromo":false,"ginnerName":"Плита газова Gorenje GN 5111 XF "},{"monitoringDate":"15/05/2018","competitorName":"Comfy","competitorId":65000001032,"depName":"Велика побутова техніка","depId":61000060108,"branchName":"Відділ 310","article":31015799,"itemTitle":"Плита газовая Gorenje GN5112WJ-B","price":"5499,00","isAvailable":true,"identity":true,"isPromo":false,"ginnerName":"Плита газова Gorenje GN 5112 WJ-B "},{"monitoringDate":"15/05/2018","competitorName":"Comfy","competitorId":65000001032,"depName":"Велика побутова техніка","depId":61000060108,"branchName":"Відділ 310","article":31015805,"itemTitle":"Плита газовая Gorenje K5241WH","price":"7099,00","isAvailable":true,"identity":true,"isPromo":false,"ginnerName":"Плита комбінована Gorenje K 5241 WH "},{"monitoringDate":"15/05/2018","competitorName":"Comfy","competitorId":65000001032,"depName":"Велика побутова техніка","depId":61000060108,"branchName":"Відділ 310","article":31015802,"itemTitle":"Плита газовая Gorenje KN5221WH","price":"6399,00","isAvailable":true,"identity":true,"isPromo":false,"ginnerName":"Плита комбінована Gorenje KN 5221 WH "},{"monitoringDate":"15/05/2018","competitorName":"Comfy","competitorId":65000001032,"depName":"Велика побутова техніка","depId":61000060108,"branchName":"Відділ 310","article":31015835,"itemTitle":"Плита газовая Hansa FCMS682090","price":"10699,00","isAvailable":true,"identity":true,"isPromo":false,"ginnerName":"Плита комбінована Hansa FCMS682090"},{"monitoringDate":"15/05/2018","competitorName":"Comfy","competitorId":65000001032,"depName":"Велика побутова техніка","depId":61000060108,"branchName":"Відділ 310","article":31015769,"itemTitle":"Плита газовая Hansa FCMW58221","price":"8299,00","isAvailable":false,"identity":true,"isPromo":false,"ginnerName":"Плита комбінована HANSA FCMW58221"},{"monitoringDate":"15/05/2018","competitorName":"Comfy","competitorId":65000001032,"depName":"Велика побутова техніка","depId":61000060108,"branchName":"Відділ 310","article":31015779,"itemTitle":"Плита газовая Zanussi ZCG9210L1W","price":"5399,00","isAvailable":true,"identity":true,"isPromo":false,"ginnerName":"Плита газова ZANUSSI ZCG9210L1W"},{"monitoringDate":"15/05/2018","competitorName":"Comfy","competitorId":65000001032,"depName":"Велика побутова техніка","depId":61000060108,"branchName":"Відділ 310","article":31015846,"itemTitle":"Плита газовая Zanussi ZCM65338WA","price":"8599,00","isAvailable":true,"identity":true,"isPromo":false,"ginnerName":"Плита електрична Zanussi ZCM65338WA"},{"monitoringDate":"15/05/2018","competitorName":"Comfy","competitorId":65000001032,"depName":"Велика побутова техніка","depId":61000060108,"branchName":"Відділ 310","article":31015447,"itemTitle":"Плита электрическая Zanussi ZCE9550G1W","price":"6499,00","isAvailable":true,"identity":true,"isPromo":false,"ginnerName":"Плита електрична ZANUSSI ZCE9550G1W"},{"monitoringDate":"15/05/2018","competitorName":"Comfy","competitorId":65000001032,"depName":"Велика побутова техніка","depId":61000060108,"branchName":"Відділ 310","article":31015510,"itemTitle":"Плита электрическая Beko CSS48100GW","price":"7799,00","isAvailable":true,"identity":true,"isPromo":false,"ginnerName":"Плита електрична Beko CSS48100GW"},{"monitoringDate":"15/05/2018","competitorName":"Comfy","competitorId":65000001032,"depName":"Велика побутова техніка","depId":61000060108,"branchName":"Відділ 310","article":31015735,"itemTitle":"Плита электрическая Bosch HCA643220Q","price":"12699,00","isAvailable":true,"identity":true,"isPromo":false,"ginnerName":"Плита електрична BOSCH HCA643220Q"},{"monitoringDate":"15/05/2018","competitorName":"Comfy","competitorId":65000001032,"depName":"Велика побутова техніка","depId":61000060108,"branchName":"Відділ 310","article":31015814,"itemTitle":"Плита электрическая Electrolux EKC952901W","price":"9699,00","isAvailable":true,"identity":true,"isPromo":false,"ginnerName":"Плита електрична Electrolux EKC952901W"},{"monitoringDate":"15/05/2018","competitorName":"Comfy","competitorId":65000001032,"depName":"Велика побутова техніка","depId":61000060108,"branchName":"Відділ 310","article":31015813,"itemTitle":"Плита электрическая Electrolux EKC954907X","price":"11299,00","isAvailable":true,"identity":true,"isPromo":false,"ginnerName":"Плита електрична Electrolux EKC954907X"},{"monitoringDate":"15/05/2018","competitorName":"Comfy","competitorId":65000001032,"depName":"Велика побутова техніка","depId":61000060108,"branchName":"Відділ 310","article":31015812,"itemTitle":"Плита электрическая Electrolux EKC954908K","price":"11299,00","isAvailable":true,"identity":true,"isPromo":false,"ginnerName":"Плита електрична Electrolux EKC954908K"},{"monitoringDate":"15/05/2018","competitorName":"Comfy","competitorId":65000001032,"depName":"Велика побутова техніка","depId":61000060108,"branchName":"Відділ 310","article":31015809,"itemTitle":"Плита электрическая Gorenje E 5121 WH","price":"6099,00","isAvailable":true,"identity":true,"isPromo":false,"ginnerName":"Плита електрична Gorenje E 5121 WH"},{"monitoringDate":"15/05/2018","competitorName":"Comfy","competitorId":65000001032,"depName":"Велика побутова техніка","depId":61000060108,"branchName":"Відділ 310","article":31015811,"itemTitle":"Плита электрическая Gorenje EC 5341 SC","price":"10599,00","isAvailable":true,"identity":true,"isPromo":false,"ginnerName":"Плита керамічна Gorenje EC 5341 SC "},{"monitoringDate":"15/05/2018","competitorName":"Comfy","competitorId":65000001032,"depName":"Велика побутова техніка","depId":61000060108,"branchName":"Відділ 310","article":31015844,"itemTitle":"Плита электрическая Zanussi ZCV9553G1W","price":"9799,00","isAvailable":true,"identity":true,"isPromo":false,"ginnerName":"Плита електрична Zanussi ZCV9553G1W"},{"monitoringDate":"15/05/2018","competitorName":"Comfy","competitorId":65000001032,"depName":"Велика побутова техніка","depId":61000060108,"branchName":"Відділ 310","article":31003577,"itemTitle":"Посудомоечная машина Bosch SMS24AW00E","price":"9999,00","isAvailable":true,"identity":true,"isPromo":false,"ginnerName":"Машина посудомийна BOSCH SMS24AW00E"},{"monitoringDate":"15/05/2018","competitorName":"Comfy","competitorId":65000001032,"depName":"Велика побутова техніка","depId":61000060108,"branchName":"Відділ 310","article":31003644,"itemTitle":"Посудомоечная машина Electrolux ESF9452LOW","price":"11199,00","isAvailable":true,"identity":true,"isPromo":false,"ginnerName":"Машина посудомийна Electrolux ESF9452LOW"},{"monitoringDate":"15/05/2018","competitorName":"Comfy","competitorId":65000001032,"depName":"Велика побутова техніка","depId":61000060108,"branchName":"Відділ 310","article":31041571,"itemTitle":"Варочная панель Domino Interline VCI 330 BA","price":"4149,00","isAvailable":false,"identity":true,"isPromo":false,"ginnerName":"Поверхня електр. інд. INTERLINE VCI 330 BA"},{"monitoringDate":"15/05/2018","competitorName":"Comfy","competitorId":65000001032,"depName":"Велика побутова техніка","depId":61000060108,"branchName":"Відділ 310","article":31041626,"itemTitle":"Варочная панель Domino Pyramida PFX 320 INOX","price":"2199,00","isAvailable":true,"identity":true,"isPromo":false,"ginnerName":"Поверхня газова PYRAMIDA PFX 320 INOX"},{"monitoringDate":"15/05/2018","competitorName":"Comfy","competitorId":65000001032,"depName":"Велика побутова техніка","depId":61000060108,"branchName":"Відділ 310","article":31001372,"itemTitle":"Варочная панель Domino Zanussi ZEE3921IXA","price":"2799,00","isAvailable":true,"identity":true,"isPromo":false,"ginnerName":"Поверхня електр. ZANUSSI ZEE3921IXA"},{"monitoringDate":"15/05/2018","competitorName":"Comfy","competitorId":65000001032,"depName":"Велика побутова техніка","depId":61000060108,"branchName":"Відділ 310","article":31001300,"itemTitle":"Варочная панель газовая Candy CLG 64 PB","price":"2599,00","isAvailable":true,"identity":true,"isPromo":false,"ginnerName":"Поверхня газова CANDY CLG 64 PB"},{"monitoringDate":"15/05/2018","competitorName":"Comfy","competitorId":65000001032,"depName":"Велика побутова техніка","depId":61000060108,"branchName":"Відділ 310","article":31001301,"itemTitle":"Варочная панель газовая Candy CLG 64 PN","price":"2599,00","isAvailable":true,"identity":true,"isPromo":false,"ginnerName":"Поверхня газова CANDY CLG 64 PN"},{"monitoringDate":"15/05/2018","competitorName":"Comfy","competitorId":65000001032,"depName":"Велика побутова техніка","depId":61000060108,"branchName":"Відділ 310","article":31001554,"itemTitle":"Варочная панель газовая Candy CLG 64P X","price":"2599,00","isAvailable":true,"identity":true,"isPromo":false,"ginnerName":"Поверхня газова CANDY CLG 64 PX"},{"monitoringDate":"15/05/2018","competitorName":"Comfy","competitorId":65000001032,"depName":"Велика побутова техніка","depId":61000060108,"branchName":"Відділ 310","article":31001877,"itemTitle":"Варочная панель газовая Candy CPG 64 SGX","price":"4099,00","isAvailable":true,"identity":true,"isPromo":false,"ginnerName":"Поверхня газова CANDY CLG 64SGX"},{"monitoringDate":"15/05/2018","competitorName":"Comfy","competitorId":65000001032,"depName":"Велика побутова техніка","depId":61000060108,"branchName":"Відділ 310","article":31001915,"itemTitle":"Варочная панель газовая Candy CPG 64 SQGX","price":"4999,00","isAvailable":true,"identity":true,"isPromo":false,"ginnerName":"Поверхня газова CANDY CPG 64SQGX"},{"monitoringDate":"15/05/2018","competitorName":"Comfy","competitorId":65000001032,"depName":"Велика побутова техніка","depId":61000060108,"branchName":"Відділ 310","article":31041174,"itemTitle":"Варочная панель газовая Candy CVG 64 STGN","price":"4999,00","isAvailable":true,"identity":true,"isPromo":false,"ginnerName":"Поверхня газова Candy CVG 64 STGN"},{"monitoringDate":"15/05/2018","competitorName":"Comfy","competitorId":65000001032,"depName":"Велика побутова техніка","depId":61000060108,"branchName":"Відділ 310","article":31041678,"itemTitle":"Варочная панель газовая Candy CVG 64 STGN","price":"4999,00","isAvailable":true,"identity":true,"isPromo":false,"ginnerName":"Поверхня газова Candy CVG 64 STGB"},{"monitoringDate":"15/05/2018","competitorName":"Comfy","competitorId":65000001032,"depName":"Велика побутова техніка","depId":61000060108,"branchName":"Відділ 310","article":31041129,"itemTitle":"Варочная панель газовая Electrolux EGG 96343 NK","price":"5799,00","isAvailable":true,"identity":true,"isPromo":false,"ginnerName":"Поверхня газова ELECTROLUX EGG96343NK"},{"monitoringDate":"15/05/2018","competitorName":"Comfy","competitorId":65000001032,"depName":"Велика побутова техніка","depId":61000060108,"branchName":"Відділ 310","article":31001633,"itemTitle":"Варочная панель газовая Electrolux EGG 96343 NX","price":"5799,00","isAvailable":false,"identity":true,"isPromo":false,"ginnerName":"Поверхня газова ELECTROLUX EGG96343NX"},{"monitoringDate":"15/05/2018","competitorName":"Comfy","competitorId":65000001032,"depName":"Велика побутова техніка","depId":61000060108,"branchName":"Відділ 310","article":31041144,"itemTitle":"Варочная панель Domino Electrolux EGG93322NX","price":"3899,00","isAvailable":true,"identity":true,"isPromo":false,"ginnerName":"Поверхня газова ELECTROLUX EGG93322NX"},{"monitoringDate":"15/05/2018","competitorName":"Comfy","competitorId":65000001032,"depName":"Велика побутова техніка","depId":61000060108,"branchName":"Відділ 310","article":31041171,"itemTitle":"Варочная панель газовая Electrolux EGT 96342 YK","price":"6399,00","isAvailable":true,"identity":true,"isPromo":false,"ginnerName":"Поверхня газова ELECTROLUX EGT96342YK"},{"monitoringDate":"15/05/2018","competitorName":"Comfy","competitorId":65000001032,"depName":"Велика побутова техніка","depId":61000060108,"branchName":"Відділ 310","article":31001638,"itemTitle":"Варочная панель газовая Electrolux EGT 96342 YW","price":"7199,00","isAvailable":true,"identity":true,"isPromo":false,"ginnerName":"Поверхня газова ELECTROLUX EGT96342YW"},{"monitoringDate":"15/05/2018","competitorName":"Comfy","competitorId":65000001032,"depName":"Велика побутова техніка","depId":61000060108,"branchName":"Відділ 310","article":31041374,"itemTitle":"Варочная панель газовая Electrolux GPE363RBV","price":"9199,00","isAvailable":true,"identity":true,"isPromo":false,"ginnerName":"Поверхня газова ELECTROLUX GPE363RBV"},{"monitoringDate":"15/05/2018","competitorName":"Comfy","competitorId":65000001032,"depName":"Велика побутова техніка","depId":61000060108,"branchName":"Відділ 310","article":31001795,"itemTitle":"Варочная панель газовая Electrolux GPE363RBW","price":"6999,00","isAvailable":true,"identity":true,"isPromo":false,"ginnerName":"Поверхня газова HANSA BHGW63111035"},{"monitoringDate":"15/05/2018","competitorName":"Comfy","competitorId":65000001032,"depName":"Велика побутова техніка","depId":61000060108,"branchName":"Відділ 310","article":31041413,"itemTitle":"Варочная панель газовая Interline TK 4300 BK","price":"2379,00","isAvailable":true,"identity":true,"isPromo":false,"ginnerName":"Поверхня газова INTERLINE TK 4300 BK"},{"monitoringDate":"15/05/2018","competitorName":"Comfy","competitorId":65000001032,"depName":"Велика побутова техніка","depId":61000060108,"branchName":"Відділ 310","article":31041412,"itemTitle":"Варочная панель газовая Interline TK 4300 IX","price":"2549,00","isAvailable":true,"identity":true,"isPromo":false,"ginnerName":"Поверхня газова INTERLINE TK 4300 IX"},{"monitoringDate":"15/05/2018","competitorName":"Comfy","competitorId":65000001032,"depName":"Велика побутова техніка","depId":61000060108,"branchName":"Відділ 310","article":31041414,"itemTitle":"Варочная панель газовая Interline TK 4300 WH","price":"2379,00","isAvailable":true,"identity":true,"isPromo":false,"ginnerName":"Поверхня газова INTERLINE TK 4300 WH"},{"monitoringDate":"15/05/2018","competitorName":"Comfy","competitorId":65000001032,"depName":"Велика побутова техніка","depId":61000060108,"branchName":"Відділ 310","article":31041286,"itemTitle":"Варочная панель газовая Interline TQ 3205 BK/H2","price":"3139,00","isAvailable":true,"identity":true,"isPromo":false,"ginnerName":"Поверхня газова INTERLINE TQ 3205 BK/H2"},{"monitoringDate":"15/05/2018","competitorName":"Comfy","competitorId":65000001032,"depName":"Велика побутова техніка","depId":61000060108,"branchName":"Відділ 310","article":31001745,"itemTitle":"Варочная панель газовая Interline TQ 6402 WH/H2","price":"5039,00","isAvailable":true,"identity":true,"isPromo":false,"ginnerName":"Поверхня газова INTERLINE TQ 6402 WH, біла"},{"monitoringDate":"15/05/2018","competitorName":"Comfy","competitorId":65000001032,"depName":"Велика побутова техніка","depId":61000060108,"branchName":"Відділ 310","article":31001870,"itemTitle":"Варочная панель газовая Interline TQ 6420 BK/H2","price":"3599,00","isAvailable":true,"identity":true,"isPromo":false,"ginnerName":"Поверхня газова INTERLINE TQ 6420 BK, чорна"},{"monitoringDate":"15/05/2018","competitorName":"Comfy","competitorId":65000001032,"depName":"Велика побутова техніка","depId":61000060108,"branchName":"Відділ 310","article":31001744,"itemTitle":"Варочная панель газовая Interline TQ 6440 BK/H2","price":"4639,00","isAvailable":true,"identity":true,"isPromo":false,"ginnerName":"Поверхня газова INTERLINE TQ 6400 BK,чорна"},{"monitoringDate":"15/05/2018","competitorName":"Comfy","competitorId":65000001032,"depName":"Велика побутова техніка","depId":61000060108,"branchName":"Відділ 310","article":31041287,"itemTitle":"Варочная панель газовая Interline TQ 6440 BK/H2","price":"4639,00","isAvailable":true,"identity":true,"isPromo":false,"ginnerName":"Поверхня газова INTERLINE TQ 6440 BK/H2"},{"monitoringDate":"15/05/2018","competitorName":"Comfy","competitorId":65000001032,"depName":"Велика побутова техніка","depId":61000060108,"branchName":"Відділ 310","article":31001754,"itemTitle":"Варочная панель газовая Interline TS 3200 X/H2","price":"2525,00","isAvailable":true,"identity":true,"isPromo":false,"ginnerName":"Поверхня газова INTERLINE TS 3200 X"},{"monitoringDate":"15/05/2018","competitorName":"Comfy","competitorId":65000001032,"depName":"Велика побутова техніка","depId":61000060108,"branchName":"Відділ 310","article":31041496,"itemTitle":"Варочная панель газовая Interline TS 6401 BK","price":"4409,00","isAvailable":true,"identity":true,"isPromo":false,"ginnerName":"Поверхня газова INTERLINE TS 6401 BK"},{"monitoringDate":"15/05/2018","competitorName":"Comfy","competitorId":65000001032,"depName":"Велика побутова техніка","depId":61000060108,"branchName":"Відділ 310","article":31001746,"itemTitle":"Варочная панель газовая Interline TS 6401 X/H2","price":"4585,00","isAvailable":false,"identity":true,"isPromo":false,"ginnerName":"Поверхня газова INTERLINE TS 6401 X, нерж"},{"monitoringDate":"15/05/2018","competitorName":"Comfy","competitorId":65000001032,"depName":"Велика побутова техніка","depId":61000060108,"branchName":"Відділ 310","article":31001869,"itemTitle":"Варочная панель газовая Interline TS 6420 X/H2","price":"3685,00","isAvailable":true,"identity":true,"isPromo":false,"ginnerName":"Поверхня газова INTERLINE TS 6420 X, нерж"},{"monitoringDate":"15/05/2018","competitorName":"Comfy","competitorId":65000001032,"depName":"Велика побутова техніка","depId":61000060108,"branchName":"Відділ 310","article":31001806,"itemTitle":"Варочная панель газовая Pyramida PF 630 INOX","price":"3399,00","isAvailable":true,"identity":true,"isPromo":false,"ginnerName":"Поверхня комбінована PYRAMIDA PF 630 INOX"},{"monitoringDate":"15/05/2018","competitorName":"Comfy","competitorId":65000001032,"depName":"Велика побутова техніка","depId":61000060108,"branchName":"Відділ 310","article":31001416,"itemTitle":"Варочная панель газовая Pyramida PFE 641 IVORY RUSTICO","price":"5199,00","isAvailable":true,"identity":true,"isPromo":false,"ginnerName":"Поверхня газова PYRAMIDA PFE 641 IVORY RUSTICO"},{"monitoringDate":"15/05/2018","competitorName":"Comfy","competitorId":65000001032,"depName":"Велика побутова техніка","depId":61000060108,"branchName":"Відділ 310","article":31001813,"itemTitle":"Варочная панель газовая Pyramida PFE 643 BLACK LUXE","price":"4999,00","isAvailable":true,"identity":true,"isPromo":false,"ginnerName":"Поверхня газова PYRAMIDA PFE 643 BLACK LUXE"},{"monitoringDate":"15/05/2018","competitorName":"Comfy","competitorId":65000001032,"depName":"Велика побутова техніка","depId":61000060108,"branchName":"Відділ 310","article":31041216,"itemTitle":"Варочная панель газовая Pyramida PFE 644 BLACK","price":"3099,00","isAvailable":true,"identity":true,"isPromo":false,"ginnerName":"Поверхня газова PYRAMIDA PFE 644 BLACK"},{"monitoringDate":"15/05/2018","competitorName":"Comfy","competitorId":65000001032,"depName":"Велика побутова техніка","depId":61000060108,"branchName":"Відділ 310","article":31041297,"itemTitle":"Варочная панель газовая Pyramida PFE 644 IVORY RUSTICO","price":"4099,00","isAvailable":true,"identity":true,"isPromo":false,"ginnerName":"Поверхня газова PYRAMIDA PFE 644 IVORY RUSTICO"},{"monitoringDate":"15/05/2018","competitorName":"Comfy","competitorId":65000001032,"depName":"Велика побутова техніка","depId":61000060108,"branchName":"Відділ 310","article":31001011,"itemTitle":"Варочная панель газовая Pyramida PFG 604 STX","price":"5699,00","isAvailable":true,"identity":true,"isPromo":false,"ginnerName":"Поверхня газова PYRAMIDA PFG 604 STX,4 конф,60*51см"},{"monitoringDate":"15/05/2018","competitorName":"Comfy","competitorId":65000001032,"depName":"Велика побутова техніка","depId":61000060108,"branchName":"Відділ 310","article":31001005,"itemTitle":"Варочная панель газовая Pyramida PFG 614 STX","price":"5699,00","isAvailable":true,"identity":true,"isPromo":false,"ginnerName":"Поверхня газова PYRAMIDA PFG 614 STX"},{"monitoringDate":"15/05/2018","competitorName":"Comfy","competitorId":65000001032,"depName":"Велика побутова техніка","depId":61000060108,"branchName":"Відділ 310","article":31001414,"itemTitle":"Варочная панель газовая Pyramida PFG 647 Black Luxe","price":"5999,00","isAvailable":true,"identity":true,"isPromo":false,"ginnerName":"Поверхня газова PYRAMIDA PFG 647 LUXE BLACK"},{"monitoringDate":"15/05/2018","competitorName":"Comfy","competitorId":65000001032,"depName":"Велика побутова техніка","depId":61000060108,"branchName":"Відділ 310","article":31041256,"itemTitle":"Варочная панель газовая Pyramida PFG 647 GRAY LUXE","price":"6599,00","isAvailable":false,"identity":true,"isPromo":false,"ginnerName":"Поверхня газова PYRAMIDA PFG 647 GRAY LUXE"},{"monitoringDate":"15/05/2018","competitorName":"Comfy","competitorId":65000001032,"depName":"Велика побутова техніка","depId":61000060108,"branchName":"Відділ 310","article":31041257,"itemTitle":"Варочная панель газовая Pyramida PFG 647 SAND LUXE","price":"6599,00","isAvailable":true,"identity":true,"isPromo":false,"ginnerName":"Поверхня газова PYRAMIDA PFG 647 SAND LUXE"},{"monitoringDate":"15/05/2018","competitorName":"Comfy","competitorId":65000001032,"depName":"Велика побутова техніка","depId":61000060108,"branchName":"Відділ 310","article":31041635,"itemTitle":"Варочная панель газовая Pyramida PFX 644 Inox","price":"3099,00","isAvailable":true,"identity":true,"isPromo":false,"ginnerName":"Поверхня газова PYRAMIDA PFX 644 INOX"},{"monitoringDate":"15/05/2018","competitorName":"Comfy","competitorId":65000001032,"depName":"Велика побутова техніка","depId":61000060108,"branchName":"Відділ 310","article":31001212,"itemTitle":"Варочная панель газовая Whirlpool AKM 528/JA","price":"6899,00","isAvailable":false,"identity":true,"isPromo":false,"ginnerName":"Поверхня газова WHIRLPOOL AKM 528 JA"},{"monitoringDate":"15/05/2018","competitorName":"Comfy","competitorId":65000001032,"depName":"Велика побутова техніка","depId":61000060108,"branchName":"Відділ 310","article":31001213,"itemTitle":"Варочная панель газовая Whirlpool AKM 528/NA","price":"6899,00","isAvailable":true,"identity":true,"isPromo":false,"ginnerName":"Поверхня газова WHIRLPOOL AKM 528 NA"},{"monitoringDate":"15/05/2018","competitorName":"Comfy","competitorId":65000001032,"depName":"Велика побутова техніка","depId":61000060108,"branchName":"Відділ 310","article":31041507,"itemTitle":"Варочная панель газовая Whirlpool AKR 313/IX","price":"6499,00","isAvailable":true,"identity":true,"isPromo":false,"ginnerName":"Поверхня газова Whirlpool AKR 313/IX"},{"monitoringDate":"15/05/2018","competitorName":"Comfy","competitorId":65000001032,"depName":"Велика побутова техніка","depId":61000060108,"branchName":"Відділ 310","article":31001363,"itemTitle":"Варочная панель газовая Zanussi ZGG 66414 XA","price":"4499,00","isAvailable":false,"identity":true,"isPromo":false,"ginnerName":"Поверхня газова ZANUSSI ZGG66414XA"},{"monitoringDate":"15/05/2018","competitorName":"Comfy","competitorId":65000001032,"depName":"Велика побутова техніка","depId":61000060108,"branchName":"Відділ 310","article":31001737,"itemTitle":"Варочная панель газовая Zanussi ZGX566424B","price":"4855,00","isAvailable":true,"identity":true,"isPromo":false,"ginnerName":"Поверхня газова ZANUSSI ZGX566424B"},{"monitoringDate":"15/05/2018","competitorName":"Comfy","competitorId":65000001032,"depName":"Велика побутова техніка","depId":61000060108,"branchName":"Відділ 310","article":31002672,"itemTitle":"Варочная панель газовая Zanussi ZGX566424W","price":"4955,00","isAvailable":true,"identity":true,"isPromo":false,"ginnerName":"Поверхня газова ZANUSSI ZGX566424W"},{"monitoringDate":"15/05/2018","competitorName":"Comfy","competitorId":65000001032,"depName":"Велика побутова техніка","depId":61000060108,"branchName":"Відділ 310","article":31041143,"itemTitle":"Варочная панель газовая Zanussi ZGX566424X","price":"4855,00","isAvailable":true,"identity":true,"isPromo":false,"ginnerName":"Поверхня газова ZANUSSI ZGX566424X"},{"monitoringDate":"15/05/2018","competitorName":"Comfy","competitorId":65000001032,"depName":"Велика побутова техніка","depId":61000060108,"branchName":"Відділ 310","article":31041453,"itemTitle":"Варочная панель электрическая Bosch PKF645FP2E","price":"11599,00","isAvailable":true,"identity":true,"isPromo":false,"ginnerName":"Поверхня електр. BOSCH PKF645FP2E"},{"monitoringDate":"15/05/2018","competitorName":"Comfy","competitorId":65000001032,"depName":"Велика побутова техніка","depId":61000060108,"branchName":"Відділ 310","article":31041466,"itemTitle":"Варочная панель электрическая Bosch PUE645BB2E","price":"14799,00","isAvailable":true,"identity":true,"isPromo":false,"ginnerName":"Поверхня електр. інд. BOSCH PUE645BB2E"},{"monitoringDate":"15/05/2018","competitorName":"Comfy","competitorId":65000001032,"depName":"Велика побутова техніка","depId":61000060108,"branchName":"Відділ 310","article":31041677,"itemTitle":"Варочная панель электрическая Candy CI 640 CB","price":"7399,00","isAvailable":true,"identity":true,"isPromo":false,"ginnerName":"Поверхня електр. інд. CANDY CI 640 CB"},{"monitoringDate":"15/05/2018","competitorName":"Comfy","competitorId":65000001032,"depName":"Велика побутова техніка","depId":61000060108,"branchName":"Відділ 310","article":31001913,"itemTitle":"Варочная панель электрическая Candy PLE 64 X","price":"3599,00","isAvailable":true,"identity":true,"isPromo":false,"ginnerName":"Поверхня електр. CANDY PLE 64 X"},{"monitoringDate":"15/05/2018","competitorName":"Comfy","competitorId":65000001032,"depName":"Велика побутова техніка","depId":61000060108,"branchName":"Відділ 310","article":31041378,"itemTitle":"Варочная панель электрическая Electrolux CPE644RBC","price":"9199,00","isAvailable":true,"identity":true,"isPromo":false,"ginnerName":"Поверхня електр. ELECTROLUX CPE644RBC"},{"monitoringDate":"15/05/2018","competitorName":"Comfy","competitorId":65000001032,"depName":"Велика побутова техніка","depId":61000060108,"branchName":"Відділ 310","article":31001582,"itemTitle":"Варочная панель электрическая Electrolux EHH 56340 FK","price":"10399,00","isAvailable":true,"identity":true,"isPromo":false,"ginnerName":"Поверхня електр. інд. ELECTROLUX EHH56340FK"},{"monitoringDate":"15/05/2018","competitorName":"Comfy","competitorId":65000001032,"depName":"Велика побутова техніка","depId":61000060108,"branchName":"Відділ 310","article":31041300,"itemTitle":"Варочная панель Gorenje IT614SC","price":"9399,00","isAvailable":true,"identity":true,"isPromo":false,"ginnerName":"Поверхня електр. інд. GORENJE IT614SC"},{"monitoringDate":"15/05/2018","competitorName":"Comfy","competitorId":65000001032,"depName":"Велика побутова техніка","depId":61000060108,"branchName":"Відділ 310","article":31001871,"itemTitle":"Варочная панель электрическая Interline VCE 601 BA","price":"5099,00","isAvailable":true,"identity":true,"isPromo":false,"ginnerName":"Поверхня електр. INTERLINE VCE 601 BA, чорна"},{"monitoringDate":"15/05/2018","competitorName":"Comfy","competitorId":65000001032,"depName":"Велика побутова техніка","depId":61000060108,"branchName":"Відділ 310","article":31041416,"itemTitle":"Варочная панель электрическая Interline VCE 602 BA/2","price":"6165,00","isAvailable":true,"identity":true,"isPromo":false,"ginnerName":"Поверхня електр. INTERLINE VCE 602 BA/2"},{"monitoringDate":"15/05/2018","competitorName":"Comfy","competitorId":65000001032,"depName":"Велика побутова техніка","depId":61000060108,"branchName":"Відділ 310","article":31041527,"itemTitle":"Варочная панель электрическая Pyramida VCH 321/1 UCC","price":"4399,00","isAvailable":true,"identity":true,"isPromo":false,"ginnerName":"Поверхня електр. PYRAMIDA VCH 321/1 UCC"},{"monitoringDate":"15/05/2018","competitorName":"Comfy","competitorId":65000001032,"depName":"Велика побутова техніка","depId":61000060108,"branchName":"Відділ 310","article":31041382,"itemTitle":"Варочная панель электрическая Pyramida VCH 640/0 UCC","price":"5199,00","isAvailable":true,"identity":true,"isPromo":false,"ginnerName":"Поверхня електрична PYRAMIDA VCH 640/0 UCC"},{"monitoringDate":"15/05/2018","competitorName":"Comfy","competitorId":65000001032,"depName":"Велика побутова техніка","depId":61000060108,"branchName":"Відділ 310","article":31041606,"itemTitle":"Варочная панель электрическая Pyramida VCH 640/1 UCC RUSTICO","price":"5899,00","isAvailable":true,"identity":true,"isPromo":false,"ginnerName":"Поверхня електрична PYRAMIDA VCH 640/1 UCC RUSTICO"},{"monitoringDate":"15/05/2018","competitorName":"Comfy","competitorId":65000001032,"depName":"Велика побутова техніка","depId":61000060108,"branchName":"Відділ 310","article":31041406,"itemTitle":"Варочная панель электрическая Pyramida VCH 640/1 UCC","price":"5599,00","isAvailable":true,"identity":true,"isPromo":false,"ginnerName":"Поверхность электрическая PYRAMIDA VCH 640/1 UCC"},{"monitoringDate":"15/05/2018","competitorName":"Comfy","competitorId":65000001032,"depName":"Велика побутова техніка","depId":61000060108,"branchName":"Відділ 310","article":31041607,"itemTitle":"Варочная панель электрическая Pyramida VCH 642/2 UCC","price":"5999,00","isAvailable":true,"identity":true,"isPromo":false,"ginnerName":"Поверхня електрична PYRAMIDA VCH 642/2 UCC"},{"monitoringDate":"15/05/2018","competitorName":"Comfy","competitorId":65000001032,"depName":"Велика побутова техніка","depId":61000060108,"branchName":"Відділ 310","article":31001902,"itemTitle":"Варочная панель электрическая Zanussi ZEI5680FB","price":"9099,00","isAvailable":true,"identity":true,"isPromo":false,"ginnerName":"Поверхня електр. інд. ZANUSSI ZEI5680FB"},{"monitoringDate":"15/05/2018","competitorName":"Comfy","competitorId":65000001032,"depName":"Велика побутова техніка","depId":61000060108,"branchName":"Відділ 310","article":31041619,"itemTitle":"Варочная панель комбинированная Gorenje ITG 623 USC","price":"17699,00","isAvailable":true,"identity":true,"isPromo":false,"ginnerName":"Поверхня комбінована Gorenje  ITG 623 USC"},{"monitoringDate":"15/05/2018","competitorName":"Comfy","competitorId":65000001032,"depName":"Велика побутова техніка","depId":61000060108,"branchName":"Відділ 310","article":31046173,"itemTitle":"Вытяжка декоративная Gorenje DK 63 MCLI","price":"9799,00","isAvailable":false,"identity":true,"isPromo":false,"ginnerName":"Витяжка кухонна GORENJE DK 63 MCLI"},{"monitoringDate":"15/05/2018","competitorName":"Comfy","competitorId":65000001032,"depName":"Велика побутова техніка","depId":61000060108,"branchName":"Відділ 310","article":31046350,"itemTitle":"Вытяжка декоративная ELEYUS KENT 700 50 IS","price":"2279,00","isAvailable":true,"identity":true,"isPromo":false,"ginnerName":"Витяжка кухонна ELEYUS Kent 700 50 IS"},{"monitoringDate":"15/05/2018","competitorName":"Comfy","competitorId":65000001032,"depName":"Велика побутова техніка","depId":61000060108,"branchName":"Відділ 310","article":31046354,"itemTitle":"Вытяжка декоративная ELEYUS KENT 700 60 BG","price":"2039,00","isAvailable":true,"identity":true,"isPromo":true,"ginnerName":"Витяжка кухонна ELEYUS Kent 700 60 BG"},{"monitoringDate":"15/05/2018","competitorName":"Comfy","competitorId":65000001032,"depName":"Велика побутова техніка","depId":61000060108,"branchName":"Відділ 310","article":31046353,"itemTitle":"Вытяжка декоративная ELEYUS Kent 700 60 BL","price":"2039,00","isAvailable":true,"identity":true,"isPromo":true,"ginnerName":"Витяжка кухонна ELEYUS Kent 700 60 BL"},{"monitoringDate":"15/05/2018","competitorName":"Comfy","competitorId":65000001032,"depName":"Велика побутова техніка","depId":61000060108,"branchName":"Відділ 310","article":31046352,"itemTitle":"Вытяжка декоративная ELEYUS KENT 700 60 IS","price":"2679,00","isAvailable":true,"identity":true,"isPromo":false,"ginnerName":"Витяжка кухонна ELEYUS Kent 700 60 IS"},{"monitoringDate":"15/05/2018","competitorName":"Comfy","competitorId":65000001032,"depName":"Велика побутова техніка","depId":61000060108,"branchName":"Відділ 310","article":31046351,"itemTitle":"Вытяжка декоративная ELEYUS KENT 700 60 WH","price":"2039,00","isAvailable":true,"identity":true,"isPromo":true,"ginnerName":"Витяжка кухонна ELEYUS Kent 700 60 WH"},{"monitoringDate":"15/05/2018","competitorName":"Comfy","competitorId":65000001032,"depName":"Велика побутова техніка","depId":61000060108,"branchName":"Відділ 310","article":31039848,"itemTitle":"Вытяжка декоративная ELEYUS Lana 700 60 BL","price":"2779,00","isAvailable":true,"identity":true,"isPromo":false,"ginnerName":"Витяжка кухонна ELEYUS Lana 700 60 BL"},{"monitoringDate":"15/05/2018","competitorName":"Comfy","competitorId":65000001032,"depName":"Велика побутова техніка","depId":61000060108,"branchName":"Відділ 310","article":31039849,"itemTitle":"Вытяжка декоративная ELEYUS Lana 700 60 WH","price":"2765,00","isAvailable":true,"identity":true,"isPromo":false,"ginnerName":"Витяжка кухонна ELEYUS Lana 700 60 WH"},{"monitoringDate":"15/05/2018","competitorName":"Comfy","competitorId":65000001032,"depName":"Велика побутова техніка","depId":61000060108,"branchName":"Відділ 310","article":31046357,"itemTitle":"Вытяжка декоративная ELEYUS Titan A 750 LED SMD 60 BG","price":"3429,00","isAvailable":false,"identity":true,"isPromo":true,"ginnerName":"Витяжка кухонна ELEYUS Titan A 750 LED SMD 60 BG"},{"monitoringDate":"15/05/2018","competitorName":"Comfy","competitorId":65000001032,"depName":"Велика побутова техніка","depId":61000060108,"branchName":"Відділ 310","article":31046359,"itemTitle":"Вытяжка декоративная ELEYUS Titan A 750 LED SMD 60 BL","price":"3159,00","isAvailable":true,"identity":true,"isPromo":true,"ginnerName":"Витяжка кухонна ELEYUS Titan A 750 LED SMD 60 BL"},{"monitoringDate":"15/05/2018","competitorName":"Comfy","competitorId":65000001032,"depName":"Велика побутова техніка","depId":61000060108,"branchName":"Відділ 310","article":31046360,"itemTitle":"Вытяжка декоративная ELEYUS Titan A 750 LED SMD 60 IS+BL","price":"3309,00","isAvailable":true,"identity":true,"isPromo":true,"ginnerName":"Витяжка кухонна ELEYUS Titan A 750 LED SMD 60 IS+BL "},{"monitoringDate":"15/05/2018","competitorName":"Comfy","competitorId":65000001032,"depName":"Велика побутова техніка","depId":61000060108,"branchName":"Відділ 310","article":31046358,"itemTitle":"Вытяжка декоративная ELEYUS Titan A 750 LED SMD 60 WH","price":"3309,00","isAvailable":true,"identity":true,"isPromo":true,"ginnerName":"Витяжка кухонна ELEYUS Titan A 750 LED SMD 60 WH"},{"monitoringDate":"15/05/2018","competitorName":"Comfy","competitorId":65000001032,"depName":"Велика побутова техніка","depId":61000060108,"branchName":"Відділ 310","article":31046254,"itemTitle":"Вытяжка декоративная ELEYUS Troy A 1000 LED SMD 60 BL","price":"7669,00","isAvailable":true,"identity":true,"isPromo":false,"ginnerName":"Витяжка кухонна ELEYUS Troy A 1000 LED SMD 60 BL"},{"monitoringDate":"15/05/2018","competitorName":"Comfy","competitorId":65000001032,"depName":"Велика побутова техніка","depId":61000060108,"branchName":"Відділ 310","article":31046198,"itemTitle":"Вытяжка декоративная ELEYUS Troy A 1000 LED SMD 90 BL","price":"7769,00","isAvailable":true,"identity":true,"isPromo":false,"ginnerName":"Витяжка кухонна ELEYUS Troy A 1000 LED SMD 90 BL"},{"monitoringDate":"15/05/2018","competitorName":"Comfy","competitorId":65000001032,"depName":"Велика побутова техніка","depId":61000060108,"branchName":"Відділ 310","article":31046208,"itemTitle":"Вытяжка декоративная ELEYUS Venera A 1000 LED SMD 60 WH","price":"6319,00","isAvailable":true,"identity":true,"isPromo":false,"ginnerName":"Витяжка кухонна ELEYUS Vesta A 1000 LED SMD 60 WH"},{"monitoringDate":"15/05/2018","competitorName":"Comfy","competitorId":65000001032,"depName":"Велика побутова техніка","depId":61000060108,"branchName":"Відділ 310","article":31046209,"itemTitle":"Вытяжка декоративная ELEYUS Vesta A 1000 LED SMD 60 BL","price":"4289,00","isAvailable":true,"identity":true,"isPromo":false,"ginnerName":"Витяжка кухонна ELEYUS Vesta A 1000 LED SMD 60 BL"},{"monitoringDate":"15/05/2018","competitorName":"Comfy","competitorId":65000001032,"depName":"Велика побутова техніка","depId":61000060108,"branchName":"Відділ 310","article":31046210,"itemTitle":"Вытяжка декоративная ELEYUS Vesta A 1000 LED SMD 60 IS+BL","price":"4909,00","isAvailable":true,"identity":true,"isPromo":false,"ginnerName":"Витяжка кухонна ELEYUS Vesta A 1000 LED SMD 60 IS+BL"},{"monitoringDate":"15/05/2018","competitorName":"Comfy","competitorId":65000001032,"depName":"Велика побутова техніка","depId":61000060108,"branchName":"Відділ 310","article":31046213,"itemTitle":"Вытяжка декоративная ELEYUS Vesta A 1000 LED SMD 60 S BL","price":"6777,00","isAvailable":true,"identity":true,"isPromo":false,"ginnerName":"Витяжка кухонна ELEYUS Vesta A 1000 LED SMD 60 S BL"},{"monitoringDate":"15/05/2018","competitorName":"Comfy","competitorId":65000001032,"depName":"Велика побутова техніка","depId":61000060108,"branchName":"Відділ 310","article":31039025,"itemTitle":"Вытяжка декоративная Elica MISSY LUX IX/A/90","price":"2689,00","isAvailable":false,"identity":true,"isPromo":false,"ginnerName":"Витяжка кухонна ELICA MISSY LUX IX/A/60"},{"monitoringDate":"15/05/2018","competitorName":"Comfy","competitorId":65000001032,"depName":"Велика побутова техніка","depId":61000060108,"branchName":"Відділ 310","article":31039308,"itemTitle":"Вытяжка декоративная Elica MISSY LUX WH/A/60","price":"2599,00","isAvailable":true,"identity":true,"isPromo":false,"ginnerName":"Витяжка кухонна ELICA MISSY LUX WH/A/60"},{"monitoringDate":"15/05/2018","competitorName":"Comfy","competitorId":65000001032,"depName":"Велика побутова техніка","depId":61000060108,"branchName":"Відділ 310","article":31046293,"itemTitle":"Вытяжка декоративная Elica SHIRE BL/A/60","price":"8299,00","isAvailable":true,"identity":true,"isPromo":false,"ginnerName":"Витяжка кухонна ELICA SHIRE BL/A/60"},{"monitoringDate":"15/05/2018","competitorName":"Comfy","competitorId":65000001032,"depName":"Велика побутова техніка","depId":61000060108,"branchName":"Відділ 310","article":31046294,"itemTitle":"Вытяжка декоративная Elica SHIRE WH/A/60","price":"8299,00","isAvailable":true,"identity":true,"isPromo":false,"ginnerName":"Витяжка кухонна ELICA SHIRE WH/A/60"},{"monitoringDate":"15/05/2018","competitorName":"Comfy","competitorId":65000001032,"depName":"Велика побутова техніка","depId":61000060108,"branchName":"Відділ 310","article":30107485,"itemTitle":"Вытяжка декоративная Elica Spot NG h6 IX A/60","price":"4699,00","isAvailable":true,"identity":true,"isPromo":false,"ginnerName":"Витяжка кухонна ELICA Spot NG H6 IX A/60  (600 м. куб/год)"},{"monitoringDate":"15/05/2018","competitorName":"Comfy","competitorId":65000001032,"depName":"Велика побутова техніка","depId":61000060108,"branchName":"Відділ 310","article":31046172,"itemTitle":"Вытяжка декоративная Gorenje DK 63 MCLB","price":"9799,00","isAvailable":true,"identity":true,"isPromo":false,"ginnerName":"Витяжка кухонна GORENJE DK 63 MCLB"},{"monitoringDate":"15/05/2018","competitorName":"Comfy","competitorId":65000001032,"depName":"Велика побутова техніка","depId":61000060108,"branchName":"Відділ 310","article":31046171,"itemTitle":"Вытяжка декоративная Gorenje DK63CLB","price":"7699,00","isAvailable":true,"identity":true,"isPromo":false,"ginnerName":"Витяжка кухонна GORENJE DK 63 CLB"},{"monitoringDate":"15/05/2018","competitorName":"Comfy","competitorId":65000001032,"depName":"Велика побутова техніка","depId":61000060108,"branchName":"Відділ 310","article":31039660,"itemTitle":"Вытяжка декоративная Gorenje DK63CLI","price":"7699,00","isAvailable":true,"identity":true,"isPromo":false,"ginnerName":"Витяжка кухонна GORENJE DK 63 CLI"},{"monitoringDate":"15/05/2018","competitorName":"Comfy","competitorId":65000001032,"depName":"Велика побутова техніка","depId":61000060108,"branchName":"Відділ 310","article":31046548,"itemTitle":"Вытяжка декоративная Gorenje DT6SY2B","price":"7799,00","isAvailable":true,"identity":true,"isPromo":false,"ginnerName":"Витяжка кухонна Gorenje DT 6 SY2B"},{"monitoringDate":"15/05/2018","competitorName":"Comfy","competitorId":65000001032,"depName":"Велика побутова техніка","depId":61000060108,"branchName":"Відділ 310","article":31046549,"itemTitle":"Вытяжка декоративная Gorenje DT6SY2W","price":"8199,00","isAvailable":true,"identity":true,"isPromo":false,"ginnerName":"Витяжка кухонна Gorenje DT 6 SY2W"},{"monitoringDate":"15/05/2018","competitorName":"Comfy","competitorId":65000001032,"depName":"Велика побутова техніка","depId":61000060108,"branchName":"Відділ 310","article":31046175,"itemTitle":"Вытяжка декоративная Gorenje WHC 623 E16W","price":"2299,00","isAvailable":true,"identity":true,"isPromo":false,"ginnerName":"Витяжка кухонна GORENJE WHC 623 E16W"},{"monitoringDate":"15/05/2018","competitorName":"Comfy","competitorId":65000001032,"depName":"Велика побутова техніка","depId":61000060108,"branchName":"Відділ 310","article":31046177,"itemTitle":"Вытяжка декоративная Gorenje WHI 621 E1XGB","price":"5399,00","isAvailable":true,"identity":true,"isPromo":false,"ginnerName":"Витяжка кухонна GORENJE WHI 621 E1XGB"},{"monitoringDate":"15/05/2018","competitorName":"Comfy","competitorId":65000001032,"depName":"Велика побутова техніка","depId":61000060108,"branchName":"Відділ 310","article":31046178,"itemTitle":"Вытяжка декоративная Gorenje WHI 621 E1XGW","price":"5399,00","isAvailable":true,"identity":true,"isPromo":false,"ginnerName":"Витяжка кухонна GORENJE WHI 621 E1XGW"},{"monitoringDate":"15/05/2018","competitorName":"Comfy","competitorId":65000001032,"depName":"Велика побутова техніка","depId":61000060108,"branchName":"Відділ 310","article":31046179,"itemTitle":"Вытяжка декоративная Gorenje WHT 621 E3XBG","price":"4399,00","isAvailable":true,"identity":true,"isPromo":false,"ginnerName":"Витяжка кухонна GORENJE WHT 621 E3XBG"},{"monitoringDate":"15/05/2018","competitorName":"Comfy","competitorId":65000001032,"depName":"Велика побутова техніка","depId":61000060108,"branchName":"Відділ 310","article":31046272,"itemTitle":"Вытяжка декоративная Pyramida BT 60 M WH","price":"5499,00","isAvailable":true,"identity":true,"isPromo":false,"ginnerName":"Витяжка кухонна PYRAMIDA BT 60 M WH"},{"monitoringDate":"15/05/2018","competitorName":"Comfy","competitorId":65000001032,"depName":"Велика побутова техніка","depId":61000060108,"branchName":"Відділ 310","article":31039992,"itemTitle":"Вытяжка декоративная Pyramida KH 50 BL","price":"2299,00","isAvailable":true,"identity":true,"isPromo":false,"ginnerName":"Витяжка кухонна PYRAMIDA KH 50 BL"},{"monitoringDate":"15/05/2018","competitorName":"Comfy","competitorId":65000001032,"depName":"Велика побутова техніка","depId":61000060108,"branchName":"Відділ 310","article":31039995,"itemTitle":"Вытяжка декоративная Pyramida KH 50 IX","price":"2499,00","isAvailable":true,"identity":true,"isPromo":false,"ginnerName":"Витяжка кухонна PYRAMIDA KH 50 IX"},{"monitoringDate":"15/05/2018","competitorName":"Comfy","competitorId":65000001032,"depName":"Велика побутова техніка","depId":61000060108,"branchName":"Відділ 310","article":31046002,"itemTitle":"Вытяжка декоративная Pyramida KH 60 BL","price":"2299,00","isAvailable":true,"identity":true,"isPromo":false,"ginnerName":"Витяжка кухонна PYRAMIDA KH 60 BL"},{"monitoringDate":"15/05/2018","competitorName":"Comfy","competitorId":65000001032,"depName":"Велика побутова техніка","depId":61000060108,"branchName":"Відділ 310","article":31046006,"itemTitle":"Вытяжка декоративная Pyramida KH 60 RUSTICO BL","price":"2799,00","isAvailable":true,"identity":true,"isPromo":false,"ginnerName":"Витяжка кухонна PYRAMIDA KH 60 RUSTICO BL"},{"monitoringDate":"15/05/2018","competitorName":"Comfy","competitorId":65000001032,"depName":"Велика побутова техніка","depId":61000060108,"branchName":"Відділ 310","article":31046007,"itemTitle":"Вытяжка декоративная Pyramida KH 60 RUSTICO IV","price":"2799,00","isAvailable":true,"identity":true,"isPromo":false,"ginnerName":"Витяжка кухонна PYRAMIDA KH 60 RUSTICO IV"},{"monitoringDate":"15/05/2018","competitorName":"Comfy","competitorId":65000001032,"depName":"Велика побутова техніка","depId":61000060108,"branchName":"Відділ 310","article":31046030,"itemTitle":"Вытяжка декоративная Pyramida KZ 50 BL","price":"1749,00","isAvailable":true,"identity":true,"isPromo":false,"ginnerName":"Витяжка кухонна PYRAMIDA KZ 50 BL"},{"monitoringDate":"15/05/2018","competitorName":"Comfy","competitorId":65000001032,"depName":"Велика побутова техніка","depId":61000060108,"branchName":"Відділ 310","article":31046034,"itemTitle":"Вытяжка декоративная Pyramida KZ 60 BL","price":"1749,00","isAvailable":true,"identity":true,"isPromo":false,"ginnerName":"Витяжка кухонна PYRAMIDA KZ 60 BL"},{"monitoringDate":"15/05/2018","competitorName":"Comfy","competitorId":65000001032,"depName":"Велика побутова техніка","depId":61000060108,"branchName":"Відділ 310","article":31046037,"itemTitle":"Вытяжка декоративная Pyramida KZ 60 WH","price":"1579,00","isAvailable":false,"identity":true,"isPromo":true,"ginnerName":"Витяжка кухонна PYRAMIDA KZ 60 WH"},{"monitoringDate":"15/05/2018","competitorName":"Comfy","competitorId":65000001032,"depName":"Велика побутова техніка","depId":61000060108,"branchName":"Відділ 310","article":31007385,"itemTitle":"Вытяжка декоративная Pyramida NR 60 Black","price":"3399,00","isAvailable":true,"identity":true,"isPromo":false,"ginnerName":"Витяжка кухонна Pyramida NR 60 BLACK / (MU/U)"},{"monitoringDate":"15/05/2018","competitorName":"Comfy","competitorId":65000001032,"depName":"Велика побутова техніка","depId":61000060108,"branchName":"Відділ 310","article":31046044,"itemTitle":"Вытяжка декоративная Pyramida NR 60 S BL","price":"3999,00","isAvailable":true,"identity":true,"isPromo":false,"ginnerName":"Витяжка кухонна PYRAMIDA NR 60 S BL"},{"monitoringDate":"15/05/2018","competitorName":"Comfy","competitorId":65000001032,"depName":"Велика побутова техніка","depId":61000060108,"branchName":"Відділ 310","article":31007628,"itemTitle":"Вытяжка декоративная Pyramida NR 60 WHITE","price":"3599,00","isAvailable":true,"identity":true,"isPromo":false,"ginnerName":"Витяжка кухонна PYRAMIDA NR 60 WHITE"},{"monitoringDate":"15/05/2018","competitorName":"Comfy","competitorId":65000001032,"depName":"Велика побутова техніка","depId":61000060108,"branchName":"Відділ 310","article":31046048,"itemTitle":"Вытяжка декоративная Pyramida NR-F 60 M BL IX","price":"3599,00","isAvailable":true,"identity":true,"isPromo":false,"ginnerName":"Витяжка кухонна PYRAMIDA NR-F 60 M BL IX"},{"monitoringDate":"15/05/2018","competitorName":"Comfy","competitorId":65000001032,"depName":"Велика побутова техніка","depId":61000060108,"branchName":"Відділ 310","article":31046050,"itemTitle":"Вытяжка декоративная Pyramida NR-F 60 S BL","price":"3999,00","isAvailable":true,"identity":true,"isPromo":false,"ginnerName":"Витяжка кухонна PYRAMIDA NR-F 60 S BL"},{"monitoringDate":"15/05/2018","competitorName":"Comfy","competitorId":65000001032,"depName":"Велика побутова техніка","depId":61000060108,"branchName":"Відділ 310","article":31046052,"itemTitle":"Вытяжка декоративная Pyramida NR-MG 60 M BL","price":"2899,00","isAvailable":true,"identity":true,"isPromo":false,"ginnerName":"Витяжка кухонна PYRAMIDA NR-MG 60 M BL"},{"monitoringDate":"15/05/2018","competitorName":"Comfy","competitorId":65000001032,"depName":"Велика побутова техніка","depId":61000060108,"branchName":"Відділ 310","article":31046053,"itemTitle":"Вытяжка декоративная Pyramida NR-MG 60 MIV","price":"3099,00","isAvailable":true,"identity":true,"isPromo":false,"ginnerName":"Витяжка кухонна PYRAMIDA NR-MG 60 M IV"},{"monitoringDate":"15/05/2018","competitorName":"Comfy","competitorId":65000001032,"depName":"Велика побутова техніка","depId":61000060108,"branchName":"Відділ 310","article":31046056,"itemTitle":"Вытяжка декоративная Pyramida NR-MV 50 M IV","price":"3099,00","isAvailable":true,"identity":true,"isPromo":false,"ginnerName":"Витяжка кухонна PYRAMIDA NR-MV 50 M IV"},{"monitoringDate":"15/05/2018","competitorName":"Comfy","competitorId":65000001032,"depName":"Велика побутова техніка","depId":61000060108,"branchName":"Відділ 310","article":31046057,"itemTitle":"Вытяжка декоративная Pyramida NR-MV 50 M WH","price":"3099,00","isAvailable":true,"identity":true,"isPromo":false,"ginnerName":"Витяжка кухонна PYRAMIDA NR-MV 50 M WH"},{"monitoringDate":"15/05/2018","competitorName":"Comfy","competitorId":65000001032,"depName":"Велика побутова техніка","depId":61000060108,"branchName":"Відділ 310","article":31046058,"itemTitle":"Вытяжка декоративная Pyramida NR-MV 60 M BL","price":"2899,00","isAvailable":true,"identity":true,"isPromo":false,"ginnerName":"Витяжка кухонна PYRAMIDA NR-MV 60 M BL"},{"monitoringDate":"15/05/2018","competitorName":"Comfy","competitorId":65000001032,"depName":"Велика побутова техніка","depId":61000060108,"branchName":"Відділ 310","article":31046139,"itemTitle":"Вытяжка декоративная Pyramida UNO 50 BL","price":"1099,00","isAvailable":true,"identity":true,"isPromo":false,"ginnerName":"Витяжка кухонна PYRAMIDA UNO 50 BL"},{"monitoringDate":"15/05/2018","competitorName":"Comfy","competitorId":65000001032,"depName":"Велика побутова техніка","depId":61000060108,"branchName":"Відділ 310","article":31046144,"itemTitle":"Вытяжка декоративная Pyramida UNO 60 BR","price":"1099,00","isAvailable":true,"identity":true,"isPromo":false,"ginnerName":"Витяжка кухонна PYRAMIDA UNO 60 BR"},{"monitoringDate":"15/05/2018","competitorName":"Comfy","competitorId":65000001032,"depName":"Велика побутова техніка","depId":61000060108,"branchName":"Відділ 310","article":31046331,"itemTitle":"Вытяжка традиционная ELEYUS City 60 BR","price":"1559,00","isAvailable":true,"identity":true,"isPromo":false,"ginnerName":"Витяжка кухонна ELEYUS City 60 BR"},{"monitoringDate":"15/05/2018","competitorName":"Comfy","competitorId":65000001032,"depName":"Велика побутова техніка","depId":61000060108,"branchName":"Відділ 310","article":31046390,"itemTitle":"Вытяжка традиционная ELEYUS City 60 IS","price":"1899,00","isAvailable":true,"identity":true,"isPromo":false,"ginnerName":"Витяжка кухонна ELEYUS City 60 IS"},{"monitoringDate":"15/05/2018","competitorName":"Comfy","competitorId":65000001032,"depName":"Велика побутова техніка","depId":61000060108,"branchName":"Відділ 310","article":31046330,"itemTitle":"Вытяжка традиционная ELEYUS City 60 WH","price":"1559,00","isAvailable":true,"identity":true,"isPromo":false,"ginnerName":"Витяжка кухонна ELEYUS City 60 WH"},{"monitoringDate":"15/05/2018","competitorName":"Comfy","competitorId":65000001032,"depName":"Велика побутова техніка","depId":61000060108,"branchName":"Відділ 310","article":31046450,"itemTitle":"Вытяжка традиционная Elica VERVE IX F/60","price":"1645,00","isAvailable":true,"identity":true,"isPromo":false,"ginnerName":"Витяжка кухонна ELICA VERVE LUX IX/F/60"},{"monitoringDate":"15/05/2018","competitorName":"Comfy","competitorId":65000001032,"depName":"Велика побутова техніка","depId":61000060108,"branchName":"Відділ 310","article":31046451,"itemTitle":"Вытяжка традиционная Elica VERVE WH/F/60","price":"1585,00","isAvailable":true,"identity":true,"isPromo":false,"ginnerName":"Витяжка кухонна ELICA VERVE WH/F/60 "},{"monitoringDate":"15/05/2018","competitorName":"Comfy","competitorId":65000001032,"depName":"Велика побутова техніка","depId":61000060108,"branchName":"Відділ 310","article":31046142,"itemTitle":"Вытяжка традиционная Pyramida UNO 50 WH","price":"1099,00","isAvailable":true,"identity":true,"isPromo":false,"ginnerName":"Витяжка кухонна PYRAMIDA UNO 50 WH"},{"monitoringDate":"15/05/2018","competitorName":"Comfy","competitorId":65000001032,"depName":"Велика побутова техніка","depId":61000060108,"branchName":"Відділ 310","article":31046145,"itemTitle":"Вытяжка традиционная Pyramida UNO 60 IV","price":"1099,00","isAvailable":true,"identity":true,"isPromo":false,"ginnerName":"Витяжка кухонна PYRAMIDA UNO 60 IV"},{"monitoringDate":"15/05/2018","competitorName":"Comfy","competitorId":65000001032,"depName":"Велика побутова техніка","depId":61000060108,"branchName":"Відділ 310","article":31046143,"itemTitle":"Вытяжка традиционная Pyramida UNO 60 BL","price":"1099,00","isAvailable":true,"identity":true,"isPromo":false,"ginnerName":"Витяжка кухонна PYRAMIDA UNO 60 BL"},{"monitoringDate":"15/05/2018","competitorName":"Comfy","competitorId":65000001032,"depName":"Велика побутова техніка","depId":61000060108,"branchName":"Відділ 310","article":31046055,"itemTitle":"Вытяжка встраиваемая Ventolux GARDA 60 INOX/M (430)","price":"1489,00","isAvailable":true,"identity":true,"isPromo":false,"ginnerName":"Витяжка кухонна PYRAMIDA NR-MV 50 M BL"}]