[{"monitoringDate":"24/04/2018","competitorName":"Stroytech (Будпостач)","competitorId":20,"depName":"Машини, станки, обладнання","depId":65000002233,"branchName":"Відділ 20","article":20310274,"itemTitle":"Forte FG3500 Электрогенератор","price":"5944,00","isAvailable":true,"identity":true,"isPromo":false,"ginnerName":"Мініелектростанція (генератор) Forte FG 3500, 2,5 кВт, 1ф, бак 15 л, розхід 0,55 л/г, 51,6 кг"},{"monitoringDate":"24/04/2018","competitorName":"Stroytech (Будпостач)","competitorId":20,"depName":"Машини, станки, обладнання","depId":65000002233,"branchName":"Відділ 20","article":20310341,"itemTitle":"Forte FG6500E Электрогенератор","price":"0,00","isAvailable":false,"identity":true,"isPromo":false,"ginnerName":"Мініелектростанція Forte 6500 E, 5 кВт, 1ф, бак 25 л, 86 кг, стартер"},{"monitoringDate":"24/04/2018","competitorName":"Stroytech (Будпостач)","competitorId":20,"depName":"Машини, станки, обладнання","depId":65000002233,"branchName":"Відділ 20","article":20340088,"itemTitle":"Forte FG LPG 3800 Электрогенератор","price":"9915,00","isAvailable":true,"identity":true,"isPromo":true,"ginnerName":"Мініелектростанція ФОРТЕ FG LPG 3800, 2,8/3кВт, бак 15л, газ/бензин, 550гр/кВт*г, 50кг"},{"monitoringDate":"24/04/2018","competitorName":"Stroytech (Будпостач)","competitorId":20,"depName":"Машини, станки, обладнання","depId":65000002233,"branchName":"Відділ 20","article":20324285,"itemTitle":"KAISER NBC-250 PROFI Сварочный инвертор","price":"2652,00","isAvailable":true,"identity":true,"isPromo":false,"ginnerName":"Інвертор Kaiser NBC-250 profi, 220В, 250А, електрод 1,6-5,0мм, 6,6кг, кейс"},{"monitoringDate":"24/04/2018","competitorName":"Stroytech (Будпостач)","competitorId":20,"depName":"Машини, станки, обладнання","depId":65000002233,"branchName":"Відділ 20","article":20303138,"itemTitle":"Forte VFL-50 Компрессор","price":"5775,00","isAvailable":true,"identity":true,"isPromo":false,"ginnerName":"Компрессор FORTE VFL-50, 2,2 кВт, ресівер 50 л, 8 атм, 420 л/хв"},{"monitoringDate":"24/04/2018","competitorName":"Stroytech (Будпостач)","competitorId":20,"depName":"Машини, станки, обладнання","depId":65000002233,"branchName":"Відділ 20","article":20303090,"itemTitle":"Forte ZA 65-50 Компрессор","price":"7967,00","isAvailable":true,"identity":true,"isPromo":false,"ginnerName":"Компресор FORTE ZA 65-50, 2,2 кВт, ресівер 50 л,  8бар, 335 л/хв"},{"monitoringDate":"24/04/2018","competitorName":"Stroytech (Будпостач)","competitorId":20,"depName":"Машини, станки, обладнання","depId":65000002233,"branchName":"Відділ 20","article":20324447,"itemTitle":"ПАТОН ВДИ-200E ECO Сварочный инвертор","price":"0,00","isAvailable":false,"identity":true,"isPromo":false,"ginnerName":"Інвертор зварювальний Патон ВДІ-200Е DC MMA, 200А, 6,9кВА, 4,5кг"},{"monitoringDate":"24/04/2018","competitorName":"Stroytech (Будпостач)","competitorId":20,"depName":"Машини, станки, обладнання","depId":65000002233,"branchName":"Відділ 20","article":20324446,"itemTitle":"ПАТОН ВДИ-250E ECO Сварочный инвертор","price":"5999,00","isAvailable":true,"identity":true,"isPromo":false,"ginnerName":"Інвертор зварювальний Патон ВДІ-250Е DC MMA, 250кВА, 8,8кВА, 5кг"},{"monitoringDate":"24/04/2018","competitorName":"Stroytech (Будпостач)","competitorId":20,"depName":"Машини, станки, обладнання","depId":65000002233,"branchName":"Відділ 20","article":20303538,"itemTitle":"Сталь КСР-04/100 Компрессор","price":"7380,00","isAvailable":true,"identity":true,"isPromo":true,"ginnerName":"Компресор СТАЛЬ КСР-04/100, 2,2кВт, 8атм, 400л/хв., 100л."},{"monitoringDate":"24/04/2018","competitorName":"Stroytech (Будпостач)","competitorId":20,"depName":"Машини, станки, обладнання","depId":65000002233,"branchName":"Відділ 20","article":20324365,"itemTitle":"KAISER NBC-250L Profi Сварочный инвертор","price":"2721,00","isAvailable":true,"identity":true,"isPromo":false,"ginnerName":"Інвертор Kaiser NBC-250L profi, 220В, 20-250А, 1,6-5,0мм, вага 6,6кг, кейс, табло"},{"monitoringDate":"24/04/2018","competitorName":"Stroytech (Будпостач)","competitorId":20,"depName":"Машини, станки, обладнання","depId":65000002233,"branchName":"Відділ 20","article":20324175,"itemTitle":"KAISER MAG-195R Сварочный полуавтомат","price":"4823,00","isAvailable":true,"identity":true,"isPromo":true,"ginnerName":"Напівавтомат зварювальний Kaiser MAG-195R, 7,5 кВт, 220 В, ток 40-180 А, дріт 0.6-1 мм, 37кг"},{"monitoringDate":"24/04/2018","competitorName":"Stroytech (Будпостач)","competitorId":20,"depName":"Машини, станки, обладнання","depId":65000002233,"branchName":"Відділ 20","article":20303535,"itemTitle":"Werk BM-2T24N Компрессор","price":"2087,00","isAvailable":true,"identity":true,"isPromo":true,"ginnerName":"Компресор WERK BM-2Т24N - 8 атм. 1,5 кВт, вхід: 200 л/хв., рес-р 24 л. "},{"monitoringDate":"24/04/2018","competitorName":"Stroytech (Будпостач)","competitorId":20,"depName":"Машини, станки, обладнання","depId":65000002233,"branchName":"Відділ 20","article":20303508,"itemTitle":"Werk VBM-50N Компрессор","price":"4841,00","isAvailable":true,"identity":true,"isPromo":true,"ginnerName":"Компресор Werk VBM-50N, 2,2кВт, 8атм,  360л/хв, 50л"},{"monitoringDate":"24/04/2018","competitorName":"Stroytech (Будпостач)","competitorId":20,"depName":"Машини, станки, обладнання","depId":65000002233,"branchName":"Відділ 20","article":20303283,"itemTitle":"Werk ZBM60-100 Компрессор","price":"8245,00","isAvailable":true,"identity":true,"isPromo":false,"ginnerName":"Компресор ZBM60-100 WERK - 8 атм. 2,0кВт, вхід: 300л/хв, рес-р 100л"},{"monitoringDate":"24/04/2018","competitorName":"Stroytech (Будпостач)","competitorId":20,"depName":"Машини, станки, обладнання","depId":65000002233,"branchName":"Відділ 20","article":20303332,"itemTitle":"Werk ZBM60-50 Компрессор","price":"7653,00","isAvailable":true,"identity":true,"isPromo":false,"ginnerName":"Компресор ZBM60-50 WERK - 10 атм. 2,0 кВт, вхід: 300 л/хв., рес-р 50 л. WERK "}]
