[{"monitoringDate":"10/05/2018","competitorName":"Comfy","competitorId":65000001032,"depName":"Зображення та звук","depId":65000003301,"branchName":"Відділ 310","article":31256006,"itemTitle":"Звуковой проектор LG SJ3","price":"7599,00","isAvailable":true,"identity":true,"isPromo":false,"ginnerName":"Саундбар LG SJ3"},{"monitoringDate":"10/05/2018","competitorName":"Comfy","competitorId":65000001032,"depName":"Зображення та звук","depId":65000003301,"branchName":"Відділ 310","article":31256005,"itemTitle":"Звуковой проектор LG SJ5B","price":"8799,00","isAvailable":true,"identity":true,"isPromo":false,"ginnerName":"Саундбар LG SJ5B"}]