[{"monitoringDate":"10/05/2018","competitorName":"Comfy","competitorId":65000001032,"depName":"Велика побутова техніка","depId":61000060108,"branchName":"Відділ 310","article":31041326,"itemTitle":"Духовой шкаф электрический Electrolux EOA93434AX","price":"11699,00","isAvailable":true,"identity":true,"isPromo":false,"ginnerName":"Шафа вбуд. електр. ELECTROLUX EOB93434AX"},{"monitoringDate":"10/05/2018","competitorName":"Comfy","competitorId":65000001032,"depName":"Велика побутова техніка","depId":61000060108,"branchName":"Відділ 310","article":31002685,"itemTitle":"Духовой шкаф электрический Electrolux OPEA7553X","price":"17469,00","isAvailable":true,"identity":true,"isPromo":false,"ginnerName":"Шафа вбуд. електр. ELECTROLUX OPEA7553X"},{"monitoringDate":"10/05/2018","competitorName":"Comfy","competitorId":65000001032,"depName":"Велика побутова техніка","depId":61000060108,"branchName":"Відділ 310","article":31004807,"itemTitle":"Духовой шкаф электрический Electrolux OPEC6631X","price":"28499,00","isAvailable":true,"identity":true,"isPromo":false,"ginnerName":"Шафа вбуд. електр. ELECTROLUX OPEC6631X"},{"monitoringDate":"10/05/2018","competitorName":"Comfy","competitorId":65000001032,"depName":"Велика побутова техніка","depId":61000060108,"branchName":"Відділ 310","article":31004894,"itemTitle":"Духовой шкаф электрический Pyramida F 60 M GBL","price":"6699,00","isAvailable":true,"identity":true,"isPromo":false,"ginnerName":"Шафа вбуд. електр. PYRAMIDA F 60 M GBL"},{"monitoringDate":"10/05/2018","competitorName":"Comfy","competitorId":65000001032,"depName":"Велика побутова техніка","depId":61000060108,"branchName":"Відділ 310","article":31002736,"itemTitle":"Духовой шкаф электрический Pyramida F 80 EPL GWH","price":"9199,00","isAvailable":true,"identity":true,"isPromo":false,"ginnerName":"Шафа вбуд. електр. PYRAMIDA F 80 EPL GWH"},{"monitoringDate":"10/05/2018","competitorName":"Comfy","competitorId":65000001032,"depName":"Велика побутова техніка","depId":61000060108,"branchName":"Відділ 310","article":31002735,"itemTitle":"Духовой шкаф электрический Pyramida F 85 EP IX","price":"7899,00","isAvailable":true,"identity":true,"isPromo":false,"ginnerName":"Шафа вбуд. електр. PYRAMIDA F 85 EPL IX"},{"monitoringDate":"10/05/2018","competitorName":"Comfy","competitorId":65000001032,"depName":"Велика побутова техніка","depId":61000060108,"branchName":"Відділ 310","article":31002733,"itemTitle":"Духовой шкаф электрический Pyramida PO 98 ME GBL IX","price":"7699,00","isAvailable":true,"identity":true,"isPromo":false,"ginnerName":"Шафа вбуд. електр. PYRAMIDA PO 98 ME GBL IX"},{"monitoringDate":"10/05/2018","competitorName":"Comfy","competitorId":65000001032,"depName":"Велика побутова техніка","depId":61000060108,"branchName":"Відділ 310","article":31002215,"itemTitle":"Духовой шкаф электрический стандарт Hansa BOEI64190055","price":"8799,00","isAvailable":true,"identity":true,"isPromo":false,"ginnerName":"Шафа вбуд.електр. HANSA BOEI64190055"},{"monitoringDate":"10/05/2018","competitorName":"Comfy","competitorId":65000001032,"depName":"Велика побутова техніка","depId":61000060108,"branchName":"Відділ 310","article":31002675,"itemTitle":"Духовой шкаф электрический Hansa BOEI69634","price":"14549,00","isAvailable":true,"identity":true,"isPromo":false,"ginnerName":"Шафа вбуд.електр. Hansa BOEI69634"},{"monitoringDate":"10/05/2018","competitorName":"Comfy","competitorId":65000001032,"depName":"Велика побутова техніка","depId":61000060108,"branchName":"Відділ 310","article":31004709,"itemTitle":"Духовой шкаф электро Electrolux EOA95651AV","price":"18199,00","isAvailable":true,"identity":true,"isPromo":false,"ginnerName":"Шафа вбуд. електр. ELECTROLUX EOA95651AV"},{"monitoringDate":"10/05/2018","competitorName":"Comfy","competitorId":65000001032,"depName":"Велика побутова техніка","depId":61000060108,"branchName":"Відділ 310","article":31002416,"itemTitle":"Духовой шкаф Electrolux EOB55351AX","price":"12445,00","isAvailable":true,"identity":true,"isPromo":false,"ginnerName":"Шафа вбуд. електр. ELECTROLUX EOB55351AX"},{"monitoringDate":"10/05/2018","competitorName":"Comfy","competitorId":65000001032,"depName":"Велика побутова техніка","depId":61000060108,"branchName":"Відділ 310","article":31002423,"itemTitle":"Духовой шкаф Electrolux EZB53410AK","price":"8599,00","isAvailable":true,"identity":true,"isPromo":false,"ginnerName":"Шафа вбуд. електр. ELECTROLUX EZB53410AK"},{"monitoringDate":"10/05/2018","competitorName":"Comfy","competitorId":65000001032,"depName":"Велика побутова техніка","depId":61000060108,"branchName":"Відділ 310","article":31002454,"itemTitle":"Духовой шкаф электро Electrolux EZB53410AW","price":"8599,00","isAvailable":true,"identity":true,"isPromo":false,"ginnerName":"Шафа вбуд. електр. ELECTROLUX EZB53410AW"},{"monitoringDate":"10/05/2018","competitorName":"Comfy","competitorId":65000001032,"depName":"Велика побутова техніка","depId":61000060108,"branchName":"Відділ 310","article":31002216,"itemTitle":"Духовой шкаф электрический Hansa BOEI67250055","price":"11199,00","isAvailable":true,"identity":true,"isPromo":false,"ginnerName":"Шафа вбуд.електр. HANSA BOEI67250055"},{"monitoringDate":"10/05/2018","competitorName":"Comfy","competitorId":65000001032,"depName":"Велика побутова техніка","depId":61000060108,"branchName":"Відділ 310","article":31002649,"itemTitle":"Духовой шкаф электрический Zanussi OPZB4230X","price":"6699,00","isAvailable":true,"identity":true,"isPromo":false,"ginnerName":"Шафа вбуд. електр. ZANUSSI OPZB4230X"},{"monitoringDate":"10/05/2018","competitorName":"Comfy","competitorId":65000001032,"depName":"Велика побутова техніка","depId":61000060108,"branchName":"Відділ 310","article":31046173,"itemTitle":"Вытяжка декоративная Gorenje DK 63 MCLI","price":"9999,00","isAvailable":true,"identity":true,"isPromo":false,"ginnerName":"Витяжка кухонна GORENJE DK 63 MCLI"},{"monitoringDate":"10/05/2018","competitorName":"Comfy","competitorId":65000001032,"depName":"Велика побутова техніка","depId":61000060108,"branchName":"Відділ 310","article":31046350,"itemTitle":"Вытяжка декоративная ELEYUS KENT 700 50 IS","price":"2679,00","isAvailable":true,"identity":true,"isPromo":false,"ginnerName":"Витяжка кухонна ELEYUS Kent 700 50 IS"},{"monitoringDate":"10/05/2018","competitorName":"Comfy","competitorId":65000001032,"depName":"Велика побутова техніка","depId":61000060108,"branchName":"Відділ 310","article":31046354,"itemTitle":"Вытяжка декоративная ELEYUS KENT 700 60 BG","price":"2399,00","isAvailable":true,"identity":true,"isPromo":false,"ginnerName":"Витяжка кухонна ELEYUS Kent 700 60 BG"},{"monitoringDate":"10/05/2018","competitorName":"Comfy","competitorId":65000001032,"depName":"Велика побутова техніка","depId":61000060108,"branchName":"Відділ 310","article":31046353,"itemTitle":"Вытяжка декоративная ELEYUS Kent 700 60 BL","price":"2399,00","isAvailable":true,"identity":true,"isPromo":false,"ginnerName":"Витяжка кухонна ELEYUS Kent 700 60 BL"},{"monitoringDate":"10/05/2018","competitorName":"Comfy","competitorId":65000001032,"depName":"Велика побутова техніка","depId":61000060108,"branchName":"Відділ 310","article":31046352,"itemTitle":"Вытяжка декоративная ELEYUS KENT 700 60 IS","price":"2679,00","isAvailable":true,"identity":true,"isPromo":false,"ginnerName":"Витяжка кухонна ELEYUS Kent 700 60 IS"},{"monitoringDate":"10/05/2018","competitorName":"Comfy","competitorId":65000001032,"depName":"Велика побутова техніка","depId":61000060108,"branchName":"Відділ 310","article":31046351,"itemTitle":"Вытяжка декоративная ELEYUS KENT 700 60 WH","price":"2299,00","isAvailable":true,"identity":true,"isPromo":false,"ginnerName":"Витяжка кухонна ELEYUS Kent 700 60 WH"},{"monitoringDate":"10/05/2018","competitorName":"Comfy","competitorId":65000001032,"depName":"Велика побутова техніка","depId":61000060108,"branchName":"Відділ 310","article":31039848,"itemTitle":"Вытяжка декоративная ELEYUS Lana 700 60 BL","price":"2659,00","isAvailable":true,"identity":true,"isPromo":false,"ginnerName":"Витяжка кухонна ELEYUS Lana 700 60 BL"},{"monitoringDate":"10/05/2018","competitorName":"Comfy","competitorId":65000001032,"depName":"Велика побутова техніка","depId":61000060108,"branchName":"Відділ 310","article":31039849,"itemTitle":"Вытяжка декоративная ELEYUS Lana 700 60 WH","price":"2765,00","isAvailable":true,"identity":true,"isPromo":false,"ginnerName":"Витяжка кухонна ELEYUS Lana 700 60 WH"},{"monitoringDate":"10/05/2018","competitorName":"Comfy","competitorId":65000001032,"depName":"Велика побутова техніка","depId":61000060108,"branchName":"Відділ 310","article":31046357,"itemTitle":"Вытяжка декоративная ELEYUS Titan A 750 LED SMD 60 BG","price":"4029,00","isAvailable":true,"identity":true,"isPromo":false,"ginnerName":"Витяжка кухонна ELEYUS Titan A 750 LED SMD 60 BG"},{"monitoringDate":"10/05/2018","competitorName":"Comfy","competitorId":65000001032,"depName":"Велика побутова техніка","depId":61000060108,"branchName":"Відділ 310","article":31046359,"itemTitle":"Вытяжка декоративная ELEYUS Titan A 750 LED SMD 60 BL","price":"3709,00","isAvailable":true,"identity":true,"isPromo":false,"ginnerName":"Витяжка кухонна ELEYUS Titan A 750 LED SMD 60 BL"},{"monitoringDate":"10/05/2018","competitorName":"Comfy","competitorId":65000001032,"depName":"Велика побутова техніка","depId":61000060108,"branchName":"Відділ 310","article":31046360,"itemTitle":"Вытяжка декоративная ELEYUS Titan A 750 LED SMD 60 IS+BL","price":"3889,00","isAvailable":true,"identity":true,"isPromo":false,"ginnerName":"Витяжка кухонна ELEYUS Titan A 750 LED SMD 60 IS+BL "},{"monitoringDate":"10/05/2018","competitorName":"Comfy","competitorId":65000001032,"depName":"Велика побутова техніка","depId":61000060108,"branchName":"Відділ 310","article":31046358,"itemTitle":"Вытяжка декоративная ELEYUS Titan A 750 LED SMD 60 WH","price":"3889,00","isAvailable":true,"identity":true,"isPromo":false,"ginnerName":"Витяжка кухонна ELEYUS Titan A 750 LED SMD 60 WH"},{"monitoringDate":"10/05/2018","competitorName":"Comfy","competitorId":65000001032,"depName":"Велика побутова техніка","depId":61000060108,"branchName":"Відділ 310","article":31046254,"itemTitle":"Вытяжка декоративная ELEYUS Troy A 1000 LED SMD 60 BL","price":"7669,00","isAvailable":true,"identity":true,"isPromo":false,"ginnerName":"Витяжка кухонна ELEYUS Troy A 1000 LED SMD 60 BL"},{"monitoringDate":"10/05/2018","competitorName":"Comfy","competitorId":65000001032,"depName":"Велика побутова техніка","depId":61000060108,"branchName":"Відділ 310","article":31046198,"itemTitle":"Вытяжка декоративная ELEYUS Troy A 1000 LED SMD 90 BL","price":"7769,00","isAvailable":true,"identity":true,"isPromo":false,"ginnerName":"Витяжка кухонна ELEYUS Troy A 1000 LED SMD 90 BL"},{"monitoringDate":"10/05/2018","competitorName":"Comfy","competitorId":65000001032,"depName":"Велика побутова техніка","depId":61000060108,"branchName":"Відділ 310","article":31046208,"itemTitle":"Вытяжка декоративная ELEYUS Venera A 1000 LED SMD 60 WH","price":"6319,00","isAvailable":true,"identity":true,"isPromo":false,"ginnerName":"Витяжка кухонна ELEYUS Vesta A 1000 LED SMD 60 WH"},{"monitoringDate":"10/05/2018","competitorName":"Comfy","competitorId":65000001032,"depName":"Велика побутова техніка","depId":61000060108,"branchName":"Відділ 310","article":31046209,"itemTitle":"Вытяжка декоративная ELEYUS Vesta A 1000 LED SMD 60 BL","price":"4289,00","isAvailable":true,"identity":true,"isPromo":false,"ginnerName":"Витяжка кухонна ELEYUS Vesta A 1000 LED SMD 60 BL"},{"monitoringDate":"10/05/2018","competitorName":"Comfy","competitorId":65000001032,"depName":"Велика побутова техніка","depId":61000060108,"branchName":"Відділ 310","article":31046210,"itemTitle":"Вытяжка декоративная ELEYUS Vesta A 1000 LED SMD 60 IS+BL","price":"4419,00","isAvailable":true,"identity":true,"isPromo":false,"ginnerName":"Витяжка кухонна ELEYUS Vesta A 1000 LED SMD 60 IS+BL"},{"monitoringDate":"10/05/2018","competitorName":"Comfy","competitorId":65000001032,"depName":"Велика побутова техніка","depId":61000060108,"branchName":"Відділ 310","article":31046213,"itemTitle":"Вытяжка декоративная ELEYUS Vesta A 1000 LED SMD 60 S BL","price":"6777,00","isAvailable":true,"identity":true,"isPromo":false,"ginnerName":"Витяжка кухонна ELEYUS Vesta A 1000 LED SMD 60 S BL"},{"monitoringDate":"10/05/2018","competitorName":"Comfy","competitorId":65000001032,"depName":"Велика побутова техніка","depId":61000060108,"branchName":"Відділ 310","article":31039025,"itemTitle":"Вытяжка декоративная Elica MISSY LUX IX/A/90","price":"2699,00","isAvailable":true,"identity":true,"isPromo":false,"ginnerName":"Витяжка кухонна ELICA MISSY LUX IX/A/60"},{"monitoringDate":"10/05/2018","competitorName":"Comfy","competitorId":65000001032,"depName":"Велика побутова техніка","depId":61000060108,"branchName":"Відділ 310","article":31039308,"itemTitle":"Вытяжка декоративная Elica MISSY LUX WH/A/60","price":"2599,00","isAvailable":true,"identity":true,"isPromo":false,"ginnerName":"Витяжка кухонна ELICA MISSY LUX WH/A/60"},{"monitoringDate":"10/05/2018","competitorName":"Comfy","competitorId":65000001032,"depName":"Велика побутова техніка","depId":61000060108,"branchName":"Відділ 310","article":31046293,"itemTitle":"Вытяжка декоративная Elica SHIRE BL/A/60","price":"8299,00","isAvailable":true,"identity":true,"isPromo":false,"ginnerName":"Витяжка кухонна ELICA SHIRE BL/A/60"},{"monitoringDate":"10/05/2018","competitorName":"Comfy","competitorId":65000001032,"depName":"Велика побутова техніка","depId":61000060108,"branchName":"Відділ 310","article":31046294,"itemTitle":"Вытяжка декоративная Elica SHIRE WH/A/60","price":"8299,00","isAvailable":true,"identity":true,"isPromo":false,"ginnerName":"Витяжка кухонна ELICA SHIRE WH/A/60"},{"monitoringDate":"10/05/2018","competitorName":"Comfy","competitorId":65000001032,"depName":"Велика побутова техніка","depId":61000060108,"branchName":"Відділ 310","article":30107485,"itemTitle":"Вытяжка декоративная Elica Spot NG h6 IX A/60","price":"4699,00","isAvailable":true,"identity":true,"isPromo":false,"ginnerName":"Витяжка кухонна ELICA Spot NG H6 IX A/60  (600 м. куб/год)"},{"monitoringDate":"10/05/2018","competitorName":"Comfy","competitorId":65000001032,"depName":"Велика побутова техніка","depId":61000060108,"branchName":"Відділ 310","article":31046172,"itemTitle":"Вытяжка декоративная Gorenje DK 63 MCLB","price":"9999,00","isAvailable":true,"identity":true,"isPromo":false,"ginnerName":"Витяжка кухонна GORENJE DK 63 MCLB"},{"monitoringDate":"10/05/2018","competitorName":"Comfy","competitorId":65000001032,"depName":"Велика побутова техніка","depId":61000060108,"branchName":"Відділ 310","article":31046171,"itemTitle":"Вытяжка декоративная Gorenje DK63CLB","price":"7889,00","isAvailable":true,"identity":true,"isPromo":false,"ginnerName":"Витяжка кухонна GORENJE DK 63 CLB"},{"monitoringDate":"10/05/2018","competitorName":"Comfy","competitorId":65000001032,"depName":"Велика побутова техніка","depId":61000060108,"branchName":"Відділ 310","article":31039660,"itemTitle":"Вытяжка декоративная Gorenje DK63CLI","price":"7999,00","isAvailable":true,"identity":true,"isPromo":false,"ginnerName":"Витяжка кухонна GORENJE DK 63 CLI"},{"monitoringDate":"10/05/2018","competitorName":"Comfy","competitorId":65000001032,"depName":"Велика побутова техніка","depId":61000060108,"branchName":"Відділ 310","article":31046548,"itemTitle":"Вытяжка декоративная Gorenje DT6SY2B","price":"8199,00","isAvailable":true,"identity":true,"isPromo":false,"ginnerName":"Витяжка кухонна Gorenje DT 6 SY2B"},{"monitoringDate":"10/05/2018","competitorName":"Comfy","competitorId":65000001032,"depName":"Велика побутова техніка","depId":61000060108,"branchName":"Відділ 310","article":31046549,"itemTitle":"Вытяжка декоративная Gorenje DT6SY2W","price":"8599,00","isAvailable":true,"identity":true,"isPromo":false,"ginnerName":"Витяжка кухонна Gorenje DT 6 SY2W"},{"monitoringDate":"10/05/2018","competitorName":"Comfy","competitorId":65000001032,"depName":"Велика побутова техніка","depId":61000060108,"branchName":"Відділ 310","article":31046175,"itemTitle":"Вытяжка декоративная Gorenje WHC 623 E16W","price":"2399,00","isAvailable":true,"identity":true,"isPromo":false,"ginnerName":"Витяжка кухонна GORENJE WHC 623 E16W"},{"monitoringDate":"10/05/2018","competitorName":"Comfy","competitorId":65000001032,"depName":"Велика побутова техніка","depId":61000060108,"branchName":"Відділ 310","article":31046177,"itemTitle":"Вытяжка декоративная Gorenje WHI 621 E1XGB","price":"5499,00","isAvailable":true,"identity":true,"isPromo":false,"ginnerName":"Витяжка кухонна GORENJE WHI 621 E1XGB"},{"monitoringDate":"10/05/2018","competitorName":"Comfy","competitorId":65000001032,"depName":"Велика побутова техніка","depId":61000060108,"branchName":"Відділ 310","article":31046178,"itemTitle":"Вытяжка декоративная Gorenje WHI 621 E1XGW","price":"5599,00","isAvailable":true,"identity":true,"isPromo":false,"ginnerName":"Витяжка кухонна GORENJE WHI 621 E1XGW"},{"monitoringDate":"10/05/2018","competitorName":"Comfy","competitorId":65000001032,"depName":"Велика побутова техніка","depId":61000060108,"branchName":"Відділ 310","article":31046179,"itemTitle":"Вытяжка декоративная Gorenje WHT 621 E3XBG","price":"4599,00","isAvailable":true,"identity":true,"isPromo":false,"ginnerName":"Витяжка кухонна GORENJE WHT 621 E3XBG"},{"monitoringDate":"10/05/2018","competitorName":"Comfy","competitorId":65000001032,"depName":"Велика побутова техніка","depId":61000060108,"branchName":"Відділ 310","article":31046272,"itemTitle":"Вытяжка декоративная Pyramida BT 60 M WH","price":"5499,00","isAvailable":true,"identity":true,"isPromo":false,"ginnerName":"Витяжка кухонна PYRAMIDA BT 60 M WH"},{"monitoringDate":"10/05/2018","competitorName":"Comfy","competitorId":65000001032,"depName":"Велика побутова техніка","depId":61000060108,"branchName":"Відділ 310","article":31039992,"itemTitle":"Вытяжка декоративная Pyramida KH 50 BL","price":"2299,00","isAvailable":true,"identity":true,"isPromo":false,"ginnerName":"Витяжка кухонна PYRAMIDA KH 50 BL"},{"monitoringDate":"10/05/2018","competitorName":"Comfy","competitorId":65000001032,"depName":"Велика побутова техніка","depId":61000060108,"branchName":"Відділ 310","article":31039995,"itemTitle":"Вытяжка декоративная Pyramida KH 50 IX","price":"2499,00","isAvailable":true,"identity":true,"isPromo":false,"ginnerName":"Витяжка кухонна PYRAMIDA KH 50 IX"},{"monitoringDate":"10/05/2018","competitorName":"Comfy","competitorId":65000001032,"depName":"Велика побутова техніка","depId":61000060108,"branchName":"Відділ 310","article":31046002,"itemTitle":"Вытяжка декоративная Pyramida KH 60 BL","price":"2299,00","isAvailable":true,"identity":true,"isPromo":false,"ginnerName":"Витяжка кухонна PYRAMIDA KH 60 BL"},{"monitoringDate":"10/05/2018","competitorName":"Comfy","competitorId":65000001032,"depName":"Велика побутова техніка","depId":61000060108,"branchName":"Відділ 310","article":31046006,"itemTitle":"Вытяжка декоративная Pyramida KH 60 RUSTICO BL","price":"2799,00","isAvailable":true,"identity":true,"isPromo":false,"ginnerName":"Витяжка кухонна PYRAMIDA KH 60 RUSTICO BL"},{"monitoringDate":"10/05/2018","competitorName":"Comfy","competitorId":65000001032,"depName":"Велика побутова техніка","depId":61000060108,"branchName":"Відділ 310","article":31046007,"itemTitle":"Вытяжка декоративная Pyramida KH 60 RUSTICO IV","price":"2799,00","isAvailable":true,"identity":true,"isPromo":false,"ginnerName":"Витяжка кухонна PYRAMIDA KH 60 RUSTICO IV"},{"monitoringDate":"10/05/2018","competitorName":"Comfy","competitorId":65000001032,"depName":"Велика побутова техніка","depId":61000060108,"branchName":"Відділ 310","article":31046030,"itemTitle":"Вытяжка декоративная Pyramida KZ 50 BL","price":"1749,00","isAvailable":false,"identity":true,"isPromo":false,"ginnerName":"Витяжка кухонна PYRAMIDA KZ 50 BL"},{"monitoringDate":"10/05/2018","competitorName":"Comfy","competitorId":65000001032,"depName":"Велика побутова техніка","depId":61000060108,"branchName":"Відділ 310","article":31046034,"itemTitle":"Вытяжка декоративная Pyramida KZ 60 BL","price":"1749,00","isAvailable":true,"identity":true,"isPromo":false,"ginnerName":"Витяжка кухонна PYRAMIDA KZ 60 BL"},{"monitoringDate":"10/05/2018","competitorName":"Comfy","competitorId":65000001032,"depName":"Велика побутова техніка","depId":61000060108,"branchName":"Відділ 310","article":31046037,"itemTitle":"Вытяжка декоративная Pyramida KZ 60 WH","price":"1749,00","isAvailable":true,"identity":true,"isPromo":false,"ginnerName":"Витяжка кухонна PYRAMIDA KZ 60 WH"},{"monitoringDate":"10/05/2018","competitorName":"Comfy","competitorId":65000001032,"depName":"Велика побутова техніка","depId":61000060108,"branchName":"Відділ 310","article":31007385,"itemTitle":"Вытяжка декоративная Pyramida NR 60 Black","price":"3399,00","isAvailable":true,"identity":true,"isPromo":false,"ginnerName":"Витяжка кухонна Pyramida NR 60 BLACK / (MU/U)"},{"monitoringDate":"10/05/2018","competitorName":"Comfy","competitorId":65000001032,"depName":"Велика побутова техніка","depId":61000060108,"branchName":"Відділ 310","article":31046044,"itemTitle":"Вытяжка декоративная Pyramida NR 60 S BL","price":"3999,00","isAvailable":true,"identity":true,"isPromo":false,"ginnerName":"Витяжка кухонна PYRAMIDA NR 60 S BL"},{"monitoringDate":"10/05/2018","competitorName":"Comfy","competitorId":65000001032,"depName":"Велика побутова техніка","depId":61000060108,"branchName":"Відділ 310","article":31007628,"itemTitle":"Вытяжка декоративная Pyramida NR 60 WHITE","price":"3599,00","isAvailable":true,"identity":true,"isPromo":false,"ginnerName":"Витяжка кухонна PYRAMIDA NR 60 WHITE"},{"monitoringDate":"10/05/2018","competitorName":"Comfy","competitorId":65000001032,"depName":"Велика побутова техніка","depId":61000060108,"branchName":"Відділ 310","article":31046048,"itemTitle":"Вытяжка декоративная Pyramida NR-F 60 M BL IX","price":"3599,00","isAvailable":true,"identity":true,"isPromo":false,"ginnerName":"Витяжка кухонна PYRAMIDA NR-F 60 M BL IX"},{"monitoringDate":"10/05/2018","competitorName":"Comfy","competitorId":65000001032,"depName":"Велика побутова техніка","depId":61000060108,"branchName":"Відділ 310","article":31046050,"itemTitle":"Вытяжка декоративная Pyramida NR-F 60 S BL","price":"3999,00","isAvailable":true,"identity":true,"isPromo":false,"ginnerName":"Витяжка кухонна PYRAMIDA NR-F 60 S BL"},{"monitoringDate":"10/05/2018","competitorName":"Comfy","competitorId":65000001032,"depName":"Велика побутова техніка","depId":61000060108,"branchName":"Відділ 310","article":31046052,"itemTitle":"Вытяжка декоративная Pyramida NR-MG 60 M BL","price":"2899,00","isAvailable":true,"identity":true,"isPromo":false,"ginnerName":"Витяжка кухонна PYRAMIDA NR-MG 60 M BL"},{"monitoringDate":"10/05/2018","competitorName":"Comfy","competitorId":65000001032,"depName":"Велика побутова техніка","depId":61000060108,"branchName":"Відділ 310","article":31046053,"itemTitle":"Вытяжка декоративная Pyramida NR-MG 60 MIV","price":"3099,00","isAvailable":true,"identity":true,"isPromo":false,"ginnerName":"Витяжка кухонна PYRAMIDA NR-MG 60 M IV"},{"monitoringDate":"10/05/2018","competitorName":"Comfy","competitorId":65000001032,"depName":"Велика побутова техніка","depId":61000060108,"branchName":"Відділ 310","article":31046056,"itemTitle":"Вытяжка декоративная Pyramida NR-MV 50 M IV","price":"3099,00","isAvailable":true,"identity":true,"isPromo":false,"ginnerName":"Витяжка кухонна PYRAMIDA NR-MV 50 M IV"},{"monitoringDate":"10/05/2018","competitorName":"Comfy","competitorId":65000001032,"depName":"Велика побутова техніка","depId":61000060108,"branchName":"Відділ 310","article":31046057,"itemTitle":"Вытяжка декоративная Pyramida NR-MV 50 M WH","price":"3099,00","isAvailable":true,"identity":true,"isPromo":false,"ginnerName":"Витяжка кухонна PYRAMIDA NR-MV 50 M WH"},{"monitoringDate":"10/05/2018","competitorName":"Comfy","competitorId":65000001032,"depName":"Велика побутова техніка","depId":61000060108,"branchName":"Відділ 310","article":31046058,"itemTitle":"Вытяжка декоративная Pyramida NR-MV 60 M BL","price":"2899,00","isAvailable":true,"identity":true,"isPromo":false,"ginnerName":"Витяжка кухонна PYRAMIDA NR-MV 60 M BL"},{"monitoringDate":"10/05/2018","competitorName":"Comfy","competitorId":65000001032,"depName":"Велика побутова техніка","depId":61000060108,"branchName":"Відділ 310","article":31046139,"itemTitle":"Вытяжка декоративная Pyramida UNO 50 BL","price":"1099,00","isAvailable":true,"identity":true,"isPromo":false,"ginnerName":"Витяжка кухонна PYRAMIDA UNO 50 BL"},{"monitoringDate":"10/05/2018","competitorName":"Comfy","competitorId":65000001032,"depName":"Велика побутова техніка","depId":61000060108,"branchName":"Відділ 310","article":31046144,"itemTitle":"Вытяжка декоративная Pyramida UNO 60 BR","price":"1099,00","isAvailable":true,"identity":true,"isPromo":false,"ginnerName":"Витяжка кухонна PYRAMIDA UNO 60 BR"},{"monitoringDate":"10/05/2018","competitorName":"Comfy","competitorId":65000001032,"depName":"Велика побутова техніка","depId":61000060108,"branchName":"Відділ 310","article":31046331,"itemTitle":"Вытяжка традиционная ELEYUS City 60 BR","price":"1559,00","isAvailable":true,"identity":true,"isPromo":false,"ginnerName":"Витяжка кухонна ELEYUS City 60 BR"},{"monitoringDate":"10/05/2018","competitorName":"Comfy","competitorId":65000001032,"depName":"Велика побутова техніка","depId":61000060108,"branchName":"Відділ 310","article":31046390,"itemTitle":"Вытяжка традиционная ELEYUS City 60 IS","price":"1899,00","isAvailable":true,"identity":true,"isPromo":false,"ginnerName":"Витяжка кухонна ELEYUS City 60 IS"},{"monitoringDate":"10/05/2018","competitorName":"Comfy","competitorId":65000001032,"depName":"Велика побутова техніка","depId":61000060108,"branchName":"Відділ 310","article":31046330,"itemTitle":"Вытяжка традиционная ELEYUS City 60 WH","price":"1559,00","isAvailable":true,"identity":true,"isPromo":false,"ginnerName":"Витяжка кухонна ELEYUS City 60 WH"},{"monitoringDate":"10/05/2018","competitorName":"Comfy","competitorId":65000001032,"depName":"Велика побутова техніка","depId":61000060108,"branchName":"Відділ 310","article":31046450,"itemTitle":"Вытяжка традиционная Elica VERVE IX F/60","price":"1645,00","isAvailable":true,"identity":true,"isPromo":false,"ginnerName":"Витяжка кухонна ELICA VERVE LUX IX/F/60"},{"monitoringDate":"10/05/2018","competitorName":"Comfy","competitorId":65000001032,"depName":"Велика побутова техніка","depId":61000060108,"branchName":"Відділ 310","article":31046451,"itemTitle":"Вытяжка традиционная Elica VERVE WH/F/60","price":"1585,00","isAvailable":true,"identity":true,"isPromo":false,"ginnerName":"Витяжка кухонна ELICA VERVE WH/F/60 "},{"monitoringDate":"10/05/2018","competitorName":"Comfy","competitorId":65000001032,"depName":"Велика побутова техніка","depId":61000060108,"branchName":"Відділ 310","article":31046142,"itemTitle":"Вытяжка традиционная Pyramida UNO 50 WH","price":"1099,00","isAvailable":true,"identity":true,"isPromo":false,"ginnerName":"Витяжка кухонна PYRAMIDA UNO 50 WH"},{"monitoringDate":"10/05/2018","competitorName":"Comfy","competitorId":65000001032,"depName":"Велика побутова техніка","depId":61000060108,"branchName":"Відділ 310","article":31046145,"itemTitle":"Вытяжка традиционная Pyramida UNO 60 IV","price":"1099,00","isAvailable":true,"identity":true,"isPromo":false,"ginnerName":"Витяжка кухонна PYRAMIDA UNO 60 IV"},{"monitoringDate":"10/05/2018","competitorName":"Comfy","competitorId":65000001032,"depName":"Велика побутова техніка","depId":61000060108,"branchName":"Відділ 310","article":31046143,"itemTitle":"Вытяжка традиционная Pyramida UNO 60 BL","price":"1099,00","isAvailable":true,"identity":true,"isPromo":false,"ginnerName":"Витяжка кухонна PYRAMIDA UNO 60 BL"},{"monitoringDate":"10/05/2018","competitorName":"Comfy","competitorId":65000001032,"depName":"Велика побутова техніка","depId":61000060108,"branchName":"Відділ 310","article":31046055,"itemTitle":"Вытяжка встраиваемая Ventolux GARDA 60 INOX/M (430)","price":"1489,00","isAvailable":true,"identity":true,"isPromo":false,"ginnerName":"Витяжка кухонна PYRAMIDA NR-MV 50 M BL"}]