[{"monitoringDate":"08/05/2018","competitorName":"Stroytech (Будпостач)","competitorId":20,"depName":"Ручний інструмент","depId":65000002281,"branchName":"Відділ 20","article":20705579,"itemTitle":"BOSCH GAM 220 Угломер (0601076500)","price":"7115,00","isAvailable":true,"identity":true,"isPromo":false,"ginnerName":"Кутомір Bosch GAM 220, 0–220°, точність ±0.1°, IP54 (профі)"},{"monitoringDate":"08/05/2018","competitorName":"Stroytech (Будпостач)","competitorId":20,"depName":"Ручний інструмент","depId":65000002281,"branchName":"Відділ 20","article":20706424,"itemTitle":"Сталь 22401 Рулетка измерительная 3м х 19мм","price":"34,00","isAvailable":true,"identity":true,"isPromo":false,"ginnerName":"Рулетка 3 м х 19 мм гумовий корпус, магніт Сталь 22401"},{"monitoringDate":"08/05/2018","competitorName":"Stroytech (Будпостач)","competitorId":20,"depName":"Ручний інструмент","depId":65000002281,"branchName":"Відділ 20","article":20706427,"itemTitle":"Сталь 22501 Рулетка измерительная 3м х 16мм","price":"42,00","isAvailable":true,"identity":true,"isPromo":false,"ginnerName":"Рулетка 3 м х 16 мм автостоп, магніт Сталь 22501"},{"monitoringDate":"08/05/2018","competitorName":"Stroytech (Будпостач)","competitorId":20,"depName":"Ручний інструмент","depId":65000002281,"branchName":"Відділ 20","article":20645164,"itemTitle":"Сталь 62001 Степлер","price":"175,00","isAvailable":true,"identity":true,"isPromo":false,"ginnerName":"Степлер 4 - 14 мм, тип скоби 140,  + 600 скоб Сталь 38720"},{"monitoringDate":"08/05/2018","competitorName":"Stroytech (Будпостач)","competitorId":20,"depName":"Ручний інструмент","depId":65000002281,"branchName":"Відділ 20","article":20638294,"itemTitle":"Сталь ТС-01 Плиткорез ручной 300 мм (64005)","price":"220,00","isAvailable":true,"identity":true,"isPromo":false,"ginnerName":"Плиткорiз ручний ТС-01, 300 мм (СТАЛЬ)"},{"monitoringDate":"08/05/2018","competitorName":"Stroytech (Будпостач)","competitorId":20,"depName":"Ручний інструмент","depId":65000002281,"branchName":"Відділ 20","article":20638295,"itemTitle":"Сталь ТС-02 Плиткорез ручной 400 мм (64006)","price":"305,00","isAvailable":true,"identity":true,"isPromo":false,"ginnerName":"Плиткорiз ручний ТС-02, 400 мм (СТАЛЬ)"},{"monitoringDate":"08/05/2018","competitorName":"Stroytech (Будпостач)","competitorId":20,"depName":"Ручний інструмент","depId":65000002281,"branchName":"Відділ 20","article":20638296,"itemTitle":"Сталь ТС-06 Плиткорез ручной 600 мм (64010)","price":"925,00","isAvailable":true,"identity":true,"isPromo":false,"ginnerName":"Плиткорiз на пiдшипниках ТС-06, 600 мм (СТАЛЬ)"},{"monitoringDate":"08/05/2018","competitorName":"Stroytech (Будпостач)","competitorId":20,"depName":"Ручний інструмент","depId":65000002281,"branchName":"Відділ 20","article":20645149,"itemTitle":"Сталь 62002 Степлер","price":"170,00","isAvailable":true,"identity":true,"isPromo":false,"ginnerName":"Степлер 4 - 14 мм, тип скоби 53, + 400 скоб Сталь 62002"}]