[{"monitoringDate":"22/05/2018","competitorName":"Comfy","competitorId":65000001032,"depName":"Споживча електроніка","depId":61000060110,"branchName":"Відділ 310","article":31219353,"itemTitle":"Портативная акустика JBL Charge 3 Black (JBLCHARGE3BLKEU)","price":"3999,00","isAvailable":true,"identity":true,"isPromo":true,"ginnerName":"Акустична система портативна JBL Charge 3 Чорна"},{"monitoringDate":"22/05/2018","competitorName":"Comfy","competitorId":65000001032,"depName":"Споживча електроніка","depId":61000060110,"branchName":"Відділ 310","article":31254596,"itemTitle":"Батарея мобильная Anker PowerCore 10000 mAh V3 Black (A1263H11)","price":"799,00","isAvailable":true,"identity":true,"isPromo":false,"ginnerName":"Пристрій зарядний портативний ANKER PowerCore 10000 mAh Li-ion V3 (Black)"},{"monitoringDate":"22/05/2018","competitorName":"Comfy","competitorId":65000001032,"depName":"Споживча електроніка","depId":61000060110,"branchName":"Відділ 310","article":31254925,"itemTitle":"Батарея мобильная Anker PowerCore+ 20100 USB-C V3 Black (A1371H12)","price":"1899,00","isAvailable":true,"identity":true,"isPromo":false,"ginnerName":"Пристрій зарядний портативний ANKER PowerCore+ 20100 USB-C V3 (Black)"},{"monitoringDate":"22/05/2018","competitorName":"Comfy","competitorId":65000001032,"depName":"Споживча електроніка","depId":61000060110,"branchName":"Відділ 310","article":31254923,"itemTitle":"Батарея мобильная Anker PowerCore 20100mAh V3 Black (A1271H12)","price":"1485,00","isAvailable":true,"identity":true,"isPromo":false,"ginnerName":"Пристрій зарядний портативний ANKER PowerCore 20100 mAh V3 (Black)"},{"monitoringDate":"22/05/2018","competitorName":"Comfy","competitorId":65000001032,"depName":"Споживча електроніка","depId":61000060110,"branchName":"Відділ 310","article":31254926,"itemTitle":"Батарея мобильная Anker PowerCore 26800mAh Black (A1277H11)","price":"2169,00","isAvailable":true,"identity":true,"isPromo":false,"ginnerName":"Пристрій зарядний портативний ANKER PowerCore 26800 mAh Li-ion (Black)"},{"monitoringDate":"22/05/2018","competitorName":"Comfy","competitorId":65000001032,"depName":"Споживча електроніка","depId":61000060110,"branchName":"Відділ 310","article":31254597,"itemTitle":"Батарея мобильная Anker PowerCore II Slim 10000 mAh V3 Black (A1261H11)","price":"1099,00","isAvailable":true,"identity":true,"isPromo":false,"ginnerName":"Пристрій зарядний портативний ANKER PowerCore II Slim 10000 mAh Li-Pol V3 (Black)"},{"monitoringDate":"22/05/2018","competitorName":"Comfy","competitorId":65000001032,"depName":"Споживча електроніка","depId":61000060110,"branchName":"Відділ 310","article":31254924,"itemTitle":"Батарея мобильная Anker PowerCore Speed 20000 mAh Li-ion QC 3.0 Black (A1278H11)","price":"1829,00","isAvailable":true,"identity":true,"isPromo":false,"ginnerName":"Пристрій зарядний портативний ANKER PowerCore Speed 20000 mAh Li-ion QC 3.0 (Black)"},{"monitoringDate":"22/05/2018","competitorName":"Comfy","competitorId":65000001032,"depName":"Споживча електроніка","depId":61000060110,"branchName":"Відділ 310","article":31254658,"itemTitle":"Батарея мобильная Trust Omni ultra fast 10000 with USB-C (21858)","price":"446,00","isAvailable":true,"identity":true,"isPromo":true,"ginnerName":"PowerBank TRUST Omni 10000 Type-C Ultra Fast mAh (black)"},{"monitoringDate":"22/05/2018","competitorName":"Comfy","competitorId":65000001032,"depName":"Споживча електроніка","depId":61000060110,"branchName":"Відділ 310","article":31254654,"itemTitle":"Батарея мобильная Trust Primo 10000 mAh Blue (22072)","price":"399,00","isAvailable":true,"identity":true,"isPromo":false,"ginnerName":"PowerBank TRUST Primo 10000 mAh (blue)"},{"monitoringDate":"22/05/2018","competitorName":"Comfy","competitorId":65000001032,"depName":"Споживча електроніка","depId":61000060110,"branchName":"Відділ 310","article":31254655,"itemTitle":"Батарея мобильная Trust Primo 10000 mAh Red (22073)","price":"415,00","isAvailable":false,"identity":true,"isPromo":false,"ginnerName":"PowerBank TRUST Primo 10000 mAh (red)"},{"monitoringDate":"22/05/2018","competitorName":"Comfy","competitorId":65000001032,"depName":"Споживча електроніка","depId":61000060110,"branchName":"Відділ 310","article":31254657,"itemTitle":"Батарея мобильная Trust Primo 20000 (21795)","price":"949,00","isAvailable":true,"identity":true,"isPromo":false,"ginnerName":"PowerBank TRUST Primo 20000 mAh (black)"},{"monitoringDate":"22/05/2018","competitorName":"Comfy","competitorId":65000001032,"depName":"Споживча електроніка","depId":61000060110,"branchName":"Відділ 310","article":31254137,"itemTitle":"Батарея мобильная Xiaomi Mi 5000mAh срібний (164153)","price":"299,00","isAvailable":true,"identity":true,"isPromo":false,"ginnerName":"PowerBank XIAOMI MI 5000 mAh (silver)"},{"monitoringDate":"22/05/2018","competitorName":"Comfy","competitorId":65000001032,"depName":"Споживча електроніка","depId":61000060110,"branchName":"Відділ 310","article":31254623,"itemTitle":"Батарея мобильная Xiaomi Mi Power Bank 2 10000 mAh Black (VXN4176CN)","price":"499,00","isAvailable":true,"identity":true,"isPromo":false,"ginnerName":"PowerBank XIAOMI MI 2 10000 mAh VXN4176CN (black)"},{"monitoringDate":"22/05/2018","competitorName":"Comfy","competitorId":65000001032,"depName":"Споживча електроніка","depId":61000060110,"branchName":"Відділ 310","article":31246532,"itemTitle":"Bluetooth гарнитура Plantronics Explorer 80 (205020-05)","price":"1149,00","isAvailable":true,"identity":true,"isPromo":false,"ginnerName":"Гарнітура-bluetooth Plantronics Explorer 80 Black "},{"monitoringDate":"22/05/2018","competitorName":"Comfy","competitorId":65000001032,"depName":"Споживча електроніка","depId":61000060110,"branchName":"Відділ 310","article":31246531,"itemTitle":"Bluetooth гарнитура Plantronics Explorer ML 15","price":"679,00","isAvailable":true,"identity":true,"isPromo":false,"ginnerName":"Гарнітура-bluetooth Plantronics  ML15"},{"monitoringDate":"22/05/2018","competitorName":"Comfy","competitorId":65000001032,"depName":"Споживча електроніка","depId":61000060110,"branchName":"Відділ 310","article":31201557,"itemTitle":"Флеш USB Apacer AH111 32GB USB2.0 Crystal (AP32GAH111CR-1)","price":"405,00","isAvailable":true,"identity":true,"isPromo":false,"ginnerName":"Флеш-драйв APACER AH111 32GB Crystal"},{"monitoringDate":"22/05/2018","competitorName":"Comfy","competitorId":65000001032,"depName":"Споживча електроніка","depId":61000060110,"branchName":"Відділ 310","article":31201562,"itemTitle":"Флеш USB Apacer AH111 8GB USB2.0 Crystal (AP8GAH111CR-1)","price":"159,00","isAvailable":true,"identity":true,"isPromo":false,"ginnerName":"Флеш-драйв APACER AH111 8GB Crystal"},{"monitoringDate":"22/05/2018","competitorName":"Comfy","competitorId":65000001032,"depName":"Споживча електроніка","depId":61000060110,"branchName":"Відділ 310","article":31201565,"itemTitle":"Флеш USB Apacer AH321 16GB USB 2.0 Red (AP16GAH321R-1)","price":"189,00","isAvailable":true,"identity":true,"isPromo":false,"ginnerName":"Флеш-драйв APACER AH321 16GB Red"},{"monitoringDate":"22/05/2018","competitorName":"Comfy","competitorId":65000001032,"depName":"Споживча електроніка","depId":61000060110,"branchName":"Відділ 310","article":31201567,"itemTitle":"Флеш USB Apacer AH321 8GB USB 2.0 Red (AP8GAH321R-1)","price":"155,00","isAvailable":true,"identity":true,"isPromo":false,"ginnerName":"Флеш-драйв APACER AH321 8GB Red"},{"monitoringDate":"22/05/2018","competitorName":"Comfy","competitorId":65000001032,"depName":"Споживча електроніка","depId":61000060110,"branchName":"Відділ 310","article":31201531,"itemTitle":"Флеш USB Apacer AH333 16GB USB 2.0 Black (AP16GAH333B-1)","price":"189,00","isAvailable":false,"identity":true,"isPromo":false,"ginnerName":"Флеш-драйв APACER AH333 16GB Black"},{"monitoringDate":"22/05/2018","competitorName":"Comfy","competitorId":65000001032,"depName":"Споживча електроніка","depId":61000060110,"branchName":"Відділ 310","article":31201544,"itemTitle":"Флеш USB Apacer AH333 32GB USB 2.0 Black (AP32GAH333B-1)","price":"259,00","isAvailable":true,"identity":true,"isPromo":false,"ginnerName":"Флеш-драйв APACER AH333 32GB Black"},{"monitoringDate":"22/05/2018","competitorName":"Comfy","competitorId":65000001032,"depName":"Споживча електроніка","depId":61000060110,"branchName":"Відділ 310","article":31201533,"itemTitle":"Флеш USB Apacer AH333 8GB USB 2.0 Black (AP8GAH333B-1)","price":"145,00","isAvailable":true,"identity":true,"isPromo":false,"ginnerName":"Флеш-драйв APACER AH333 8GB Black"},{"monitoringDate":"22/05/2018","competitorName":"Comfy","competitorId":65000001032,"depName":"Споживча електроніка","depId":61000060110,"branchName":"Відділ 310","article":31201548,"itemTitle":"Флеш USB Apacer AH335 16GB USB 2.0 Green/White (AP16GAH335G-1)","price":"179,00","isAvailable":false,"identity":true,"isPromo":false,"ginnerName":"Флеш-драйв APACER AH335 16GB Green/White"},{"monitoringDate":"22/05/2018","competitorName":"Comfy","competitorId":65000001032,"depName":"Споживча електроніка","depId":61000060110,"branchName":"Відділ 310","article":31201549,"itemTitle":"Флеш USB Apacer AH335 32GB USB 2.0 Green/White (AP32GAH335G-1)","price":"245,00","isAvailable":true,"identity":true,"isPromo":false,"ginnerName":"Флеш-драйв APACER AH335 32GB Green/White"},{"monitoringDate":"22/05/2018","competitorName":"Comfy","competitorId":65000001032,"depName":"Споживча електроніка","depId":61000060110,"branchName":"Відділ 310","article":31201547,"itemTitle":"Флеш USB Apacer AH335 8GB USB 2.0 Green/White (AP8GAH335G-1)","price":"165,00","isAvailable":false,"identity":true,"isPromo":false,"ginnerName":"Флеш-драйв APACER AH335 8GB Green/White"},{"monitoringDate":"22/05/2018","competitorName":"Comfy","competitorId":65000001032,"depName":"Споживча електроніка","depId":61000060110,"branchName":"Відділ 310","article":31201467,"itemTitle":"Флеш USB Goodram UTS2 Twister 32GB USB 2.0 Black (UTS2-0320K0R11)","price":"399,00","isAvailable":true,"identity":true,"isPromo":false,"ginnerName":"Флеш-драйв GOODRAM UTS2 32 GB BLACK"},{"monitoringDate":"22/05/2018","competitorName":"Comfy","competitorId":65000001032,"depName":"Споживча електроніка","depId":61000060110,"branchName":"Відділ 310","article":31201493,"itemTitle":"Флеш USB Goodram UMO2 16GB USB 2.0 White (UMO2-0160W0R11)","price":"185,00","isAvailable":true,"identity":true,"isPromo":false,"ginnerName":"Флеш-драйв GOODRAM UMO2 16 GB WHITE"},{"monitoringDate":"22/05/2018","competitorName":"Comfy","competitorId":65000001032,"depName":"Споживча електроніка","depId":61000060110,"branchName":"Відділ 310","article":31201495,"itemTitle":"Флеш USB Goodram UMO2 32GB USB 2.0 White (UMO2-0320W0R11)","price":"325,00","isAvailable":true,"identity":true,"isPromo":false,"ginnerName":"Флеш-драйв GOODRAM UMO2 32 GB WHITE"},{"monitoringDate":"22/05/2018","competitorName":"Comfy","competitorId":65000001032,"depName":"Споживча електроніка","depId":61000060110,"branchName":"Відділ 310","article":31201496,"itemTitle":"Флеш USB Goodram UMO2 8GB USB 2.0 Graphite (UMO2-0080E0R11)","price":"159,00","isAvailable":true,"identity":true,"isPromo":false,"ginnerName":"Флеш-драйв GOODRAM UMO2 8 GB GRAPHITE"},{"monitoringDate":"22/05/2018","competitorName":"Comfy","competitorId":65000001032,"depName":"Споживча електроніка","depId":61000060110,"branchName":"Відділ 310","article":31201497,"itemTitle":"Флеш USB Goodram UMO2 8GB USB 2.0 White (UMO2-0080W0R11)","price":"179,00","isAvailable":true,"identity":true,"isPromo":false,"ginnerName":"Флеш-драйв GOODRAM UMO2 8 GB WHITE"},{"monitoringDate":"22/05/2018","competitorName":"Comfy","competitorId":65000001032,"depName":"Споживча електроніка","depId":61000060110,"branchName":"Відділ 310","article":31201424,"itemTitle":"Флеш USB Goodram URA2 16GB USB 2.0 Black (URA2-0160K0R11)","price":"179,00","isAvailable":true,"identity":true,"isPromo":false,"ginnerName":"Флеш-драйв GOODRAM URA2 16 GB BLACK"},{"monitoringDate":"22/05/2018","competitorName":"Comfy","competitorId":65000001032,"depName":"Споживча електроніка","depId":61000060110,"branchName":"Відділ 310","article":31201425,"itemTitle":"Флеш USB Goodram URA2 32GB USB 2.0 Black (URA2-0320K0R11)","price":"249,00","isAvailable":true,"identity":true,"isPromo":false,"ginnerName":"Флеш-драйв GOODRAM URA2 32 GB BLACK"},{"monitoringDate":"22/05/2018","competitorName":"Comfy","competitorId":65000001032,"depName":"Споживча електроніка","depId":61000060110,"branchName":"Відділ 310","article":31218093,"itemTitle":"Гарнитура для консоли Sony PlayStation Platinum WL","price":"5999,00","isAvailable":true,"identity":true,"isPromo":false,"ginnerName":"Гарнітура SONY PlayStation Platinum WL"},{"monitoringDate":"22/05/2018","competitorName":"Comfy","competitorId":65000001032,"depName":"Споживча електроніка","depId":61000060110,"branchName":"Відділ 310","article":31241859,"itemTitle":"Гарнитура компьютерная Philips SHM1900/00","price":"499,00","isAvailable":true,"identity":true,"isPromo":false,"ginnerName":"Гарнітура ІТ Philips SHM1900"},{"monitoringDate":"22/05/2018","competitorName":"Comfy","competitorId":65000001032,"depName":"Споживча електроніка","depId":61000060110,"branchName":"Відділ 310","article":31227037,"itemTitle":"Гарнитура проводная Acme CD-602","price":"119,00","isAvailable":true,"identity":true,"isPromo":false,"ginnerName":"Гарнітура дротова ACME CD602 Headphones with Microphone, чорний"},{"monitoringDate":"22/05/2018","competitorName":"Comfy","competitorId":65000001032,"depName":"Споживча електроніка","depId":61000060110,"branchName":"Відділ 310","article":31246505,"itemTitle":"Гарнитура проводная игровая Aula Prime Gaming Headset Black-Blue (6948391256030)","price":"499,00","isAvailable":true,"identity":true,"isPromo":false,"ginnerName":"Гарнітура дротова AULA Prime Gaming Headset, чорний"},{"monitoringDate":"22/05/2018","competitorName":"Comfy","competitorId":65000001032,"depName":"Споживча електроніка","depId":61000060110,"branchName":"Відділ 310","article":31246507,"itemTitle":"Гарнитура проводная Aula Succubus Black-Blue (6948391232058)","price":"699,00","isAvailable":true,"identity":true,"isPromo":false,"ginnerName":"Гарнітура дротова AULA Succubus gaming headset, чорний"},{"monitoringDate":"22/05/2018","competitorName":"Comfy","competitorId":65000001032,"depName":"Споживча електроніка","depId":61000060110,"branchName":"Відділ 310","article":31246508,"itemTitle":"Гарнитура проводная Speedlink Coniux Stereo Gaming Headset Black (SL-8783-BK)","price":"885,00","isAvailable":true,"identity":true,"isPromo":false,"ginnerName":"Гарнітура дротова SPEEDLINK CONIUX Stereo Gaming Headset, black"},{"monitoringDate":"22/05/2018","competitorName":"Comfy","competitorId":65000001032,"depName":"Споживча електроніка","depId":61000060110,"branchName":"Відділ 310","article":31246509,"itemTitle":"Гарнитура проводная Speedlink Legatos Stereo Gaming Headset Black (SL-860000-BK)","price":"439,00","isAvailable":true,"identity":true,"isPromo":false,"ginnerName":"Гарнітура дротова SPEEDLINK LEGATOS Stereo Gaming Headset, black"},{"monitoringDate":"22/05/2018","competitorName":"Comfy","competitorId":65000001032,"depName":"Споживча електроніка","depId":61000060110,"branchName":"Відділ 310","article":31218086,"itemTitle":"Геймпад Sony PS4 Dualshock 4 V2 Black","price":"1799,00","isAvailable":true,"identity":true,"isPromo":false,"ginnerName":"Геймпад бездротовий SONY PlayStation Dualshock v2 Jet Black"},{"monitoringDate":"22/05/2018","competitorName":"Comfy","competitorId":65000001032,"depName":"Споживча електроніка","depId":61000060110,"branchName":"Відділ 310","article":31218087,"itemTitle":"Геймпад Sony PS4 Dualshock 4 V2 White","price":"1799,00","isAvailable":true,"identity":true,"isPromo":false,"ginnerName":"Геймпад бездротовий SONY PlayStation Dualshock v2 Glacier White"},{"monitoringDate":"22/05/2018","competitorName":"Comfy","competitorId":65000001032,"depName":"Споживча електроніка","depId":61000060110,"branchName":"Відділ 310","article":31218095,"itemTitle":"Геймпад Sony PS4 Dualshock v2 Green Cammo","price":"1999,00","isAvailable":true,"identity":true,"isPromo":false,"ginnerName":"Геймпад бездротовий SONY PlayStation Dualshock v2 Green Cammo"},{"monitoringDate":"22/05/2018","competitorName":"Comfy","competitorId":65000001032,"depName":"Споживча електроніка","depId":61000060110,"branchName":"Відділ 310","article":31241879,"itemTitle":"Хаб USB TP-Link UH400 USB3.0 4-Port","price":"449,00","isAvailable":true,"identity":true,"isPromo":false,"ginnerName":"Хаб USB TP-Link UH400 4 порта USB3.0"},{"monitoringDate":"22/05/2018","competitorName":"Comfy","competitorId":65000001032,"depName":"Споживча електроніка","depId":61000060110,"branchName":"Відділ 310","article":31218092,"itemTitle":"Игровая приставка Sony PlayStation 4 Slim 500 Gb Black (HZD+GOW3+UC4+PSPlus 3М)","price":"10499,00","isAvailable":true,"identity":true,"isPromo":false,"ginnerName":"Ігрова консоль SONY PlayStation 4 Slim 500 Gb Black (HZD+GOW3+UC4+PSPlus 3М)"},{"monitoringDate":"22/05/2018","competitorName":"Comfy","competitorId":65000001032,"depName":"Споживча електроніка","depId":61000060110,"branchName":"Відділ 310","article":31218084,"itemTitle":"Игровая приставка Sony PlayStation 4 Pro 1Tb Black","price":"12999,00","isAvailable":true,"identity":true,"isPromo":false,"ginnerName":"Ігрова консоль SONY PlayStation 4 Pro 1Tb Black"},{"monitoringDate":"22/05/2018","competitorName":"Comfy","competitorId":65000001032,"depName":"Споживча електроніка","depId":61000060110,"branchName":"Відділ 310","article":31241880,"itemTitle":"Кабель патч-корд TP-Link TL-EC505EM, RJ45, CAT5e, 5м,","price":"259,00","isAvailable":true,"identity":true,"isPromo":false,"ginnerName":"Патч-корд TP-LINK CAT5e (TL-EC505EM) 5 м."},{"monitoringDate":"22/05/2018","competitorName":"Comfy","competitorId":65000001032,"depName":"Споживча електроніка","depId":61000060110,"branchName":"Відділ 310","article":31201522,"itemTitle":"Карта памяти Apacer microSDHC 16 Gb UHS-I U1 + adapter (AP16GMCSH10U1-R)","price":"199,00","isAvailable":false,"identity":true,"isPromo":false,"ginnerName":"Карта пам'яті APACER microSDHC 16GB UHS-I U1+adapter"},{"monitoringDate":"22/05/2018","competitorName":"Comfy","competitorId":65000001032,"depName":"Споживча електроніка","depId":61000060110,"branchName":"Відділ 310","article":31201555,"itemTitle":"Карта памяти Apacer microSDHC 32GB Class 4 + adapter (AP32GMCSH4-R)","price":"429,00","isAvailable":true,"identity":true,"isPromo":false,"ginnerName":"Карта пам'яті APACER microSDHC 32GB Class 4+adapter"},{"monitoringDate":"22/05/2018","competitorName":"Comfy","competitorId":65000001032,"depName":"Споживча електроніка","depId":61000060110,"branchName":"Відділ 310","article":31201523,"itemTitle":"Карта памяти Apacer microSDHC 32GB UHS-I U1+adapter (AP32GMCSH10U5-R)","price":"489,00","isAvailable":false,"identity":true,"isPromo":false,"ginnerName":"Карта пам'яті APACER microSDHC 32GB UHS-I U1+adapter"},{"monitoringDate":"22/05/2018","competitorName":"Comfy","competitorId":65000001032,"depName":"Споживча електроніка","depId":61000060110,"branchName":"Відділ 310","article":31201525,"itemTitle":"Карта памяти Apacer microSDXC 64GB UHS-I U1+adapter (AP64GMCSX10U1-R)","price":"609,00","isAvailable":false,"identity":true,"isPromo":false,"ginnerName":"Карта пам'яті APACER microSDXC 64GB UHS-I U1+adapter"},{"monitoringDate":"22/05/2018","competitorName":"Comfy","competitorId":65000001032,"depName":"Споживча електроніка","depId":61000060110,"branchName":"Відділ 310","article":31201513,"itemTitle":"Карта памяти Apacer microSDHC 16Gb class 4 (AP16GMCSH4-R)+ SD адаптер","price":"189,00","isAvailable":true,"identity":true,"isPromo":false,"ginnerName":"Карта пам'яті APACER microSDHC 16GB Class 4+adapter"},{"monitoringDate":"22/05/2018","competitorName":"Comfy","competitorId":65000001032,"depName":"Споживча електроніка","depId":61000060110,"branchName":"Відділ 310","article":31201524,"itemTitle":"Карта памяти Apacer microSDHC 8Gb class 4 (AP8GMCSH4-R)+ SD адаптер","price":"159,00","isAvailable":true,"identity":true,"isPromo":false,"ginnerName":"Карта пам'яті APACER microSDHC 8GB Class 4+adapter"},{"monitoringDate":"22/05/2018","competitorName":"Comfy","competitorId":65000001032,"depName":"Споживча електроніка","depId":61000060110,"branchName":"Відділ 310","article":31241934,"itemTitle":"Маршрутизатор Ethernet Asus RT-AC1200G+","price":"2269,00","isAvailable":true,"identity":true,"isPromo":false,"ginnerName":"Роутер безпровідний ASUS RT-AC1200G+ 1200Mbps, Dual Band, USB"},{"monitoringDate":"22/05/2018","competitorName":"Comfy","competitorId":65000001032,"depName":"Споживча електроніка","depId":61000060110,"branchName":"Відділ 310","article":31241840,"itemTitle":"Маршрутизатор Ethernet Asus RT-AC5300","price":"11079,00","isAvailable":false,"identity":true,"isPromo":false,"ginnerName":"Роутер безпровідний ASUS RT-AC5300 5334Mbps, Dual Band, 2-USB, 3G"},{"monitoringDate":"22/05/2018","competitorName":"Comfy","competitorId":65000001032,"depName":"Споживча електроніка","depId":61000060110,"branchName":"Відділ 310","article":31241550,"itemTitle":"Маршрутизатор Ethernet Asus RT-AC87U","price":"6149,00","isAvailable":true,"identity":true,"isPromo":false,"ginnerName":"Роутер безпровідний ASUS RT-AC87U 600+1734Mbps, Dual band, 2xUSB"},{"monitoringDate":"22/05/2018","competitorName":"Comfy","competitorId":65000001032,"depName":"Споживча електроніка","depId":61000060110,"branchName":"Відділ 310","article":31241959,"itemTitle":"Маршрутизатор Ethernet Netis MW5230 3G/4G Wireless-N","price":"649,00","isAvailable":true,"identity":true,"isPromo":false,"ginnerName":"Роутер безпровідний NETIS MW5230 300Mbps, USB (3G/4G)"},{"monitoringDate":"22/05/2018","competitorName":"Comfy","competitorId":65000001032,"depName":"Споживча електроніка","depId":61000060110,"branchName":"Відділ 310","article":31241420,"itemTitle":"Маршрутизатор Ethernet Netis WF2419E","price":"399,00","isAvailable":true,"identity":true,"isPromo":false,"ginnerName":"Роутер безпровідний NETIS WF2419E 300Mbps IP-TV"},{"monitoringDate":"22/05/2018","competitorName":"Comfy","competitorId":65000001032,"depName":"Споживча електроніка","depId":61000060110,"branchName":"Відділ 310","article":31241421,"itemTitle":"Маршрутизатор Ethernet Netis WF2780","price":"999,00","isAvailable":true,"identity":true,"isPromo":false,"ginnerName":"Роутер безпровідний NETIS WF2780 AC1200Mbps IP-TV Dual Band"},{"monitoringDate":"22/05/2018","competitorName":"Comfy","competitorId":65000001032,"depName":"Споживча електроніка","depId":61000060110,"branchName":"Відділ 310","article":31241842,"itemTitle":"Маршрутизатор Ethernet Tenda AC18 (AC1900)","price":"2999,00","isAvailable":true,"identity":true,"isPromo":false,"ginnerName":"Роутер безпровідний TENDA AC18 1900Mbps, Dual band, 1xUSB"},{"monitoringDate":"22/05/2018","competitorName":"Comfy","competitorId":65000001032,"depName":"Споживча електроніка","depId":61000060110,"branchName":"Відділ 310","article":31241837,"itemTitle":"Маршрутизатор Ethernet Tenda AC9 (AC 1200)","price":"1599,00","isAvailable":true,"identity":true,"isPromo":false,"ginnerName":"Роутер безпровідний TENDA AC9 1200Mbps, Dual band, USB"},{"monitoringDate":"22/05/2018","competitorName":"Comfy","competitorId":65000001032,"depName":"Споживча електроніка","depId":61000060110,"branchName":"Відділ 310","article":31241730,"itemTitle":"Маршрутизатор Ethernet Tenda F3","price":"449,00","isAvailable":true,"identity":true,"isPromo":false,"ginnerName":"Роутер безпровідний TENDA F3 300Mbps, 3x5dBi Ant"},{"monitoringDate":"22/05/2018","competitorName":"Comfy","competitorId":65000001032,"depName":"Споживча електроніка","depId":61000060110,"branchName":"Відділ 310","article":31241838,"itemTitle":"Маршрутизатор Ethernet Tenda FH456","price":"599,00","isAvailable":true,"identity":true,"isPromo":false,"ginnerName":"Роутер безпровідний TENDA FH456 300Mbps, 4x5dBi Ant"},{"monitoringDate":"22/05/2018","competitorName":"Comfy","competitorId":65000001032,"depName":"Споживча електроніка","depId":61000060110,"branchName":"Відділ 310","article":31241541,"itemTitle":"Маршрутизатор Ethernet TP-Link Archer C2","price":"1349,00","isAvailable":true,"identity":true,"isPromo":false,"ginnerName":"Роутер безпровідний TP-LINK Archer C2 300+450Mbps, Dual band, USB"},{"monitoringDate":"22/05/2018","competitorName":"Comfy","competitorId":65000001032,"depName":"Споживча електроніка","depId":61000060110,"branchName":"Відділ 310","article":31241542,"itemTitle":"Маршрутизатор Ethernet TP-Link Archer C20","price":"799,00","isAvailable":true,"identity":true,"isPromo":false,"ginnerName":"Роутер безпровідний TP-LINK Archer C20 750Mbps, Dual band, USB"},{"monitoringDate":"22/05/2018","competitorName":"Comfy","competitorId":65000001032,"depName":"Споживча електроніка","depId":61000060110,"branchName":"Відділ 310","article":31241987,"itemTitle":"Маршрутизатор Ethernet TP-Link Archer C50 V3","price":"999,00","isAvailable":true,"identity":true,"isPromo":false,"ginnerName":"Роутер безпровідний TP-LINK Archer C50_v3 300+867Mbps, Dual band"},{"monitoringDate":"22/05/2018","competitorName":"Comfy","competitorId":65000001032,"depName":"Споживча електроніка","depId":61000060110,"branchName":"Відділ 310","article":31241540,"itemTitle":"Маршрутизатор Ethernet TP-Link Archer C50","price":"999,00","isAvailable":true,"identity":true,"isPromo":false,"ginnerName":"Роутер безпровідний TP-LINK Archer C50 1200Mbps, Dual band, USB"},{"monitoringDate":"22/05/2018","competitorName":"Comfy","competitorId":65000001032,"depName":"Споживча електроніка","depId":61000060110,"branchName":"Відділ 310","article":31241909,"itemTitle":"Маршрутизатор Ethernet TP-Link Archer C60","price":"1499,00","isAvailable":true,"identity":true,"isPromo":false,"ginnerName":"Роутер безпровідний TP-LINK Archer C60 450+867Mbps, Dual band"},{"monitoringDate":"22/05/2018","competitorName":"Comfy","competitorId":65000001032,"depName":"Споживча електроніка","depId":61000060110,"branchName":"Відділ 310","article":31224179,"itemTitle":"МФУ ч/б печати HP LaserJet Pro M130a (G3Q57A)","price":"4401,00","isAvailable":true,"identity":true,"isPromo":false,"ginnerName":"БФП лазерний HP LJ Pro M130a"},{"monitoringDate":"22/05/2018","competitorName":"Comfy","competitorId":65000001032,"depName":"Споживча електроніка","depId":61000060110,"branchName":"Відділ 310","article":31224198,"itemTitle":"МФУ ч/б печати HP LaserJet Pro M130fw (G3Q60A) c Wi-Fi","price":"7639,00","isAvailable":true,"identity":true,"isPromo":false,"ginnerName":"БФП лазерний HP LJ Pro M130fw з Wi-Fi"},{"monitoringDate":"22/05/2018","competitorName":"Comfy","competitorId":65000001032,"depName":"Споживча електроніка","depId":61000060110,"branchName":"Відділ 310","article":31224187,"itemTitle":"МФУ HP LaserJet Pro M130nw (G3Q58A) с Wi-Fi","price":"5292,00","isAvailable":true,"identity":true,"isPromo":false,"ginnerName":"БФП лазерний HP LJ Pro M130nw з Wi-Fi"},{"monitoringDate":"22/05/2018","competitorName":"Comfy","competitorId":65000001032,"depName":"Споживча електроніка","depId":61000060110,"branchName":"Відділ 310","article":31224193,"itemTitle":"МФУ цветной печати Canon i-SENSYS MF631Cn (1475C017)","price":"9999,00","isAvailable":true,"identity":true,"isPromo":false,"ginnerName":"БФП лазерний CANON MF631Cn"},{"monitoringDate":"22/05/2018","competitorName":"Comfy","competitorId":65000001032,"depName":"Споживча електроніка","depId":61000060110,"branchName":"Відділ 310","article":31224148,"itemTitle":"МФУ цветной печати Canon PIXMA E414","price":"1479,00","isAvailable":true,"identity":true,"isPromo":false,"ginnerName":"БФП струйний CANON E414"},{"monitoringDate":"22/05/2018","competitorName":"Comfy","competitorId":65000001032,"depName":"Споживча електроніка","depId":61000060110,"branchName":"Відділ 310","article":31224142,"itemTitle":"МФУ цветной печати Epson L222 (C11CE56403)","price":"4859,00","isAvailable":true,"identity":true,"isPromo":false,"ginnerName":"БФП струйний EPSON L222"},{"monitoringDate":"22/05/2018","competitorName":"Comfy","competitorId":65000001032,"depName":"Споживча електроніка","depId":61000060110,"branchName":"Відділ 310","article":31224203,"itemTitle":"МФУ цветной печати Epson L3050 Wi-Fi (C11CF46405)","price":"5529,00","isAvailable":true,"identity":true,"isPromo":false,"ginnerName":"БФП струйний EPSON L3050 з WI-FI"},{"monitoringDate":"22/05/2018","competitorName":"Comfy","competitorId":65000001032,"depName":"Споживча електроніка","depId":61000060110,"branchName":"Відділ 310","article":31224185,"itemTitle":"МФУ цветной печати HP DeskJet 2130 (K7N77C)","price":"1199,00","isAvailable":false,"identity":true,"isPromo":false,"ginnerName":"БФП струйний HP DeskJet 2130"},{"monitoringDate":"22/05/2018","competitorName":"Comfy","competitorId":65000001032,"depName":"Споживча електроніка","depId":61000060110,"branchName":"Відділ 310","article":31224204,"itemTitle":"МФУ цветной печати HP DeskJet 2630 с Wi-Fi (V1N03C)","price":"1399,00","isAvailable":true,"identity":true,"isPromo":false,"ginnerName":"БФП струйний HP DeskJet 2630 з Wi-Fi"},{"monitoringDate":"22/05/2018","competitorName":"Comfy","competitorId":65000001032,"depName":"Споживча електроніка","depId":61000060110,"branchName":"Відділ 310","article":31224190,"itemTitle":"МФУ цветной печати HP LaserJet Pro M181fw с Wi-Fi (T6B71A)","price":"9505,00","isAvailable":true,"identity":true,"isPromo":false,"ginnerName":"БФП лазерний HP Color LJ Pro M181fw з Wi-Fi"},{"monitoringDate":"22/05/2018","competitorName":"Comfy","competitorId":65000001032,"depName":"Споживча електроніка","depId":61000060110,"branchName":"Відділ 310","article":31224213,"itemTitle":"МФУ цветной печати HP OfficeJet Pro 6970 c Wi-Fi (J7K34A)","price":"4455,00","isAvailable":true,"identity":true,"isPromo":false,"ginnerName":"БФП HP OfficeJet Pro 6970 з Wi-Fi"},{"monitoringDate":"22/05/2018","competitorName":"Comfy","competitorId":65000001032,"depName":"Споживча електроніка","depId":61000060110,"branchName":"Відділ 310","article":31237159,"itemTitle":"Мобильный телефон Ergo F242 Turbo Dual Sim Black","price":"599,00","isAvailable":true,"identity":true,"isPromo":false,"ginnerName":"Телефон мобільний ERGO F242 Turbo Dual Sim (black)"},{"monitoringDate":"22/05/2018","competitorName":"Comfy","competitorId":65000001032,"depName":"Споживча електроніка","depId":61000060110,"branchName":"Відділ 310","article":31237160,"itemTitle":"Мобильный телефон Ergo F243 Swift Dual Sim Black","price":"399,00","isAvailable":true,"identity":true,"isPromo":false,"ginnerName":"Телефон мобільний ERGO F243 Swift Dual Sim (black)"},{"monitoringDate":"22/05/2018","competitorName":"Comfy","competitorId":65000001032,"depName":"Споживча електроніка","depId":61000060110,"branchName":"Відділ 310","article":31237121,"itemTitle":"Мобильный телефон LG G360 Red","price":"1449,00","isAvailable":true,"identity":true,"isPromo":false,"ginnerName":"Телефон мобільний LG G360 Red"},{"monitoringDate":"22/05/2018","competitorName":"Comfy","competitorId":65000001032,"depName":"Споживча електроніка","depId":61000060110,"branchName":"Відділ 310","article":31237142,"itemTitle":"Мобильный телефон Nokia 3310 (2017) Dark Blue","price":"1099,00","isAvailable":true,"identity":true,"isPromo":false,"ginnerName":"Телефон мобільний NOKIA 3310 DS (blue)"},{"monitoringDate":"22/05/2018","competitorName":"Comfy","competitorId":65000001032,"depName":"Споживча електроніка","depId":61000060110,"branchName":"Відділ 310","article":31237143,"itemTitle":"Мобильный телефон Nokia 3310 (2017) Grey","price":"1099,00","isAvailable":true,"identity":true,"isPromo":false,"ginnerName":"Телефон мобільний NOKIA 3310 DS (grey)"},{"monitoringDate":"22/05/2018","competitorName":"Comfy","competitorId":65000001032,"depName":"Споживча електроніка","depId":61000060110,"branchName":"Відділ 310","article":31237140,"itemTitle":"Мобильный телефон Nomi i242 X-Treme D/S Black-Green","price":"1299,00","isAvailable":true,"identity":true,"isPromo":false,"ginnerName":"Телефон мобільний NOMI i242 X-treme (black-green)"},{"monitoringDate":"22/05/2018","competitorName":"Comfy","competitorId":65000001032,"depName":"Споживча електроніка","depId":61000060110,"branchName":"Відділ 310","article":31237141,"itemTitle":"Мобильный телефон Nomi i242 X-Treme D/S Black-Orange","price":"1299,00","isAvailable":true,"identity":true,"isPromo":false,"ginnerName":"Телефон мобільний NOMI i242 X-treme (black-orange)"},{"monitoringDate":"22/05/2018","competitorName":"Comfy","competitorId":65000001032,"depName":"Споживча електроніка","depId":61000060110,"branchName":"Відділ 310","article":31237158,"itemTitle":"Мобильный телефон Nomi i245 X-Treme Dual Sim Black","price":"999,00","isAvailable":true,"identity":true,"isPromo":false,"ginnerName":"Телефон мобільний NOMI i245 X-Treme (black)"},{"monitoringDate":"22/05/2018","competitorName":"Comfy","competitorId":65000001032,"depName":"Споживча електроніка","depId":61000060110,"branchName":"Відділ 310","article":31232074,"itemTitle":"Монитор Samsung S24E391HL (LS24E391HLO/CI)","price":"4999,00","isAvailable":true,"identity":true,"isPromo":false,"ginnerName":"Монітор 24\" SAMSUNG S24E391HLO White"},{"monitoringDate":"22/05/2018","competitorName":"Comfy","competitorId":65000001032,"depName":"Споживча електроніка","depId":61000060110,"branchName":"Відділ 310","article":31232136,"itemTitle":"Монитор Asus VC239HE-W","price":"4489,00","isAvailable":true,"identity":true,"isPromo":false,"ginnerName":"Монітор 24\" ASUS VZ239HE-W White"},{"monitoringDate":"22/05/2018","competitorName":"Comfy","competitorId":65000001032,"depName":"Споживча електроніка","depId":61000060110,"branchName":"Відділ 310","article":31232138,"itemTitle":"Монитор Asus VC239HE","price":"4199,00","isAvailable":true,"identity":true,"isPromo":false,"ginnerName":"Монітор 23\" ASUS VC239HE (90LM01E1-B01470)"},{"monitoringDate":"22/05/2018","competitorName":"Comfy","competitorId":65000001032,"depName":"Споживча електроніка","depId":61000060110,"branchName":"Відділ 310","article":31232110,"itemTitle":"Монитор Asus VG245HE","price":"7029,00","isAvailable":true,"identity":true,"isPromo":false,"ginnerName":"Монітор 24\" ASUS VG245HE Black"},{"monitoringDate":"22/05/2018","competitorName":"Comfy","competitorId":65000001032,"depName":"Споживча електроніка","depId":61000060110,"branchName":"Відділ 310","article":31232111,"itemTitle":"Монитор Asus VG245Q","price":"7909,00","isAvailable":true,"identity":true,"isPromo":false,"ginnerName":"Монітор 24\" ASUS VG245Q Black"},{"monitoringDate":"22/05/2018","competitorName":"Comfy","competitorId":65000001032,"depName":"Споживча електроніка","depId":61000060110,"branchName":"Відділ 310","article":31232068,"itemTitle":"Монитор Asus VP249H","price":"4589,00","isAvailable":true,"identity":true,"isPromo":false,"ginnerName":"Монітор 24\" ASUS VZ249H Black (В)"},{"monitoringDate":"22/05/2018","competitorName":"Comfy","competitorId":65000001032,"depName":"Споживча електроніка","depId":61000060110,"branchName":"Відділ 310","article":31232118,"itemTitle":"Монитор Dell S2318HN (210-ALUZ)","price":"5209,00","isAvailable":false,"identity":true,"isPromo":false,"ginnerName":"Монітор 24\" DELL S2318HN (210-ALUZ)"},{"monitoringDate":"22/05/2018","competitorName":"Comfy","competitorId":65000001032,"depName":"Споживча електроніка","depId":61000060110,"branchName":"Відділ 310","article":31232117,"itemTitle":"Монитор Dell SE2417HG (210-ALDY)","price":"4449,00","isAvailable":true,"identity":true,"isPromo":false,"ginnerName":"Монітор 24\" DELL SE2417HG (210-ALDY)"},{"monitoringDate":"22/05/2018","competitorName":"Comfy","competitorId":65000001032,"depName":"Споживча електроніка","depId":61000060110,"branchName":"Відділ 310","article":31232123,"itemTitle":"Монитор HP EliteDisplay E233 (1FH46AA)","price":"5759,00","isAvailable":true,"identity":true,"isPromo":false,"ginnerName":"Монітор 23\" HP EliteDisplay E233 (1FH46AA)"},{"monitoringDate":"22/05/2018","competitorName":"Comfy","competitorId":65000001032,"depName":"Споживча електроніка","depId":61000060110,"branchName":"Відділ 310","article":31232075,"itemTitle":"Монитор LG 24MP88HV-S","price":"6399,00","isAvailable":true,"identity":true,"isPromo":false,"ginnerName":"Монітор 24\" LG 24MP88HV-S White"},{"monitoringDate":"22/05/2018","competitorName":"Comfy","competitorId":65000001032,"depName":"Споживча електроніка","depId":61000060110,"branchName":"Відділ 310","article":31232070,"itemTitle":"Монитор LG 25UM58-P","price":"5699,00","isAvailable":true,"identity":true,"isPromo":false,"ginnerName":"Монітор 25\" LG 25UM58-P Black"},{"monitoringDate":"22/05/2018","competitorName":"Comfy","competitorId":65000001032,"depName":"Споживча електроніка","depId":61000060110,"branchName":"Відділ 310","article":31232069,"itemTitle":"Монитор Samsung C24F390FHI","price":"4999,00","isAvailable":true,"identity":true,"isPromo":false,"ginnerName":"Монітор 24\" SAMSUNG CURVED C24F390F Black"},{"monitoringDate":"22/05/2018","competitorName":"Comfy","competitorId":65000001032,"depName":"Споживча електроніка","depId":61000060110,"branchName":"Відділ 310","article":31252650,"itemTitle":"Blutooth-гарнитура Plantronics Explorer 50 (202340-05)","price":"759,00","isAvailable":true,"identity":true,"isPromo":false,"ginnerName":"Гарнітура-bluetooth Plantronics Explorer 50"},{"monitoringDate":"22/05/2018","competitorName":"Comfy","competitorId":65000001032,"depName":"Споживча електроніка","depId":61000060110,"branchName":"Відділ 310","article":31201517,"itemTitle":"Флеш USB Kingston DTSE9 32GB USB 2.0 Metal (DTSE9H/32GB)","price":"349,00","isAvailable":true,"identity":true,"isPromo":false,"ginnerName":"Флеш-драйв USB Kingston DataTraveler SE9 Metal 32GB"},{"monitoringDate":"22/05/2018","competitorName":"Comfy","competitorId":65000001032,"depName":"Споживча електроніка","depId":61000060110,"branchName":"Відділ 310","article":31246502,"itemTitle":"Наушники вкладыши Acme BH104 Black (4770070879443)","price":"599,00","isAvailable":false,"identity":true,"isPromo":false,"ginnerName":"Гарнітура бездротова ACME BH104 Bluetooth earphones, чорний"},{"monitoringDate":"22/05/2018","competitorName":"Comfy","competitorId":65000001032,"depName":"Споживча електроніка","depId":61000060110,"branchName":"Відділ 310","article":31225612,"itemTitle":"Ноутбук Acer Aspire ES1-533-C7N4 (NX.GFTEU.042) Black","price":"7777,00","isAvailable":true,"identity":true,"isPromo":true,"ginnerName":"Ноутбук 15.6\" ACER Aspire ES15 ES1-533-C7N4 (NX.GFTEU.042)"},{"monitoringDate":"22/05/2018","competitorName":"Comfy","competitorId":65000001032,"depName":"Споживча електроніка","depId":61000060110,"branchName":"Відділ 310","article":31225601,"itemTitle":"Ноутбук Acer Nitro 5 AN515-51-50HC (NH.Q2REU.020) Shale Black","price":"24999,00","isAvailable":true,"identity":true,"isPromo":false,"ginnerName":"Ноутбук 15.6\" Acer Nitro 5 AN515-51-50HC FHD (NH.Q2REU.020)"},{"monitoringDate":"22/05/2018","competitorName":"Comfy","competitorId":65000001032,"depName":"Споживча електроніка","depId":61000060110,"branchName":"Відділ 310","article":31225595,"itemTitle":"Ноутбук Acer Predator Triton 700 PT715-51-71ES (NH.Q2KEU.007) Obsidian Black","price":"65299,00","isAvailable":true,"identity":true,"isPromo":false,"ginnerName":"Ноутбук 15.6\" ACER Predator Triton 700 (NH.Q2KEU.007) Obsidian Black"},{"monitoringDate":"22/05/2018","competitorName":"Comfy","competitorId":65000001032,"depName":"Споживча електроніка","depId":61000060110,"branchName":"Відділ 310","article":31225590,"itemTitle":"Ноутбук Asus GL553VD-FY461T Black","price":"34889,00","isAvailable":false,"identity":true,"isPromo":false,"ginnerName":"Ноутбук 15.6\" ASUS ROG GL553VD-FY461T (90NB0DW3-M06610)"},{"monitoringDate":"22/05/2018","competitorName":"Comfy","competitorId":65000001032,"depName":"Споживча електроніка","depId":61000060110,"branchName":"Відділ 310","article":31225578,"itemTitle":"Ноутбук Asus X541UV-XO787 Silver Gradient","price":"11999,00","isAvailable":true,"identity":true,"isPromo":false,"ginnerName":"Ноутбук 15.6\" ASUS X541UV-XO787 Silver Gradient"},{"monitoringDate":"22/05/2018","competitorName":"Comfy","competitorId":65000001032,"depName":"Споживча електроніка","depId":61000060110,"branchName":"Відділ 310","article":31225604,"itemTitle":"Ноутбук Asus X540NA-GQ005 Chocolate Black","price":"7359,00","isAvailable":false,"identity":true,"isPromo":false,"ginnerName":"Ноутбук 15.6\" ASUS X540NA-GQ005 Chocolate Black"},{"monitoringDate":"22/05/2018","competitorName":"Comfy","competitorId":65000001032,"depName":"Споживча електроніка","depId":61000060110,"branchName":"Відділ 310","article":31225605,"itemTitle":"Ноутбук Asus X540NA-GQ008 Chocolate Black","price":"8449,00","isAvailable":false,"identity":true,"isPromo":false,"ginnerName":"Ноутбук 15.6\" ASUS X540NA-GQ008 Chocolate Black"},{"monitoringDate":"22/05/2018","competitorName":"Comfy","competitorId":65000001032,"depName":"Споживча електроніка","depId":61000060110,"branchName":"Відділ 310","article":31225606,"itemTitle":"Ноутбук Asus X540NV-GQ006 Chocolate Black","price":"8585,00","isAvailable":false,"identity":true,"isPromo":false,"ginnerName":"Ноутбук 15.6\" ASUS X540NV-GQ006 Chocolate Black"},{"monitoringDate":"22/05/2018","competitorName":"Comfy","competitorId":65000001032,"depName":"Споживча електроніка","depId":61000060110,"branchName":"Відділ 310","article":31225577,"itemTitle":"Ноутбук Asus X541UV-XO784 Chocolate Black","price":"12349,00","isAvailable":true,"identity":true,"isPromo":true,"ginnerName":"Ноутбук 15.6\" ASUS X541UV-XO784 Chocolate Black"},{"monitoringDate":"22/05/2018","competitorName":"Comfy","competitorId":65000001032,"depName":"Споживча електроніка","depId":61000060110,"branchName":"Відділ 310","article":31225617,"itemTitle":"Ноутбук Asus X542UN-DM046T White","price":"25659,00","isAvailable":true,"identity":true,"isPromo":false,"ginnerName":"Ноутбук 15.6\" ASUS X542UN-DM046T (90NB0G85-M00600) White"},{"monitoringDate":"22/05/2018","competitorName":"Comfy","competitorId":65000001032,"depName":"Споживча електроніка","depId":61000060110,"branchName":"Відділ 310","article":31225620,"itemTitle":"Ноутбук HP 15-bs542ur (2KG44EA) Black","price":"22619,00","isAvailable":true,"identity":true,"isPromo":false,"ginnerName":"Ноутбук 15.6\" HP 15-bs542ur (2KG44EA) Black"},{"monitoringDate":"22/05/2018","competitorName":"Comfy","competitorId":65000001032,"depName":"Споживча електроніка","depId":61000060110,"branchName":"Відділ 310","article":31225592,"itemTitle":"Ноутбук HP Pavilion 15-cc113ur (3DM03EA) Red","price":"28889,00","isAvailable":false,"identity":true,"isPromo":false,"ginnerName":"Ноутбук 15.6\" HP Pavilion 15-cc113ur (3DM03EA) Red"},{"monitoringDate":"22/05/2018","competitorName":"Comfy","competitorId":65000001032,"depName":"Споживча електроніка","depId":61000060110,"branchName":"Відділ 310","article":31225548,"itemTitle":"Ноутбук Huawei Matebook D (53010ANS) Space Gray","price":"22999,00","isAvailable":true,"identity":true,"isPromo":false,"ginnerName":"Ноутбук 15.6\" HUAWEI Matebook D (53010ANS) Space Gray"},{"monitoringDate":"22/05/2018","competitorName":"Comfy","competitorId":65000001032,"depName":"Споживча електроніка","depId":61000060110,"branchName":"Відділ 310","article":31225599,"itemTitle":"Ноутбук Lenovo IdeaPad 320-15IAP (80XR01A5RA) Platinum Grey","price":"10699,00","isAvailable":true,"identity":true,"isPromo":false,"ginnerName":"Ноутбук 15.6\" LENOVO 320-15 (80XR01A5RA)"},{"monitoringDate":"22/05/2018","competitorName":"Comfy","competitorId":65000001032,"depName":"Споживча електроніка","depId":61000060110,"branchName":"Відділ 310","article":31225581,"itemTitle":"Ноутбук Lenovo IdeaPad 320-15ISK (80XH00YWRA) Platinum Grey","price":"12499,00","isAvailable":false,"identity":true,"isPromo":false,"ginnerName":"Ноутбук 15.6\" LENOVO 320-15 (80XH00YWRA)"},{"monitoringDate":"22/05/2018","competitorName":"Comfy","competitorId":65000001032,"depName":"Споживча електроніка","depId":61000060110,"branchName":"Відділ 310","article":31225597,"itemTitle":"Ноутбук Lenovo Y720-15IKB (80VR00KGRA) Black","price":"46601,00","isAvailable":true,"identity":true,"isPromo":false,"ginnerName":"Ноутбук 15.6\" LENOVO Legion Y720-15 (80VR00KGRA) Black "},{"monitoringDate":"22/05/2018","competitorName":"Comfy","competitorId":65000001032,"depName":"Споживча електроніка","depId":61000060110,"branchName":"Відділ 310","article":31219387,"itemTitle":"Портативная акустика JBL Flip 4 Black (JBLFLIP4BLK)","price":"2999,00","isAvailable":true,"identity":true,"isPromo":true,"ginnerName":"Акустична система портативна JBL FLIP4 Чорна"},{"monitoringDate":"22/05/2018","competitorName":"Comfy","competitorId":65000001032,"depName":"Споживча електроніка","depId":61000060110,"branchName":"Відділ 310","article":31219389,"itemTitle":"Портативная акустика JBL Flip 4 Red (JBLFLIP4RED)","price":"2999,00","isAvailable":true,"identity":true,"isPromo":true,"ginnerName":"Акустична система портативна JBL FLIP4 Червона"},{"monitoringDate":"22/05/2018","competitorName":"Comfy","competitorId":65000001032,"depName":"Споживча електроніка","depId":61000060110,"branchName":"Відділ 310","article":31219457,"itemTitle":"Портативная акустика Philips BT6900B/00","price":"2499,00","isAvailable":true,"identity":true,"isPromo":false,"ginnerName":"Акустична система портативна Philips BT6900B Чорний"},{"monitoringDate":"22/05/2018","competitorName":"Comfy","competitorId":65000001032,"depName":"Споживча електроніка","depId":61000060110,"branchName":"Відділ 310","article":31219458,"itemTitle":"Портативная акустика Philips SB300B/00","price":"1299,00","isAvailable":true,"identity":true,"isPromo":false,"ginnerName":"Акустична система портативна Philips SB300B Чорний"},{"monitoringDate":"22/05/2018","competitorName":"Comfy","competitorId":65000001032,"depName":"Споживча електроніка","depId":61000060110,"branchName":"Відділ 310","article":31219459,"itemTitle":"Портативная акустика Philips SB500A Blue","price":"4499,00","isAvailable":true,"identity":true,"isPromo":false,"ginnerName":"Акустична система портативна Philips SB500A Синій"},{"monitoringDate":"22/05/2018","competitorName":"Comfy","competitorId":65000001032,"depName":"Споживча електроніка","depId":61000060110,"branchName":"Відділ 310","article":31219427,"itemTitle":"Портативная акустика Promate Groove Black","price":"1949,00","isAvailable":true,"identity":true,"isPromo":true,"ginnerName":"Акустична система портативна PROMATE Groove Black"},{"monitoringDate":"22/05/2018","competitorName":"Comfy","competitorId":65000001032,"depName":"Споживча електроніка","depId":61000060110,"branchName":"Відділ 310","article":31219453,"itemTitle":"Портативная акустика Sony SRS-XB30 Black","price":"3699,00","isAvailable":true,"identity":true,"isPromo":false,"ginnerName":"Акустична система портативна Sony SRS-XB30B Чорний"},{"monitoringDate":"22/05/2018","competitorName":"Comfy","competitorId":65000001032,"depName":"Споживча електроніка","depId":61000060110,"branchName":"Відділ 310","article":31219452,"itemTitle":"Портативная акустика Sony SRS-XB30 Red","price":"3699,00","isAvailable":false,"identity":true,"isPromo":false,"ginnerName":"Акустична система портативна Sony SRS-XB30R Червоний"},{"monitoringDate":"22/05/2018","competitorName":"Comfy","competitorId":65000001032,"depName":"Споживча електроніка","depId":61000060110,"branchName":"Відділ 310","article":31219454,"itemTitle":"Портативная акустика Sony SRS-XB40 Black","price":"5499,00","isAvailable":true,"identity":true,"isPromo":true,"ginnerName":"Акустична система портативна Sony SRS-XB40B Чорний"},{"monitoringDate":"22/05/2018","competitorName":"Comfy","competitorId":65000001032,"depName":"Споживча електроніка","depId":61000060110,"branchName":"Відділ 310","article":31219277,"itemTitle":"Портативная акустика Trust URBAN Deci Wireless Speaker Blue","price":"649,00","isAvailable":false,"identity":true,"isPromo":false,"ginnerName":"Акустика TRUST URBAN REVOLT Deci Wireless Speaker Blue"},{"monitoringDate":"22/05/2018","competitorName":"Comfy","competitorId":65000001032,"depName":"Споживча електроніка","depId":61000060110,"branchName":"Відділ 310","article":31219414,"itemTitle":"Портативная акустика Xiaomi Mi Speaker (QBH4057US) Gold","price":"1485,00","isAvailable":true,"identity":true,"isPromo":false,"ginnerName":"Акустична система Xiaomi Mi Speaker (QBH4057US) золота"},{"monitoringDate":"22/05/2018","competitorName":"Comfy","competitorId":65000001032,"depName":"Споживча електроніка","depId":61000060110,"branchName":"Відділ 310","article":31224188,"itemTitle":"Принтер для ч/б печати HP LaserJet Pro M102A (G3Q34A)","price":"3483,00","isAvailable":true,"identity":true,"isPromo":false,"ginnerName":"Принтер лазерний HP LJ Pro M102a"},{"monitoringDate":"22/05/2018","competitorName":"Comfy","competitorId":65000001032,"depName":"Споживча електроніка","depId":61000060110,"branchName":"Відділ 310","article":31224199,"itemTitle":"Принтер для ч/б печати HP LJ M102W (G3Q35A)","price":"3834,00","isAvailable":true,"identity":true,"isPromo":false,"ginnerName":"Принтер А4 HP LJ Pro M102w з Wi-Fi"},{"monitoringDate":"22/05/2018","competitorName":"Comfy","competitorId":65000001032,"depName":"Споживча електроніка","depId":61000060110,"branchName":"Відділ 310","article":31224175,"itemTitle":"Принтер Epson L132 (C11CE58403)","price":"3739,00","isAvailable":false,"identity":true,"isPromo":false,"ginnerName":"Принтер струйний EPSON L132 "},{"monitoringDate":"22/05/2018","competitorName":"Comfy","competitorId":65000001032,"depName":"Споживча електроніка","depId":61000060110,"branchName":"Відділ 310","article":31224156,"itemTitle":"Принтер для цветной печати Epson L805 (C11CE86403) c WI-FI","price":"7075,00","isAvailable":true,"identity":true,"isPromo":false,"ginnerName":"Принтер струйний EPSON L805 з WI-FI"},{"monitoringDate":"22/05/2018","competitorName":"Comfy","competitorId":65000001032,"depName":"Споживча електроніка","depId":61000060110,"branchName":"Відділ 310","article":31232045,"itemTitle":"Проектор Acer C120 (EY.JE001.002) WVGA, 100 ANSI Lm, LED","price":"6855,00","isAvailable":true,"identity":true,"isPromo":false,"ginnerName":"Проектор ACER C120 (EY.JE001.002) чорний"},{"monitoringDate":"22/05/2018","competitorName":"Comfy","competitorId":65000001032,"depName":"Споживча електроніка","depId":61000060110,"branchName":"Відділ 310","article":31232140,"itemTitle":"Проектор Acer H6512BD (MR.JNR11.001)","price":"20419,00","isAvailable":true,"identity":true,"isPromo":false,"ginnerName":"Проектор  Acer H6512BD (DLP, Full HD, 3400 ANSI Lm)"},{"monitoringDate":"22/05/2018","competitorName":"Comfy","competitorId":65000001032,"depName":"Споживча електроніка","depId":61000060110,"branchName":"Відділ 310","article":31232128,"itemTitle":"Проектор Acer P1385WB (MR.JLQ11.00D) DLP, WXGA, 3400 ANSI Lm","price":"16229,00","isAvailable":true,"identity":true,"isPromo":false,"ginnerName":"Проектор Acer P1385WB (DLP, WXGA, 3400 ANSI Lm)"},{"monitoringDate":"22/05/2018","competitorName":"Comfy","competitorId":65000001032,"depName":"Споживча електроніка","depId":61000060110,"branchName":"Відділ 310","article":31232135,"itemTitle":"Проектор Acer X1126H (MR.JPB11.001)","price":"10375,00","isAvailable":true,"identity":true,"isPromo":false,"ginnerName":"Проектор ACER X1126H (MR.JPB11.001)"},{"monitoringDate":"22/05/2018","competitorName":"Comfy","competitorId":65000001032,"depName":"Споживча електроніка","depId":61000060110,"branchName":"Відділ 310","article":31229234,"itemTitle":"Рюкзак для ноутбука 2E 2E-BPN116BK Black","price":"539,00","isAvailable":true,"identity":true,"isPromo":false,"ginnerName":"Рюкзак для ноутбука 2E-BPN116BK 16\" чорний"},{"monitoringDate":"22/05/2018","competitorName":"Comfy","competitorId":65000001032,"depName":"Споживча електроніка","depId":61000060110,"branchName":"Відділ 310","article":31229236,"itemTitle":"Рюкзак для ноутбука 2E 2E-BPN316BR Brown","price":"515,00","isAvailable":false,"identity":true,"isPromo":false,"ginnerName":"Рюкзак для ноутбука 2E-BPN316BR 16\" коричневий"},{"monitoringDate":"22/05/2018","competitorName":"Comfy","competitorId":65000001032,"depName":"Споживча електроніка","depId":61000060110,"branchName":"Відділ 310","article":31241067,"itemTitle":"Маршрутизатор Ethernet Asus RT-N11P","price":"599,00","isAvailable":true,"identity":true,"isPromo":false,"ginnerName":"Роутер безпровідний ASUS RT-N11P 300Mbps"},{"monitoringDate":"22/05/2018","competitorName":"Comfy","competitorId":65000001032,"depName":"Споживча електроніка","depId":61000060110,"branchName":"Відділ 310","article":31241017,"itemTitle":"Маршрутизатор Ethernet Asus RT-N18U","price":"2359,00","isAvailable":true,"identity":true,"isPromo":false,"ginnerName":"Роутер безпровідний ASUS RT-N18U 600Mbps, USB"},{"monitoringDate":"22/05/2018","competitorName":"Comfy","competitorId":65000001032,"depName":"Споживча електроніка","depId":61000060110,"branchName":"Відділ 310","article":31241944,"itemTitle":"Сетевой адаптер Asus USB-N14","price":"689,00","isAvailable":true,"identity":true,"isPromo":false,"ginnerName":"Адаптер ASUS USB-N14 802.11n 300Mbps, 2 антенни, USB 2.0"},{"monitoringDate":"22/05/2018","competitorName":"Comfy","competitorId":65000001032,"depName":"Споживча електроніка","depId":61000060110,"branchName":"Відділ 310","article":31227312,"itemTitle":"Коммутатор локальной сети (Switch) TP-LINK TL-SF1008D","price":"259,00","isAvailable":true,"identity":true,"isPromo":false,"ginnerName":"Комутатор TP-LINK TL-SF1008D"},{"monitoringDate":"22/05/2018","competitorName":"Comfy","competitorId":65000001032,"depName":"Споживча електроніка","depId":61000060110,"branchName":"Відділ 310","article":31227977,"itemTitle":"Точка доступа TP-Link TL-WA850RE","price":"519,00","isAvailable":true,"identity":true,"isPromo":false,"ginnerName":"Підсилювач безпровідний TP-LINK TL-WA850RE 300Mbps"},{"monitoringDate":"22/05/2018","competitorName":"Comfy","competitorId":65000001032,"depName":"Споживча електроніка","depId":61000060110,"branchName":"Відділ 310","article":31227973,"itemTitle":"Маршрутизатор Ethernet TP-LINK TL-WR840N","price":"479,00","isAvailable":true,"identity":true,"isPromo":false,"ginnerName":"Роутер безпровідний TP-LINK TL-WR840N 300Mbps"},{"monitoringDate":"22/05/2018","competitorName":"Comfy","competitorId":65000001032,"depName":"Споживча електроніка","depId":61000060110,"branchName":"Відділ 310","article":31227451,"itemTitle":"Маршрутизатор Ethernet TP-LINK TL-WR841N","price":"529,00","isAvailable":true,"identity":true,"isPromo":false,"ginnerName":"Роутер безпровідний TP-LINK TL-WR841N 300Mbps"},{"monitoringDate":"22/05/2018","competitorName":"Comfy","competitorId":65000001032,"depName":"Споживча електроніка","depId":61000060110,"branchName":"Відділ 310","article":31241641,"itemTitle":"Маршрутизатор Ethernet TP-LINK TL-WR940N","price":"699,00","isAvailable":true,"identity":true,"isPromo":false,"ginnerName":"Роутер безпровідний TP-LINK TL-WR940N 450 Mbps"},{"monitoringDate":"22/05/2018","competitorName":"Comfy","competitorId":65000001032,"depName":"Споживча електроніка","depId":61000060110,"branchName":"Відділ 310","article":31255034,"itemTitle":"Смарт-часы MyKronoz ZeSport тітан/помаранч (ZEGSWMYKLC000018)","price":"3750,00","isAvailable":true,"identity":true,"isPromo":true,"ginnerName":"Смарт годинник MYKRONOZ ZeSport тітан/помаранч"},{"monitoringDate":"22/05/2018","competitorName":"Comfy","competitorId":65000001032,"depName":"Споживча електроніка","depId":61000060110,"branchName":"Відділ 310","article":31238772,"itemTitle":"Смартфон Huawei Nova lite 2017 Black","price":"3999,00","isAvailable":true,"identity":true,"isPromo":false,"ginnerName":"Смартфон HUAWEI Nova lite 2017 (black)"},{"monitoringDate":"22/05/2018","competitorName":"Comfy","competitorId":65000001032,"depName":"Споживча електроніка","depId":61000060110,"branchName":"Відділ 310","article":31238875,"itemTitle":"Смартфон Huawei Nova lite 2017 Gold","price":"3999,00","isAvailable":true,"identity":true,"isPromo":true,"ginnerName":"Смартфон HUAWEI Nova lite 2017 (gold)"},{"monitoringDate":"22/05/2018","competitorName":"Comfy","competitorId":65000001032,"depName":"Споживча електроніка","depId":61000060110,"branchName":"Відділ 310","article":31238873,"itemTitle":"Смартфон Huawei P Smart (FIG-LX1) Black","price":"6999,00","isAvailable":true,"identity":true,"isPromo":false,"ginnerName":"Смартфон HUAWEI P Smart (black)"},{"monitoringDate":"22/05/2018","competitorName":"Comfy","competitorId":65000001032,"depName":"Споживча електроніка","depId":61000060110,"branchName":"Відділ 310","article":31238820,"itemTitle":"Смартфон Huawei P Smart (FIG-LX1) Blue","price":"6999,00","isAvailable":true,"identity":true,"isPromo":false,"ginnerName":"Смартфон HUAWEI P Smart (blue)"},{"monitoringDate":"22/05/2018","competitorName":"Comfy","competitorId":65000001032,"depName":"Споживча електроніка","depId":61000060110,"branchName":"Відділ 310","article":31238821,"itemTitle":"Смартфон Huawei P Smart (FIG-LX1) Gold","price":"6999,00","isAvailable":true,"identity":true,"isPromo":false,"ginnerName":"Смартфон HUAWEI P Smart (gold)"},{"monitoringDate":"22/05/2018","competitorName":"Comfy","competitorId":65000001032,"depName":"Споживча електроніка","depId":61000060110,"branchName":"Відділ 310","article":31238871,"itemTitle":"Смартфон Huawei P20 lite Black","price":"11999,00","isAvailable":true,"identity":true,"isPromo":false,"ginnerName":"Смартфон HUAWEI P20 lite (black)"},{"monitoringDate":"22/05/2018","competitorName":"Comfy","competitorId":65000001032,"depName":"Споживча електроніка","depId":61000060110,"branchName":"Відділ 310","article":31238668,"itemTitle":"Смартфон Huawei P8 lite 2017 Gold","price":"4999,00","isAvailable":true,"identity":true,"isPromo":false,"ginnerName":"Смартфон HUAWEI P8 Lite 2017 (gold)"},{"monitoringDate":"22/05/2018","competitorName":"Comfy","competitorId":65000001032,"depName":"Споживча електроніка","depId":61000060110,"branchName":"Відділ 310","article":31238667,"itemTitle":"Смартфон Huawei P8 lite 2017 Black","price":"4999,00","isAvailable":true,"identity":true,"isPromo":false,"ginnerName":"Смартфон HUAWEI P8 Lite 2017 (black)"},{"monitoringDate":"22/05/2018","competitorName":"Comfy","competitorId":65000001032,"depName":"Споживча електроніка","depId":61000060110,"branchName":"Відділ 310","article":31238768,"itemTitle":"Смартфон Huawei Y3 2017 Gold","price":"2599,00","isAvailable":true,"identity":true,"isPromo":false,"ginnerName":"Смартфон HUAWEI Y3 2017 (gold)"},{"monitoringDate":"22/05/2018","competitorName":"Comfy","competitorId":65000001032,"depName":"Споживча електроніка","depId":61000060110,"branchName":"Відділ 310","article":31238736,"itemTitle":"Смартфон Huawei Y3 2017 Gray","price":"2599,00","isAvailable":true,"identity":true,"isPromo":false,"ginnerName":"Смартфон HUAWEI Y3 2017 (grey)"},{"monitoringDate":"22/05/2018","competitorName":"Comfy","competitorId":65000001032,"depName":"Споживча електроніка","depId":61000060110,"branchName":"Відділ 310","article":31238876,"itemTitle":"Смартфон Huawei Y5 2017 Gold","price":"2999,00","isAvailable":true,"identity":true,"isPromo":false,"ginnerName":"Смартфон HUAWEI Y5 2017 (gold)"},{"monitoringDate":"22/05/2018","competitorName":"Comfy","competitorId":65000001032,"depName":"Споживча електроніка","depId":61000060110,"branchName":"Відділ 310","article":31238767,"itemTitle":"Смартфон Huawei Y5 2017 Gray","price":"2999,00","isAvailable":true,"identity":true,"isPromo":false,"ginnerName":"Смартфон HUAWEI Y5 2017 (grey)"},{"monitoringDate":"22/05/2018","competitorName":"Comfy","competitorId":65000001032,"depName":"Споживча електроніка","depId":61000060110,"branchName":"Відділ 310","article":31238738,"itemTitle":"Смартфон Huawei Y7 (TRT-LX1) Gray","price":"3999,00","isAvailable":false,"identity":true,"isPromo":false,"ginnerName":"Смартфон HUAWEI Y7 2017 (grey)"},{"monitoringDate":"22/05/2018","competitorName":"Comfy","competitorId":65000001032,"depName":"Споживча електроніка","depId":61000060110,"branchName":"Відділ 310","article":31238774,"itemTitle":"Смартфон IMPRESSION ImSmart A504 Dual Sim Black","price":"1899,00","isAvailable":false,"identity":true,"isPromo":false,"ginnerName":"Смартфон IMPRESSION ImSmart A504 Slim Power 3200"},{"monitoringDate":"22/05/2018","competitorName":"Comfy","competitorId":65000001032,"depName":"Споживча електроніка","depId":61000060110,"branchName":"Відділ 310","article":31238775,"itemTitle":"Смартфон IMPRESSION ImSmart C551 Dual Sim Black","price":"2699,00","isAvailable":true,"identity":true,"isPromo":false,"ginnerName":"Смартфон IMPRESSION ImSmart C551 Ultra Power 6200"},{"monitoringDate":"22/05/2018","competitorName":"Comfy","competitorId":65000001032,"depName":"Споживча електроніка","depId":61000060110,"branchName":"Відділ 310","article":31238776,"itemTitle":"Смартфон IMPRESSION ImSmart C571 Dual Sim Black","price":"3299,00","isAvailable":true,"identity":true,"isPromo":false,"ginnerName":"Смартфон IMPRESSION ImSmart C571 Fingerprint"},{"monitoringDate":"22/05/2018","competitorName":"Comfy","competitorId":65000001032,"depName":"Споживча електроніка","depId":61000060110,"branchName":"Відділ 310","article":31238756,"itemTitle":"Смартфон Meizu M5 Note 16 Gb Grey","price":"3499,00","isAvailable":true,"identity":true,"isPromo":false,"ginnerName":"Смартфон MEIZU M5 Note 16GB (gray)"},{"monitoringDate":"22/05/2018","competitorName":"Comfy","competitorId":65000001032,"depName":"Споживча електроніка","depId":61000060110,"branchName":"Відділ 310","article":31238769,"itemTitle":"Смартфон Meizu M5 Note 32GB Gold","price":"3999,00","isAvailable":true,"identity":true,"isPromo":false,"ginnerName":"Смартфон MEIZU M5 Note 32GB (gold)"},{"monitoringDate":"22/05/2018","competitorName":"Comfy","competitorId":65000001032,"depName":"Споживча електроніка","depId":61000060110,"branchName":"Відділ 310","article":31238770,"itemTitle":"Смартфон Meizu M5 Note 32GB Grey","price":"3999,00","isAvailable":true,"identity":true,"isPromo":false,"ginnerName":"Смартфон MEIZU M5 Note 32GB (gray)"},{"monitoringDate":"22/05/2018","competitorName":"Comfy","competitorId":65000001032,"depName":"Споживча електроніка","depId":61000060110,"branchName":"Відділ 310","article":31238744,"itemTitle":"Смартфон Meizu M5c Black","price":"2599,00","isAvailable":true,"identity":true,"isPromo":false,"ginnerName":"Смартфон MEIZU M5с 16Gb (black)"},{"monitoringDate":"22/05/2018","competitorName":"Comfy","competitorId":65000001032,"depName":"Споживча електроніка","depId":61000060110,"branchName":"Відділ 310","article":31238755,"itemTitle":"Смартфон Meizu M5c Blue","price":"2599,00","isAvailable":false,"identity":true,"isPromo":false,"ginnerName":"Смартфон MEIZU M5с 16Gb (blue)"},{"monitoringDate":"22/05/2018","competitorName":"Comfy","competitorId":65000001032,"depName":"Споживча електроніка","depId":61000060110,"branchName":"Відділ 310","article":31238754,"itemTitle":"Смартфон Meizu M5s 16 Gb Grey","price":"3099,00","isAvailable":true,"identity":true,"isPromo":false,"ginnerName":"Смартфон MEIZU M5s 16Gb (grey)"},{"monitoringDate":"22/05/2018","competitorName":"Comfy","competitorId":65000001032,"depName":"Споживча електроніка","depId":61000060110,"branchName":"Відділ 310","article":31238771,"itemTitle":"Смартфон Meizu M5s 32 Gb Grey","price":"3599,00","isAvailable":true,"identity":true,"isPromo":false,"ginnerName":"Смартфон MEIZU M5s 32Gb (grey)"},{"monitoringDate":"22/05/2018","competitorName":"Comfy","competitorId":65000001032,"depName":"Споживча електроніка","depId":61000060110,"branchName":"Відділ 310","article":31238779,"itemTitle":"Смартфон Nomi i5012 EVO M2 Blue","price":"1899,00","isAvailable":true,"identity":true,"isPromo":false,"ginnerName":"Смартфон NOMI i5012 EVO M2 (blue)"},{"monitoringDate":"22/05/2018","competitorName":"Comfy","competitorId":65000001032,"depName":"Споживча електроніка","depId":61000060110,"branchName":"Відділ 310","article":31238622,"itemTitle":"Смартфон Samsung A320F Galaxy A3 2017 Black Sky","price":"7999,00","isAvailable":false,"identity":true,"isPromo":false,"ginnerName":"Смартфон SAMSUNG SM-A320F Galaxy A3 (black)"},{"monitoringDate":"22/05/2018","competitorName":"Comfy","competitorId":65000001032,"depName":"Споживча електроніка","depId":61000060110,"branchName":"Відділ 310","article":31238626,"itemTitle":"Смартфон Samsung A520F Galaxy A5 2017 Black","price":"10499,00","isAvailable":true,"identity":true,"isPromo":false,"ginnerName":"Смартфон SAMSUNG SM-A520F Galaxy A5 (black)"},{"monitoringDate":"22/05/2018","competitorName":"Comfy","competitorId":65000001032,"depName":"Споживча електроніка","depId":61000060110,"branchName":"Відділ 310","article":31238624,"itemTitle":"Смартфон Samsung A520F Galaxy A5 2017 Gold Sand","price":"10499,00","isAvailable":true,"identity":true,"isPromo":false,"ginnerName":"Смартфон SAMSUNG SM-A520F Galaxy A5 (gold)"},{"monitoringDate":"22/05/2018","competitorName":"Comfy","competitorId":65000001032,"depName":"Споживча електроніка","depId":61000060110,"branchName":"Відділ 310","article":31238817,"itemTitle":"Смартфон Samsung A530F Galaxy A8 2018 Black","price":"13999,00","isAvailable":true,"identity":true,"isPromo":false,"ginnerName":"Смартфон SAMSUNG SM-A530F Galaxy A8 DS (black)"},{"monitoringDate":"22/05/2018","competitorName":"Comfy","competitorId":65000001032,"depName":"Споживча електроніка","depId":61000060110,"branchName":"Відділ 310","article":31238816,"itemTitle":"Смартфон Samsung A530F Galaxy A8 2018 Gold","price":"13999,00","isAvailable":true,"identity":true,"isPromo":false,"ginnerName":"Смартфон SAMSUNG SM-A530F Galaxy A8 DS (gold)"},{"monitoringDate":"22/05/2018","competitorName":"Comfy","competitorId":65000001032,"depName":"Споживча електроніка","depId":61000060110,"branchName":"Відділ 310","article":31238758,"itemTitle":"Смартфон Samsung J730F Galaxy J7 2017 Gold","price":"7999,00","isAvailable":true,"identity":true,"isPromo":false,"ginnerName":"Смартфон SAMSUNG SM-J730F Galaxy J7 (gold)"},{"monitoringDate":"22/05/2018","competitorName":"Comfy","competitorId":65000001032,"depName":"Споживча електроніка","depId":61000060110,"branchName":"Відділ 310","article":31238733,"itemTitle":"Смартфон Samsung J530F Galaxy J5 2017 Gold","price":"6799,00","isAvailable":true,"identity":true,"isPromo":false,"ginnerName":"Смартфон SAMSUNG SM-J530F Galaxy J5 (gold)"},{"monitoringDate":"22/05/2018","competitorName":"Comfy","competitorId":65000001032,"depName":"Споживча електроніка","depId":61000060110,"branchName":"Відділ 310","article":31238734,"itemTitle":"Смартфон Samsung J530F Galaxy J5 2017 Black","price":"6799,00","isAvailable":true,"identity":true,"isPromo":false,"ginnerName":"Смартфон SAMSUNG SM-J530F Galaxy J5 (black)"},{"monitoringDate":"22/05/2018","competitorName":"Comfy","competitorId":65000001032,"depName":"Споживча електроніка","depId":61000060110,"branchName":"Відділ 310","article":31238735,"itemTitle":"Смартфон Samsung J730F Galaxy J7 2017 Black","price":"7999,00","isAvailable":true,"identity":true,"isPromo":false,"ginnerName":"Смартфон SAMSUNG SM-J730F Galaxy J7 (black)"},{"monitoringDate":"22/05/2018","competitorName":"Comfy","competitorId":65000001032,"depName":"Споживча електроніка","depId":61000060110,"branchName":"Відділ 310","article":31238702,"itemTitle":"Смартфон Samsung G950 Galaxy S8 64Gb Maple Gold","price":"20499,00","isAvailable":true,"identity":true,"isPromo":true,"ginnerName":"Смартфон SAMSUNG SM-G950F Galaxy S8 64 Gb (gold)"},{"monitoringDate":"22/05/2018","competitorName":"Comfy","competitorId":65000001032,"depName":"Споживча електроніка","depId":61000060110,"branchName":"Відділ 310","article":31238703,"itemTitle":"Смартфон Samsung Galaxy S8 64Gb Midnight Black","price":"20499,00","isAvailable":true,"identity":true,"isPromo":true,"ginnerName":"Смартфон SAMSUNG SM-G950F Galaxy S8 64 Gb (black)"},{"monitoringDate":"22/05/2018","competitorName":"Comfy","competitorId":65000001032,"depName":"Споживча електроніка","depId":61000060110,"branchName":"Відділ 310","article":31238705,"itemTitle":"Смартфон Samsung Galaxy S8+ Maple Gold","price":"23499,00","isAvailable":true,"identity":true,"isPromo":true,"ginnerName":"Смартфон SAMSUNG SM-G955F Galaxy S8 Plus 64 Gb (gold)"},{"monitoringDate":"22/05/2018","competitorName":"Comfy","competitorId":65000001032,"depName":"Споживча електроніка","depId":61000060110,"branchName":"Відділ 310","article":31238706,"itemTitle":"Смартфон Samsung Galaxy S8+ Midnight Black","price":"23499,00","isAvailable":true,"identity":true,"isPromo":true,"ginnerName":"Смартфон SAMSUNG SM-G955F Galaxy S8 Plus 64 Gb (black)"},{"monitoringDate":"22/05/2018","competitorName":"Comfy","competitorId":65000001032,"depName":"Споживча електроніка","depId":61000060110,"branchName":"Відділ 310","article":31238707,"itemTitle":"Смартфон Samsung G955 Galaxy S8+ 64Gb Orchid Gray","price":"23499,00","isAvailable":true,"identity":true,"isPromo":true,"ginnerName":"Смартфон SAMSUNG SM-G955F Galaxy S8 Plus 64 Gb (gray)"},{"monitoringDate":"22/05/2018","competitorName":"Comfy","competitorId":65000001032,"depName":"Споживча електроніка","depId":61000060110,"branchName":"Відділ 310","article":31238628,"itemTitle":"Смартфон Samsung A720F Galaxy A7 2017 Gold Sand","price":"11499,00","isAvailable":true,"identity":true,"isPromo":false,"ginnerName":"Смартфон SAMSUNG SM-A720F Galaxy A7 (gold)"},{"monitoringDate":"22/05/2018","competitorName":"Comfy","competitorId":65000001032,"depName":"Споживча електроніка","depId":61000060110,"branchName":"Відділ 310","article":31238630,"itemTitle":"Смартфон Samsung A720F Galaxy A7 2017 Black Sky","price":"11499,00","isAvailable":true,"identity":true,"isPromo":false,"ginnerName":"Смартфон SAMSUNG SM-A720F Galaxy A7 (black)"},{"monitoringDate":"22/05/2018","competitorName":"Comfy","competitorId":65000001032,"depName":"Споживча електроніка","depId":61000060110,"branchName":"Відділ 310","article":31238818,"itemTitle":"Смартфон Samsung A730F Galaxy A8+ 2018 Gold","price":"14999,00","isAvailable":true,"identity":true,"isPromo":false,"ginnerName":"Смартфон SAMSUNG SM-A730F Galaxy A8 Plus DS (gold)"},{"monitoringDate":"22/05/2018","competitorName":"Comfy","competitorId":65000001032,"depName":"Споживча електроніка","depId":61000060110,"branchName":"Відділ 310","article":31238819,"itemTitle":"Смартфон Samsung A730F Galaxy A8+ 2018 Black","price":"14999,00","isAvailable":true,"identity":true,"isPromo":false,"ginnerName":"Смартфон SAMSUNG SM-A730F Galaxy A8 Plus DS (black)"},{"monitoringDate":"22/05/2018","competitorName":"Comfy","competitorId":65000001032,"depName":"Споживча електроніка","depId":61000060110,"branchName":"Відділ 310","article":31238453,"itemTitle":"Смартфон Samsung J320H/DS Galaxy J3 (2016) Black","price":"2699,00","isAvailable":true,"identity":true,"isPromo":false,"ginnerName":"Смартфон SAMSUNG SM-J320H Galaxy J3 (black)"},{"monitoringDate":"22/05/2018","competitorName":"Comfy","competitorId":65000001032,"depName":"Споживча електроніка","depId":61000060110,"branchName":"Відділ 310","article":31238454,"itemTitle":"Смартфон Samsung J320H/DS Galaxy J3 (2016) Gold","price":"2699,00","isAvailable":true,"identity":true,"isPromo":false,"ginnerName":"Смартфон SAMSUNG SM-J320H Galaxy J3 (gold)"},{"monitoringDate":"22/05/2018","competitorName":"Comfy","competitorId":65000001032,"depName":"Споживча електроніка","depId":61000060110,"branchName":"Відділ 310","article":31238443,"itemTitle":"Смартфон Samsung J105H Galaxy J1 Mini Gold","price":"2099,00","isAvailable":true,"identity":true,"isPromo":false,"ginnerName":"Смартфон SAMSUNG SM-J105H Galaxy J1 mini (gold)"},{"monitoringDate":"22/05/2018","competitorName":"Comfy","competitorId":65000001032,"depName":"Споживча електроніка","depId":61000060110,"branchName":"Відділ 310","article":31238444,"itemTitle":"Смартфон Samsung J105H Galaxy J1 Mini Black","price":"2099,00","isAvailable":false,"identity":true,"isPromo":false,"ginnerName":"Смартфон SAMSUNG SM-J105H Galaxy J1 mini (black)"},{"monitoringDate":"22/05/2018","competitorName":"Comfy","competitorId":65000001032,"depName":"Споживча електроніка","depId":61000060110,"branchName":"Відділ 310","article":31238524,"itemTitle":"Смартфон Samsung J710F/DS Galaxy J7 (2016) Black","price":"4999,00","isAvailable":true,"identity":true,"isPromo":false,"ginnerName":"Смартфон SAMSUNG SM-J710F Galaxy J7 (black)"},{"monitoringDate":"22/05/2018","competitorName":"Comfy","competitorId":65000001032,"depName":"Споживча електроніка","depId":61000060110,"branchName":"Відділ 310","article":31238526,"itemTitle":"Смартфон Samsung J710F/DS Galaxy J7 (2016) Gold","price":"4999,00","isAvailable":true,"identity":true,"isPromo":false,"ginnerName":"Смартфон SAMSUNG SM-J710F Galaxy J7 (gold)"},{"monitoringDate":"22/05/2018","competitorName":"Comfy","competitorId":65000001032,"depName":"Споживча електроніка","depId":61000060110,"branchName":"Відділ 310","article":31238508,"itemTitle":"Смартфон Samsung J120H/DS Black","price":"2499,00","isAvailable":true,"identity":true,"isPromo":false,"ginnerName":"Смартфон SAMSUNG SM-J120H Galaxy J1 (gold)"},{"monitoringDate":"22/05/2018","competitorName":"Comfy","competitorId":65000001032,"depName":"Споживча електроніка","depId":61000060110,"branchName":"Відділ 310","article":31238485,"itemTitle":"Смартфон Samsung J120H/DS Gold","price":"2499,00","isAvailable":false,"identity":true,"isPromo":false,"ginnerName":"Смартфон SAMSUNG SM-J120H Galaxy J1 (black)"},{"monitoringDate":"22/05/2018","competitorName":"Comfy","competitorId":65000001032,"depName":"Споживча електроніка","depId":61000060110,"branchName":"Відділ 310","article":31238458,"itemTitle":"Смартфон Samsung J120H/DS Black","price":"2499,00","isAvailable":true,"identity":true,"isPromo":false,"ginnerName":"Смартфон SAMSUNG SM-J510H Galaxy J5 (gold)"},{"monitoringDate":"22/05/2018","competitorName":"Comfy","competitorId":65000001032,"depName":"Споживча електроніка","depId":61000060110,"branchName":"Відділ 310","article":31238459,"itemTitle":"Смартфон Samsung J120H/DS Gold","price":"2499,00","isAvailable":false,"identity":true,"isPromo":false,"ginnerName":"Смартфон SAMSUNG SM-J510H Galaxy J5 (black)"},{"monitoringDate":"22/05/2018","competitorName":"Comfy","competitorId":65000001032,"depName":"Споживча електроніка","depId":61000060110,"branchName":"Відділ 310","article":31238911,"itemTitle":"Смартфон Samsung J701F Galaxy J7 Neo Black","price":"4799,00","isAvailable":true,"identity":true,"isPromo":false,"ginnerName":"Смартфон SAMSUNG SM-J701F Galaxy J7 Neo Duos ZKD (black)"},{"monitoringDate":"22/05/2018","competitorName":"Comfy","competitorId":65000001032,"depName":"Споживча електроніка","depId":61000060110,"branchName":"Відділ 310","article":31238912,"itemTitle":"Смартфон Samsung J701F Galaxy J7 Neo Gold","price":"4799,00","isAvailable":true,"identity":true,"isPromo":false,"ginnerName":"Смартфон SAMSUNG SM-J701F Galaxy J7 Neo Duos ZDD (gold)"},{"monitoringDate":"22/05/2018","competitorName":"Comfy","competitorId":65000001032,"depName":"Споживча електроніка","depId":61000060110,"branchName":"Відділ 310","article":31238913,"itemTitle":"Смартфон Samsung J701F Galaxy J7 Neo Silver","price":"4799,00","isAvailable":true,"identity":true,"isPromo":false,"ginnerName":"Смартфон SAMSUNG SM-J701F Galaxy J7 Neo Duos ZSD (silver)"},{"monitoringDate":"22/05/2018","competitorName":"Comfy","competitorId":65000001032,"depName":"Споживча електроніка","depId":61000060110,"branchName":"Відділ 310","article":31241960,"itemTitle":"USB-адаптер сети WiFi Netis netw.a NETIS WF2180 AC600 Wireless Dual Band USB Adapter","price":"499,00","isAvailable":true,"identity":true,"isPromo":false,"ginnerName":"Адаптер-USB мережевий безпровідний NETIS WF2180 450Mbps, Dual band"},{"monitoringDate":"22/05/2018","competitorName":"Comfy","competitorId":65000001032,"depName":"Споживча електроніка","depId":61000060110,"branchName":"Відділ 310","article":31241553,"itemTitle":"Точка доступа Asus RP-N12","price":"769,00","isAvailable":true,"identity":true,"isPromo":false,"ginnerName":"Підсилювач безпровідний ASUS RP-N12 300Mbps"},{"monitoringDate":"22/05/2018","competitorName":"Comfy","competitorId":65000001032,"depName":"Споживча електроніка","depId":61000060110,"branchName":"Відділ 310","article":31201558,"itemTitle":"Жесткий диск внешний Apacer AC233 1TB Black (AP1TBAC233B-S)","price":"1665,00","isAvailable":false,"identity":true,"isPromo":false,"ginnerName":"ЗЖД 3.0\" APACER AC233 1TB USB Black"},{"monitoringDate":"22/05/2018","competitorName":"Comfy","competitorId":65000001032,"depName":"Споживча електроніка","depId":61000060110,"branchName":"Відділ 310","article":31238814,"itemTitle":"Смартфон Xiaomi Redmi Note 5A 2/16GB Dual Sim Grey","price":"3399,00","isAvailable":true,"identity":true,"isPromo":false,"ginnerName":"Смартфон XIAOMI Redmi Note 5A 2/16 (grey)"},{"monitoringDate":"22/05/2018","competitorName":"Comfy","competitorId":65000001032,"depName":"Споживча електроніка","depId":61000060110,"branchName":"Відділ 310","article":31238915,"itemTitle":"Смартфон Xiaomi Redmi 5 2/16GB Black","price":"4099,00","isAvailable":true,"identity":true,"isPromo":false,"ginnerName":"Смартфон XIAOMI Redmi 5 2/16 Black"},{"monitoringDate":"22/05/2018","competitorName":"Comfy","competitorId":65000001032,"depName":"Споживча електроніка","depId":61000060110,"branchName":"Відділ 310","article":31238916,"itemTitle":"Смартфон Xiaomi Redmi 5 2/16GB Gold","price":"4099,00","isAvailable":true,"identity":true,"isPromo":false,"ginnerName":"Смартфон XIAOMI Redmi 5 2/16 Gold"},{"monitoringDate":"22/05/2018","competitorName":"Comfy","competitorId":65000001032,"depName":"Споживча електроніка","depId":61000060110,"branchName":"Відділ 310","article":31238835,"itemTitle":"Смартфон Xiaomi Redmi Note 5A Prime 3/32GB Dual Sim Dark Gray","price":"3999,00","isAvailable":true,"identity":true,"isPromo":false,"ginnerName":"Смартфон XIAOMI Redmi Note 5A Prime 3/32 (gray)"},{"monitoringDate":"22/05/2018","competitorName":"Comfy","competitorId":65000001032,"depName":"Споживча електроніка","depId":61000060110,"branchName":"Відділ 310","article":31238836,"itemTitle":"Смартфон Xiaomi Redmi 5A 2/16GB Grey","price":"2999,00","isAvailable":false,"identity":true,"isPromo":false,"ginnerName":"Смартфон XIAOMI Redmi 5A 2/16 (grey)"},{"monitoringDate":"22/05/2018","competitorName":"Comfy","competitorId":65000001032,"depName":"Споживча електроніка","depId":61000060110,"branchName":"Відділ 310","article":31238837,"itemTitle":"Смартфон Xiaomi Redmi Note 5A Prime 3/32GB Dual Sim Rose Gold","price":"3999,00","isAvailable":false,"identity":true,"isPromo":false,"ginnerName":"Смартфон XIAOMI Redmi Note 5A Prime 3/32 (rose gold)"},{"monitoringDate":"22/05/2018","competitorName":"Comfy","competitorId":65000001032,"depName":"Споживча електроніка","depId":61000060110,"branchName":"Відділ 310","article":31238838,"itemTitle":"Смартфон Xiaomi Mi A1 4/64GB Dual Sim Gold","price":"6299,00","isAvailable":true,"identity":true,"isPromo":false,"ginnerName":"Смартфон XIAOMI Mi A1 4/64 (gold)"},{"monitoringDate":"22/05/2018","competitorName":"Comfy","competitorId":65000001032,"depName":"Споживча електроніка","depId":61000060110,"branchName":"Відділ 310","article":31241812,"itemTitle":"Точка доступа TP-Link RE200","price":"939,00","isAvailable":true,"identity":true,"isPromo":false,"ginnerName":"Підсилювач безпровідний TP-LINK RE200 750Mbps, Dual band"},{"monitoringDate":"22/05/2018","competitorName":"Comfy","competitorId":65000001032,"depName":"Споживча електроніка","depId":61000060110,"branchName":"Відділ 310","article":31229243,"itemTitle":"Сумка для ноутбука Promate Ascend-MB Grey","price":"849,00","isAvailable":true,"identity":true,"isPromo":false,"ginnerName":"Сумка для ноутбуку PROMATE Ascend-MB Grey"},{"monitoringDate":"22/05/2018","competitorName":"Comfy","competitorId":65000001032,"depName":"Споживча електроніка","depId":61000060110,"branchName":"Відділ 310","article":31229244,"itemTitle":"Сумка для ноутбука Promate Trench-L Black","price":"899,00","isAvailable":true,"identity":true,"isPromo":false,"ginnerName":"Сумка для ноутбуку PROMATE Trench-L Black"},{"monitoringDate":"22/05/2018","competitorName":"Comfy","competitorId":65000001032,"depName":"Споживча електроніка","depId":61000060110,"branchName":"Відділ 310","article":31229225,"itemTitle":"Сумка для ноутбука 2E 2E-CBN116BK Black","price":"299,00","isAvailable":true,"identity":true,"isPromo":false,"ginnerName":"Сумка для ноутбука 2E-CBN116BK 16\" чорна"},{"monitoringDate":"22/05/2018","competitorName":"Comfy","competitorId":65000001032,"depName":"Споживча електроніка","depId":61000060110,"branchName":"Відділ 310","article":31229227,"itemTitle":"Сумка для ноутбука 2E 2E-CBN616BR Brown","price":"319,00","isAvailable":true,"identity":true,"isPromo":false,"ginnerName":"Сумка для ноутбука 2E-CBN616BR 16\" коричнева"},{"monitoringDate":"22/05/2018","competitorName":"Comfy","competitorId":65000001032,"depName":"Споживча електроніка","depId":61000060110,"branchName":"Відділ 310","article":31229232,"itemTitle":"Сумка для ноутбука 2E 2E-CBN216BK Black","price":"515,00","isAvailable":true,"identity":true,"isPromo":false,"ginnerName":"Сумка для ноутбука 2E-CBN216BK 16\" чорна"}]
