[{"monitoringDate":"10/05/2018","competitorName":"Comfy","competitorId":65000001032,"depName":"Споживча електроніка","depId":61000060110,"branchName":"Відділ 310","article":31246532,"itemTitle":"Bluetooth гарнитура Plantronics Explorer 80 (205020-05)","price":"1149,00","isAvailable":true,"identity":true,"isPromo":false,"ginnerName":"Гарнітура-bluetooth Plantronics Explorer 80 Black "},{"monitoringDate":"10/05/2018","competitorName":"Comfy","competitorId":65000001032,"depName":"Споживча електроніка","depId":61000060110,"branchName":"Відділ 310","article":31246531,"itemTitle":"Bluetooth гарнитура Plantronics Explorer ML 15","price":"679,00","isAvailable":true,"identity":true,"isPromo":false,"ginnerName":"Гарнітура-bluetooth Plantronics  ML15"},{"monitoringDate":"10/05/2018","competitorName":"Comfy","competitorId":65000001032,"depName":"Споживча електроніка","depId":61000060110,"branchName":"Відділ 310","article":31218093,"itemTitle":"Гарнитура для консоли Sony PlayStation Platinum WL","price":"5999,00","isAvailable":true,"identity":true,"isPromo":false,"ginnerName":"Гарнітура SONY PlayStation Platinum WL"},{"monitoringDate":"10/05/2018","competitorName":"Comfy","competitorId":65000001032,"depName":"Споживча електроніка","depId":61000060110,"branchName":"Відділ 310","article":31241859,"itemTitle":"Гарнитура компьютерная Philips SHM1900/00","price":"499,00","isAvailable":true,"identity":true,"isPromo":false,"ginnerName":"Гарнітура ІТ Philips SHM1900"},{"monitoringDate":"10/05/2018","competitorName":"Comfy","competitorId":65000001032,"depName":"Споживча електроніка","depId":61000060110,"branchName":"Відділ 310","article":31227037,"itemTitle":"Гарнитура проводная Acme CD-602","price":"119,00","isAvailable":true,"identity":true,"isPromo":false,"ginnerName":"Гарнітура дротова ACME CD602 Headphones with Microphone, чорний"},{"monitoringDate":"10/05/2018","competitorName":"Comfy","competitorId":65000001032,"depName":"Споживча електроніка","depId":61000060110,"branchName":"Відділ 310","article":31246505,"itemTitle":"Гарнитура проводная игровая Aula Prime Gaming Headset Black-Blue (6948391256030)","price":"499,00","isAvailable":true,"identity":true,"isPromo":false,"ginnerName":"Гарнітура дротова AULA Prime Gaming Headset, чорний"},{"monitoringDate":"10/05/2018","competitorName":"Comfy","competitorId":65000001032,"depName":"Споживча електроніка","depId":61000060110,"branchName":"Відділ 310","article":31246507,"itemTitle":"Гарнитура проводная Aula Succubus Black-Blue (6948391232058)","price":"699,00","isAvailable":true,"identity":true,"isPromo":false,"ginnerName":"Гарнітура дротова AULA Succubus gaming headset, чорний"},{"monitoringDate":"10/05/2018","competitorName":"Comfy","competitorId":65000001032,"depName":"Споживча електроніка","depId":61000060110,"branchName":"Відділ 310","article":31246508,"itemTitle":"Гарнитура проводная Speedlink Coniux Stereo Gaming Headset Black (SL-8783-BK)","price":"885,00","isAvailable":true,"identity":true,"isPromo":false,"ginnerName":"Гарнітура дротова SPEEDLINK CONIUX Stereo Gaming Headset, black"},{"monitoringDate":"10/05/2018","competitorName":"Comfy","competitorId":65000001032,"depName":"Споживча електроніка","depId":61000060110,"branchName":"Відділ 310","article":31246509,"itemTitle":"Гарнитура проводная Speedlink Legatos Stereo Gaming Headset Black (SL-860000-BK)","price":"499,00","isAvailable":true,"identity":true,"isPromo":false,"ginnerName":"Гарнітура дротова SPEEDLINK LEGATOS Stereo Gaming Headset, black"},{"monitoringDate":"10/05/2018","competitorName":"Comfy","competitorId":65000001032,"depName":"Споживча електроніка","depId":61000060110,"branchName":"Відділ 310","article":31241879,"itemTitle":"Хаб USB TP-Link UH400 USB3.0 4-Port","price":"449,00","isAvailable":true,"identity":true,"isPromo":false,"ginnerName":"Хаб USB TP-Link UH400 4 порта USB3.0"},{"monitoringDate":"10/05/2018","competitorName":"Comfy","competitorId":65000001032,"depName":"Споживча електроніка","depId":61000060110,"branchName":"Відділ 310","article":31241880,"itemTitle":"Кабель патч-корд TP-Link TL-EC505EM, RJ45, CAT5e, 5м,","price":"259,00","isAvailable":true,"identity":true,"isPromo":false,"ginnerName":"Патч-корд TP-LINK CAT5e (TL-EC505EM) 5 м."},{"monitoringDate":"10/05/2018","competitorName":"Comfy","competitorId":65000001032,"depName":"Споживча електроніка","depId":61000060110,"branchName":"Відділ 310","article":31241934,"itemTitle":"Маршрутизатор Ethernet Asus RT-AC1200G+","price":"2269,00","isAvailable":true,"identity":true,"isPromo":false,"ginnerName":"Роутер безпровідний ASUS RT-AC1200G+ 1200Mbps, Dual Band, USB"},{"monitoringDate":"10/05/2018","competitorName":"Comfy","competitorId":65000001032,"depName":"Споживча електроніка","depId":61000060110,"branchName":"Відділ 310","article":31241959,"itemTitle":"Маршрутизатор Ethernet Netis MW5230 3G/4G Wireless-N","price":"649,00","isAvailable":true,"identity":true,"isPromo":false,"ginnerName":"Роутер безпровідний NETIS MW5230 300Mbps, USB (3G/4G)"},{"monitoringDate":"10/05/2018","competitorName":"Comfy","competitorId":65000001032,"depName":"Споживча електроніка","depId":61000060110,"branchName":"Відділ 310","article":31241420,"itemTitle":"Маршрутизатор Ethernet Netis WF2419E","price":"399,00","isAvailable":true,"identity":true,"isPromo":false,"ginnerName":"Роутер безпровідний NETIS WF2419E 300Mbps IP-TV"},{"monitoringDate":"10/05/2018","competitorName":"Comfy","competitorId":65000001032,"depName":"Споживча електроніка","depId":61000060110,"branchName":"Відділ 310","article":31241837,"itemTitle":"Маршрутизатор Ethernet Tenda AC9 (AC 1200)","price":"1599,00","isAvailable":true,"identity":true,"isPromo":false,"ginnerName":"Роутер безпровідний TENDA AC9 1200Mbps, Dual band, USB"},{"monitoringDate":"10/05/2018","competitorName":"Comfy","competitorId":65000001032,"depName":"Споживча електроніка","depId":61000060110,"branchName":"Відділ 310","article":31241730,"itemTitle":"Маршрутизатор Ethernet Tenda F3","price":"449,00","isAvailable":true,"identity":true,"isPromo":false,"ginnerName":"Роутер безпровідний TENDA F3 300Mbps, 3x5dBi Ant"},{"monitoringDate":"10/05/2018","competitorName":"Comfy","competitorId":65000001032,"depName":"Споживча електроніка","depId":61000060110,"branchName":"Відділ 310","article":31241838,"itemTitle":"Маршрутизатор Ethernet Tenda FH456","price":"599,00","isAvailable":true,"identity":true,"isPromo":false,"ginnerName":"Роутер безпровідний TENDA FH456 300Mbps, 4x5dBi Ant"},{"monitoringDate":"10/05/2018","competitorName":"Comfy","competitorId":65000001032,"depName":"Споживча електроніка","depId":61000060110,"branchName":"Відділ 310","article":31241541,"itemTitle":"Маршрутизатор Ethernet TP-Link Archer C2","price":"1349,00","isAvailable":true,"identity":true,"isPromo":false,"ginnerName":"Роутер безпровідний TP-LINK Archer C2 300+450Mbps, Dual band, USB"},{"monitoringDate":"10/05/2018","competitorName":"Comfy","competitorId":65000001032,"depName":"Споживча електроніка","depId":61000060110,"branchName":"Відділ 310","article":31241542,"itemTitle":"Маршрутизатор Ethernet TP-Link Archer C20","price":"799,00","isAvailable":true,"identity":true,"isPromo":false,"ginnerName":"Роутер безпровідний TP-LINK Archer C20 750Mbps, Dual band, USB"},{"monitoringDate":"10/05/2018","competitorName":"Comfy","competitorId":65000001032,"depName":"Споживча електроніка","depId":61000060110,"branchName":"Відділ 310","article":31241987,"itemTitle":"Маршрутизатор Ethernet TP-Link Archer C50","price":"999,00","isAvailable":true,"identity":true,"isPromo":false,"ginnerName":"Роутер безпровідний TP-LINK Archer C50_v3 300+867Mbps, Dual band"},{"monitoringDate":"10/05/2018","competitorName":"Comfy","competitorId":65000001032,"depName":"Споживча електроніка","depId":61000060110,"branchName":"Відділ 310","article":31241909,"itemTitle":"Маршрутизатор Ethernet TP-Link Archer C60","price":"1499,00","isAvailable":true,"identity":true,"isPromo":false,"ginnerName":"Роутер безпровідний TP-LINK Archer C60 450+867Mbps, Dual band"},{"monitoringDate":"10/05/2018","competitorName":"Comfy","competitorId":65000001032,"depName":"Споживча електроніка","depId":61000060110,"branchName":"Відділ 310","article":31252650,"itemTitle":"Blutooth-гарнитура Plantronics Explorer 50 (202340-05)","price":"759,00","isAvailable":true,"identity":true,"isPromo":false,"ginnerName":"Гарнітура-bluetooth Plantronics Explorer 50"},{"monitoringDate":"10/05/2018","competitorName":"Comfy","competitorId":65000001032,"depName":"Споживча електроніка","depId":61000060110,"branchName":"Відділ 310","article":31246502,"itemTitle":"Наушники вкладыши Acme BH104 Black (4770070879443)","price":"599,00","isAvailable":true,"identity":true,"isPromo":false,"ginnerName":"Гарнітура бездротова ACME BH104 Bluetooth earphones, чорний"},{"monitoringDate":"10/05/2018","competitorName":"Comfy","competitorId":65000001032,"depName":"Споживча електроніка","depId":61000060110,"branchName":"Відділ 310","article":31241067,"itemTitle":"Маршрутизатор Ethernet Asus RT-N11P","price":"599,00","isAvailable":true,"identity":true,"isPromo":false,"ginnerName":"Роутер безпровідний ASUS RT-N11P 300Mbps"},{"monitoringDate":"10/05/2018","competitorName":"Comfy","competitorId":65000001032,"depName":"Споживча електроніка","depId":61000060110,"branchName":"Відділ 310","article":31241017,"itemTitle":"Маршрутизатор Ethernet Asus RT-N18U","price":"2359,00","isAvailable":true,"identity":true,"isPromo":false,"ginnerName":"Роутер безпровідний ASUS RT-N18U 600Mbps, USB"},{"monitoringDate":"10/05/2018","competitorName":"Comfy","competitorId":65000001032,"depName":"Споживча електроніка","depId":61000060110,"branchName":"Відділ 310","article":31241944,"itemTitle":"Сетевой адаптер Asus USB-N14","price":"689,00","isAvailable":true,"identity":true,"isPromo":false,"ginnerName":"Адаптер ASUS USB-N14 802.11n 300Mbps, 2 антенни, USB 2.0"},{"monitoringDate":"10/05/2018","competitorName":"Comfy","competitorId":65000001032,"depName":"Споживча електроніка","depId":61000060110,"branchName":"Відділ 310","article":31227312,"itemTitle":"Коммутатор локальной сети (Switch) TP-LINK TL-SF1008D","price":"279,00","isAvailable":true,"identity":true,"isPromo":false,"ginnerName":"Комутатор TP-LINK TL-SF1008D"},{"monitoringDate":"10/05/2018","competitorName":"Comfy","competitorId":65000001032,"depName":"Споживча електроніка","depId":61000060110,"branchName":"Відділ 310","article":31227973,"itemTitle":"Маршрутизатор Ethernet TP-LINK TL-WR840N","price":"479,00","isAvailable":true,"identity":true,"isPromo":false,"ginnerName":"Роутер безпровідний TP-LINK TL-WR840N 300Mbps"},{"monitoringDate":"10/05/2018","competitorName":"Comfy","competitorId":65000001032,"depName":"Споживча електроніка","depId":61000060110,"branchName":"Відділ 310","article":31227451,"itemTitle":"Маршрутизатор Ethernet TP-LINK TL-WR841N","price":"529,00","isAvailable":true,"identity":true,"isPromo":false,"ginnerName":"Роутер безпровідний TP-LINK TL-WR841N 300Mbps"},{"monitoringDate":"10/05/2018","competitorName":"Comfy","competitorId":65000001032,"depName":"Споживча електроніка","depId":61000060110,"branchName":"Відділ 310","article":31241641,"itemTitle":"Маршрутизатор Ethernet TP-LINK TL-WR940N","price":"699,00","isAvailable":true,"identity":true,"isPromo":false,"ginnerName":"Роутер безпровідний TP-LINK TL-WR940N 450 Mbps"},{"monitoringDate":"10/05/2018","competitorName":"Comfy","competitorId":65000001032,"depName":"Споживча електроніка","depId":61000060110,"branchName":"Відділ 310","article":31255034,"itemTitle":"Смарт-часы MyKronoz ZeSport тітан/помаранч (ZEGSWMYKLC000018)","price":"7499,00","isAvailable":true,"identity":true,"isPromo":false,"ginnerName":"Смарт годинник MYKRONOZ ZeSport тітан/помаранч"},{"monitoringDate":"10/05/2018","competitorName":"Comfy","competitorId":65000001032,"depName":"Споживча електроніка","depId":61000060110,"branchName":"Відділ 310","article":31238772,"itemTitle":"Смартфон Huawei Nova lite 2017 Black","price":"3999,00","isAvailable":true,"identity":true,"isPromo":false,"ginnerName":"Смартфон HUAWEI Nova lite 2017 (black)"},{"monitoringDate":"10/05/2018","competitorName":"Comfy","competitorId":65000001032,"depName":"Споживча електроніка","depId":61000060110,"branchName":"Відділ 310","article":31238875,"itemTitle":"Смартфон Huawei Nova lite 2017 Gold","price":"3999,00","isAvailable":true,"identity":true,"isPromo":false,"ginnerName":"Смартфон HUAWEI Nova lite 2017 (gold)"},{"monitoringDate":"10/05/2018","competitorName":"Comfy","competitorId":65000001032,"depName":"Споживча електроніка","depId":61000060110,"branchName":"Відділ 310","article":31238873,"itemTitle":"Смартфон Huawei P Smart (FIG-LX1) Black","price":"6999,00","isAvailable":true,"identity":true,"isPromo":false,"ginnerName":"Смартфон HUAWEI P Smart (black)"},{"monitoringDate":"10/05/2018","competitorName":"Comfy","competitorId":65000001032,"depName":"Споживча електроніка","depId":61000060110,"branchName":"Відділ 310","article":31238820,"itemTitle":"Смартфон Huawei P Smart (FIG-LX1) Blue","price":"6999,00","isAvailable":true,"identity":true,"isPromo":false,"ginnerName":"Смартфон HUAWEI P Smart (blue)"},{"monitoringDate":"10/05/2018","competitorName":"Comfy","competitorId":65000001032,"depName":"Споживча електроніка","depId":61000060110,"branchName":"Відділ 310","article":31238821,"itemTitle":"Смартфон Huawei P Smart (FIG-LX1) Gold","price":"6999,00","isAvailable":true,"identity":true,"isPromo":false,"ginnerName":"Смартфон HUAWEI P Smart (gold)"},{"monitoringDate":"10/05/2018","competitorName":"Comfy","competitorId":65000001032,"depName":"Споживча електроніка","depId":61000060110,"branchName":"Відділ 310","article":31238871,"itemTitle":"Смартфон Huawei P20 lite Black","price":"11999,00","isAvailable":true,"identity":true,"isPromo":false,"ginnerName":"Смартфон HUAWEI P20 lite (black)"},{"monitoringDate":"10/05/2018","competitorName":"Comfy","competitorId":65000001032,"depName":"Споживча електроніка","depId":61000060110,"branchName":"Відділ 310","article":31238668,"itemTitle":"Смартфон Huawei P8 lite 2017 Gold","price":"4999,00","isAvailable":true,"identity":true,"isPromo":false,"ginnerName":"Смартфон HUAWEI P8 Lite 2017 (gold)"},{"monitoringDate":"10/05/2018","competitorName":"Comfy","competitorId":65000001032,"depName":"Споживча електроніка","depId":61000060110,"branchName":"Відділ 310","article":31238667,"itemTitle":"Смартфон Huawei P8 lite 2017 Black","price":"4999,00","isAvailable":true,"identity":true,"isPromo":false,"ginnerName":"Смартфон HUAWEI P8 Lite 2017 (black)"},{"monitoringDate":"10/05/2018","competitorName":"Comfy","competitorId":65000001032,"depName":"Споживча електроніка","depId":61000060110,"branchName":"Відділ 310","article":31238768,"itemTitle":"Смартфон Huawei Y3 2017 Gold","price":"2599,00","isAvailable":true,"identity":true,"isPromo":false,"ginnerName":"Смартфон HUAWEI Y3 2017 (gold)"},{"monitoringDate":"10/05/2018","competitorName":"Comfy","competitorId":65000001032,"depName":"Споживча електроніка","depId":61000060110,"branchName":"Відділ 310","article":31238736,"itemTitle":"Смартфон Huawei Y3 2017 Gray","price":"2599,00","isAvailable":true,"identity":true,"isPromo":false,"ginnerName":"Смартфон HUAWEI Y3 2017 (grey)"},{"monitoringDate":"10/05/2018","competitorName":"Comfy","competitorId":65000001032,"depName":"Споживча електроніка","depId":61000060110,"branchName":"Відділ 310","article":31238876,"itemTitle":"Смартфон Huawei Y5 2017 Gold","price":"2999,00","isAvailable":true,"identity":true,"isPromo":false,"ginnerName":"Смартфон HUAWEI Y5 2017 (gold)"},{"monitoringDate":"10/05/2018","competitorName":"Comfy","competitorId":65000001032,"depName":"Споживча електроніка","depId":61000060110,"branchName":"Відділ 310","article":31238767,"itemTitle":"Смартфон Huawei Y5 2017 Gray","price":"2999,00","isAvailable":true,"identity":true,"isPromo":false,"ginnerName":"Смартфон HUAWEI Y5 2017 (grey)"},{"monitoringDate":"10/05/2018","competitorName":"Comfy","competitorId":65000001032,"depName":"Споживча електроніка","depId":61000060110,"branchName":"Відділ 310","article":31238738,"itemTitle":"Смартфон Huawei Y7 (TRT-LX1) Gray","price":"4599,00","isAvailable":true,"identity":true,"isPromo":false,"ginnerName":"Смартфон HUAWEI Y7 2017 (grey)"},{"monitoringDate":"10/05/2018","competitorName":"Comfy","competitorId":65000001032,"depName":"Споживча електроніка","depId":61000060110,"branchName":"Відділ 310","article":31238622,"itemTitle":"Смартфон Samsung A320F Galaxy A3 2017 Black Sky","price":"7999,00","isAvailable":false,"identity":true,"isPromo":false,"ginnerName":"Смартфон SAMSUNG SM-A320F Galaxy A3 (black)"},{"monitoringDate":"10/05/2018","competitorName":"Comfy","competitorId":65000001032,"depName":"Споживча електроніка","depId":61000060110,"branchName":"Відділ 310","article":31238626,"itemTitle":"Смартфон Samsung A520F Galaxy A5 2017 Black","price":"10499,00","isAvailable":true,"identity":true,"isPromo":false,"ginnerName":"Смартфон SAMSUNG SM-A520F Galaxy A5 (black)"},{"monitoringDate":"10/05/2018","competitorName":"Comfy","competitorId":65000001032,"depName":"Споживча електроніка","depId":61000060110,"branchName":"Відділ 310","article":31238624,"itemTitle":"Смартфон Samsung A520F Galaxy A5 2017 Gold Sand","price":"10499,00","isAvailable":true,"identity":true,"isPromo":false,"ginnerName":"Смартфон SAMSUNG SM-A520F Galaxy A5 (gold)"},{"monitoringDate":"10/05/2018","competitorName":"Comfy","competitorId":65000001032,"depName":"Споживча електроніка","depId":61000060110,"branchName":"Відділ 310","article":31238817,"itemTitle":"Смартфон Samsung A530F Galaxy A8 2018 Black","price":"13999,00","isAvailable":true,"identity":true,"isPromo":false,"ginnerName":"Смартфон SAMSUNG SM-A530F Galaxy A8 DS (black)"},{"monitoringDate":"10/05/2018","competitorName":"Comfy","competitorId":65000001032,"depName":"Споживча електроніка","depId":61000060110,"branchName":"Відділ 310","article":31238816,"itemTitle":"Смартфон Samsung A530F Galaxy A8 2018 Gold","price":"13999,00","isAvailable":true,"identity":true,"isPromo":false,"ginnerName":"Смартфон SAMSUNG SM-A530F Galaxy A8 DS (gold)"},{"monitoringDate":"10/05/2018","competitorName":"Comfy","competitorId":65000001032,"depName":"Споживча електроніка","depId":61000060110,"branchName":"Відділ 310","article":31238630,"itemTitle":"Смартфон Samsung A720F Galaxy A7 2017 Black Sky","price":"11499,00","isAvailable":true,"identity":true,"isPromo":false,"ginnerName":"Смартфон SAMSUNG SM-A720F Galaxy A7 (black)"},{"monitoringDate":"10/05/2018","competitorName":"Comfy","competitorId":65000001032,"depName":"Споживча електроніка","depId":61000060110,"branchName":"Відділ 310","article":31238628,"itemTitle":"Смартфон Samsung A720F Galaxy A7 2017 Gold Sand","price":"11499,00","isAvailable":true,"identity":true,"isPromo":false,"ginnerName":"Смартфон SAMSUNG SM-A720F Galaxy A7 (gold)"},{"monitoringDate":"10/05/2018","competitorName":"Comfy","competitorId":65000001032,"depName":"Споживча електроніка","depId":61000060110,"branchName":"Відділ 310","article":31238819,"itemTitle":"Смартфон Samsung A730F Galaxy A8+ 2018 Black","price":"14999,00","isAvailable":true,"identity":true,"isPromo":false,"ginnerName":"Смартфон SAMSUNG SM-A730F Galaxy A8 Plus DS (black)"},{"monitoringDate":"10/05/2018","competitorName":"Comfy","competitorId":65000001032,"depName":"Споживча електроніка","depId":61000060110,"branchName":"Відділ 310","article":31238818,"itemTitle":"Смартфон Samsung A730F Galaxy A8+ 2018 Gold","price":"14999,00","isAvailable":true,"identity":true,"isPromo":false,"ginnerName":"Смартфон SAMSUNG SM-A730F Galaxy A8 Plus DS (gold)"},{"monitoringDate":"10/05/2018","competitorName":"Comfy","competitorId":65000001032,"depName":"Споживча електроніка","depId":61000060110,"branchName":"Відділ 310","article":31238707,"itemTitle":"Смартфон Samsung G955 Galaxy S8+ 64Gb Orchid Gray","price":"25999,00","isAvailable":true,"identity":true,"isPromo":false,"ginnerName":"Смартфон SAMSUNG SM-G955F Galaxy S8 Plus 64 Gb (gray)"},{"monitoringDate":"10/05/2018","competitorName":"Comfy","competitorId":65000001032,"depName":"Споживча електроніка","depId":61000060110,"branchName":"Відділ 310","article":31238702,"itemTitle":"Смартфон Samsung G950 Galaxy S8 64Gb Maple Gold","price":"21999,00","isAvailable":true,"identity":true,"isPromo":false,"ginnerName":"Смартфон SAMSUNG SM-G950F Galaxy S8 64 Gb (gold)"},{"monitoringDate":"10/05/2018","competitorName":"Comfy","competitorId":65000001032,"depName":"Споживча електроніка","depId":61000060110,"branchName":"Відділ 310","article":31238703,"itemTitle":"Смартфон Samsung Galaxy S8 64Gb Midnight Black","price":"21999,00","isAvailable":true,"identity":true,"isPromo":false,"ginnerName":"Смартфон SAMSUNG SM-G950F Galaxy S8 64 Gb (black)"},{"monitoringDate":"10/05/2018","competitorName":"Comfy","competitorId":65000001032,"depName":"Споживча електроніка","depId":61000060110,"branchName":"Відділ 310","article":31238705,"itemTitle":"Смартфон Samsung Galaxy S8+ Maple Gold","price":"25999,00","isAvailable":true,"identity":true,"isPromo":false,"ginnerName":"Смартфон SAMSUNG SM-G955F Galaxy S8 Plus 64 Gb (gold)"},{"monitoringDate":"10/05/2018","competitorName":"Comfy","competitorId":65000001032,"depName":"Споживча електроніка","depId":61000060110,"branchName":"Відділ 310","article":31238706,"itemTitle":"Смартфон Samsung Galaxy S8+ Midnight Black","price":"25999,00","isAvailable":true,"identity":true,"isPromo":false,"ginnerName":"Смартфон SAMSUNG SM-G955F Galaxy S8 Plus 64 Gb (black)"},{"monitoringDate":"10/05/2018","competitorName":"Comfy","competitorId":65000001032,"depName":"Споживча електроніка","depId":61000060110,"branchName":"Відділ 310","article":31238444,"itemTitle":"Смартфон Samsung J105H Galaxy J1 Mini Black","price":"2099,00","isAvailable":true,"identity":true,"isPromo":false,"ginnerName":"Смартфон SAMSUNG SM-J105H Galaxy J1 mini (black)"},{"monitoringDate":"10/05/2018","competitorName":"Comfy","competitorId":65000001032,"depName":"Споживча електроніка","depId":61000060110,"branchName":"Відділ 310","article":31238443,"itemTitle":"Смартфон Samsung J105H Galaxy J1 Mini Gold","price":"2099,00","isAvailable":true,"identity":true,"isPromo":false,"ginnerName":"Смартфон SAMSUNG SM-J105H Galaxy J1 mini (gold)"},{"monitoringDate":"10/05/2018","competitorName":"Comfy","competitorId":65000001032,"depName":"Споживча електроніка","depId":61000060110,"branchName":"Відділ 310","article":31238458,"itemTitle":"Смартфон Samsung J120H/DS Black","price":"2499,00","isAvailable":true,"identity":true,"isPromo":false,"ginnerName":"Смартфон SAMSUNG SM-J510H Galaxy J5 (gold)"},{"monitoringDate":"10/05/2018","competitorName":"Comfy","competitorId":65000001032,"depName":"Споживча електроніка","depId":61000060110,"branchName":"Відділ 310","article":31238508,"itemTitle":"Смартфон Samsung J120H/DS Black","price":"2499,00","isAvailable":true,"identity":true,"isPromo":false,"ginnerName":"Смартфон SAMSUNG SM-J120H Galaxy J1 (gold)"},{"monitoringDate":"10/05/2018","competitorName":"Comfy","competitorId":65000001032,"depName":"Споживча електроніка","depId":61000060110,"branchName":"Відділ 310","article":31238459,"itemTitle":"Смартфон Samsung J120H/DS Gold","price":"2499,00","isAvailable":true,"identity":true,"isPromo":false,"ginnerName":"Смартфон SAMSUNG SM-J510H Galaxy J5 (black)"},{"monitoringDate":"10/05/2018","competitorName":"Comfy","competitorId":65000001032,"depName":"Споживча електроніка","depId":61000060110,"branchName":"Відділ 310","article":31238485,"itemTitle":"Смартфон Samsung J120H/DS Gold","price":"2499,00","isAvailable":true,"identity":true,"isPromo":false,"ginnerName":"Смартфон SAMSUNG SM-J120H Galaxy J1 (black)"},{"monitoringDate":"10/05/2018","competitorName":"Comfy","competitorId":65000001032,"depName":"Споживча електроніка","depId":61000060110,"branchName":"Відділ 310","article":31238453,"itemTitle":"Смартфон Samsung J320H/DS Galaxy J3 (2016) Black","price":"2699,00","isAvailable":true,"identity":true,"isPromo":false,"ginnerName":"Смартфон SAMSUNG SM-J320H Galaxy J3 (black)"},{"monitoringDate":"10/05/2018","competitorName":"Comfy","competitorId":65000001032,"depName":"Споживча електроніка","depId":61000060110,"branchName":"Відділ 310","article":31238454,"itemTitle":"Смартфон Samsung J320H/DS Galaxy J3 (2016) Gold","price":"2699,00","isAvailable":true,"identity":true,"isPromo":false,"ginnerName":"Смартфон SAMSUNG SM-J320H Galaxy J3 (gold)"},{"monitoringDate":"10/05/2018","competitorName":"Comfy","competitorId":65000001032,"depName":"Споживча електроніка","depId":61000060110,"branchName":"Відділ 310","article":31238734,"itemTitle":"Смартфон Samsung J530F Galaxy J5 2017 Black","price":"6799,00","isAvailable":true,"identity":true,"isPromo":false,"ginnerName":"Смартфон SAMSUNG SM-J530F Galaxy J5 (black)"},{"monitoringDate":"10/05/2018","competitorName":"Comfy","competitorId":65000001032,"depName":"Споживча електроніка","depId":61000060110,"branchName":"Відділ 310","article":31238733,"itemTitle":"Смартфон Samsung J530F Galaxy J5 2017 Gold","price":"6799,00","isAvailable":true,"identity":true,"isPromo":false,"ginnerName":"Смартфон SAMSUNG SM-J530F Galaxy J5 (gold)"},{"monitoringDate":"10/05/2018","competitorName":"Comfy","competitorId":65000001032,"depName":"Споживча електроніка","depId":61000060110,"branchName":"Відділ 310","article":31238911,"itemTitle":"Смартфон Samsung J701F Galaxy J7 Neo Black","price":"4799,00","isAvailable":true,"identity":true,"isPromo":false,"ginnerName":"Смартфон SAMSUNG SM-J701F Galaxy J7 Neo Duos ZKD (black)"},{"monitoringDate":"10/05/2018","competitorName":"Comfy","competitorId":65000001032,"depName":"Споживча електроніка","depId":61000060110,"branchName":"Відділ 310","article":31238912,"itemTitle":"Смартфон Samsung J701F Galaxy J7 Neo Gold","price":"4799,00","isAvailable":true,"identity":true,"isPromo":false,"ginnerName":"Смартфон SAMSUNG SM-J701F Galaxy J7 Neo Duos ZDD (gold)"},{"monitoringDate":"10/05/2018","competitorName":"Comfy","competitorId":65000001032,"depName":"Споживча електроніка","depId":61000060110,"branchName":"Відділ 310","article":31238913,"itemTitle":"Смартфон Samsung J701F Galaxy J7 Neo Silver","price":"4799,00","isAvailable":true,"identity":true,"isPromo":false,"ginnerName":"Смартфон SAMSUNG SM-J701F Galaxy J7 Neo Duos ZSD (silver)"},{"monitoringDate":"10/05/2018","competitorName":"Comfy","competitorId":65000001032,"depName":"Споживча електроніка","depId":61000060110,"branchName":"Відділ 310","article":31238524,"itemTitle":"Смартфон Samsung J710F/DS Galaxy J7 (2016) Black","price":"4999,00","isAvailable":true,"identity":true,"isPromo":false,"ginnerName":"Смартфон SAMSUNG SM-J710F Galaxy J7 (black)"},{"monitoringDate":"10/05/2018","competitorName":"Comfy","competitorId":65000001032,"depName":"Споживча електроніка","depId":61000060110,"branchName":"Відділ 310","article":31238526,"itemTitle":"Смартфон Samsung J710F/DS Galaxy J7 (2016) Gold","price":"4999,00","isAvailable":true,"identity":true,"isPromo":false,"ginnerName":"Смартфон SAMSUNG SM-J710F Galaxy J7 (gold)"},{"monitoringDate":"10/05/2018","competitorName":"Comfy","competitorId":65000001032,"depName":"Споживча електроніка","depId":61000060110,"branchName":"Відділ 310","article":31238735,"itemTitle":"Смартфон Samsung J730F Galaxy J7 2017 Black","price":"7999,00","isAvailable":true,"identity":true,"isPromo":false,"ginnerName":"Смартфон SAMSUNG SM-J730F Galaxy J7 (black)"},{"monitoringDate":"10/05/2018","competitorName":"Comfy","competitorId":65000001032,"depName":"Споживча електроніка","depId":61000060110,"branchName":"Відділ 310","article":31238758,"itemTitle":"Смартфон Samsung J730F Galaxy J7 2017 Gold","price":"7999,00","isAvailable":true,"identity":true,"isPromo":false,"ginnerName":"Смартфон SAMSUNG SM-J730F Galaxy J7 (gold)"},{"monitoringDate":"10/05/2018","competitorName":"Comfy","competitorId":65000001032,"depName":"Споживча електроніка","depId":61000060110,"branchName":"Відділ 310","article":31241553,"itemTitle":"Точка доступа Asus RP-N12","price":"769,00","isAvailable":true,"identity":true,"isPromo":false,"ginnerName":"Підсилювач безпровідний ASUS RP-N12 300Mbps"},{"monitoringDate":"10/05/2018","competitorName":"Comfy","competitorId":65000001032,"depName":"Споживча електроніка","depId":61000060110,"branchName":"Відділ 310","article":31241960,"itemTitle":"USB-адаптер сети WiFi Netis netw.a NETIS WF2180 AC600 Wireless Dual Band USB Adapter","price":"455,00","isAvailable":true,"identity":true,"isPromo":false,"ginnerName":"Адаптер-USB мережевий безпровідний NETIS WF2180 450Mbps, Dual band"}]