[{"monitoringDate":"22/05/2018","competitorName":"Comfy","competitorId":65000001032,"depName":"Дрібна побутова техніка","depId":61000060109,"branchName":"Відділ 310","article":31035043,"itemTitle":"Кофемашина Delonghi ECAM22.110.SB","price":"13999,00","isAvailable":false,"identity":true,"isPromo":false,"ginnerName":"Кавомашина DELONGHI ECAM 22.110.SB (автм.)"},{"monitoringDate":"22/05/2018","competitorName":"Comfy","competitorId":65000001032,"depName":"Дрібна побутова техніка","depId":61000060109,"branchName":"Відділ 310","article":31035193,"itemTitle":"Кофемашина Delonghi ESAM3200.S","price":"10999,00","isAvailable":true,"identity":true,"isPromo":false,"ginnerName":"Кавомашина DELONGHI ESAM3200.S (автм.)"},{"monitoringDate":"22/05/2018","competitorName":"Comfy","competitorId":65000001032,"depName":"Дрібна побутова техніка","depId":61000060109,"branchName":"Відділ 310","article":31035044,"itemTitle":"Кофемашина Delonghi ESAM4000.B","price":"10999,00","isAvailable":true,"identity":true,"isPromo":false,"ginnerName":"Кавомашина DELONGHI ESAM 4000.B (автм.)"},{"monitoringDate":"22/05/2018","competitorName":"Comfy","competitorId":65000001032,"depName":"Дрібна побутова техніка","depId":61000060109,"branchName":"Відділ 310","article":31035783,"itemTitle":"Кофемашина Saeco Incanto HD8912/09","price":"16999,00","isAvailable":true,"identity":true,"isPromo":false,"ginnerName":"Кавомашина SAECO PHILIPS HD8912/09"},{"monitoringDate":"22/05/2018","competitorName":"Comfy","competitorId":65000001032,"depName":"Дрібна побутова техніка","depId":61000060109,"branchName":"Відділ 310","article":31035637,"itemTitle":"Кофемашина Saeco Incanto HD8918/09","price":"21999,00","isAvailable":true,"identity":true,"isPromo":false,"ginnerName":"Кавомашина SAECO HD8918/09 (автм.)"},{"monitoringDate":"22/05/2018","competitorName":"Comfy","competitorId":65000001032,"depName":"Дрібна побутова техніка","depId":61000060109,"branchName":"Відділ 310","article":31035863,"itemTitle":"Кофемашина Saeco Xelsis SM7581/00","price":"39999,00","isAvailable":true,"identity":true,"isPromo":false,"ginnerName":"Кавомашина Saeco Xelsis SM7581/00"},{"monitoringDate":"22/05/2018","competitorName":"Comfy","competitorId":65000001032,"depName":"Дрібна побутова техніка","depId":61000060109,"branchName":"Відділ 310","article":31011700,"itemTitle":"Кофеварка рожковая Delonghi EC146.B","price":"3199,00","isAvailable":true,"identity":true,"isPromo":false,"ginnerName":"Кавоварка DeLonghi EC146.B (ріжк.)"},{"monitoringDate":"22/05/2018","competitorName":"Comfy","competitorId":65000001032,"depName":"Дрібна побутова техніка","depId":61000060109,"branchName":"Відділ 310","article":31035362,"itemTitle":"Кофеварка капсульная Krups KP100610","price":"2799,00","isAvailable":true,"identity":true,"isPromo":false,"ginnerName":"Кавомашина KRUPS KP100610 (капс.)"},{"monitoringDate":"22/05/2018","competitorName":"Comfy","competitorId":65000001032,"depName":"Дрібна побутова техніка","depId":61000060109,"branchName":"Відділ 310","article":31027505,"itemTitle":"Микроволновая печь (СВЧ) Bosch HMT72M420","price":"2399,00","isAvailable":true,"identity":true,"isPromo":true,"ginnerName":"Піч мікрохвильова BOSCH HMT72M420"},{"monitoringDate":"22/05/2018","competitorName":"Comfy","competitorId":65000001032,"depName":"Дрібна побутова техніка","depId":61000060109,"branchName":"Відділ 310","article":31027506,"itemTitle":"Микроволновая печь (СВЧ) Bosch HMT72M450","price":"3099,00","isAvailable":true,"identity":true,"isPromo":true,"ginnerName":"Піч мікрохвильова BOSCH HMT72M450"},{"monitoringDate":"22/05/2018","competitorName":"Comfy","competitorId":65000001032,"depName":"Дрібна побутова техніка","depId":61000060109,"branchName":"Відділ 310","article":31027475,"itemTitle":"Микроволновая печь (СВЧ) Electrolux EMM20000OC","price":"3799,00","isAvailable":true,"identity":true,"isPromo":false,"ginnerName":"Піч мікрохвильова ELECTROLUX EMM20000OC"},{"monitoringDate":"22/05/2018","competitorName":"Comfy","competitorId":65000001032,"depName":"Дрібна побутова техніка","depId":61000060109,"branchName":"Відділ 310","article":31027565,"itemTitle":"Микроволновая печь (СВЧ) Kaiser M2500Em","price":"7389,00","isAvailable":true,"identity":true,"isPromo":false,"ginnerName":"Мікрохвильова піч KAISER M 2500 Em"},{"monitoringDate":"22/05/2018","competitorName":"Comfy","competitorId":65000001032,"depName":"Дрібна побутова техніка","depId":61000060109,"branchName":"Відділ 310","article":31027567,"itemTitle":"Микроволновая печь (СВЧ) Kaiser M2500RotEm","price":"7389,00","isAvailable":true,"identity":true,"isPromo":false,"ginnerName":"Мікрохвильова піч KAISER  M 2500 RotEm"},{"monitoringDate":"22/05/2018","competitorName":"Comfy","competitorId":65000001032,"depName":"Дрібна побутова техніка","depId":61000060109,"branchName":"Відділ 310","article":31027512,"itemTitle":"Микроволновая печь (СВЧ) LG MH6595CIS","price":"6999,00","isAvailable":true,"identity":true,"isPromo":false,"ginnerName":"Мікрохвильова піч LG MH6595CIS"},{"monitoringDate":"22/05/2018","competitorName":"Comfy","competitorId":65000001032,"depName":"Дрібна побутова техніка","depId":61000060109,"branchName":"Відділ 310","article":31027511,"itemTitle":"Микроволновая печь (СВЧ) LG MH6595GIH","price":"5899,00","isAvailable":true,"identity":true,"isPromo":false,"ginnerName":"Мікрохвильова піч LG MH6595GIH"},{"monitoringDate":"22/05/2018","competitorName":"Comfy","competitorId":65000001032,"depName":"Дрібна побутова техніка","depId":61000060109,"branchName":"Відділ 310","article":31027545,"itemTitle":"Микроволновая печь (СВЧ) LG MJ3965AIS","price":"11999,00","isAvailable":true,"identity":true,"isPromo":false,"ginnerName":"Мікрохвильова піч LG MJ3965AIS (39л., сенсор, конв., гриль.)"},{"monitoringDate":"22/05/2018","competitorName":"Comfy","competitorId":65000001032,"depName":"Дрібна побутова техніка","depId":61000060109,"branchName":"Відділ 310","article":31027510,"itemTitle":"Микроволновая печь (СВЧ) LG MS2595DIS","price":"6499,00","isAvailable":true,"identity":true,"isPromo":false,"ginnerName":"Мікрохвильова піч LG MS2595DIS"},{"monitoringDate":"22/05/2018","competitorName":"Comfy","competitorId":65000001032,"depName":"Дрібна побутова техніка","depId":61000060109,"branchName":"Відділ 310","article":31027488,"itemTitle":"Микроволновая печь (СВЧ) Samsung GE83KRS-1/UA","price":"3399,00","isAvailable":true,"identity":true,"isPromo":false,"ginnerName":"Піч мікрохвильова SAMSUNG GE83KRS-1/UA"},{"monitoringDate":"22/05/2018","competitorName":"Comfy","competitorId":65000001032,"depName":"Дрібна побутова техніка","depId":61000060109,"branchName":"Відділ 310","article":31027485,"itemTitle":"Микроволновая печь (СВЧ) Samsung ME83KRS-2/UA","price":"2999,00","isAvailable":true,"identity":true,"isPromo":false,"ginnerName":"Піч мікрохвильова SAMSUNG ME83KRS-2/UA"},{"monitoringDate":"22/05/2018","competitorName":"Comfy","competitorId":65000001032,"depName":"Дрібна побутова техніка","depId":61000060109,"branchName":"Відділ 310","article":31027487,"itemTitle":"Микроволновая печь (СВЧ) Samsung ME83KRW-2/UA","price":"2899,00","isAvailable":true,"identity":true,"isPromo":false,"ginnerName":"Піч мікрохвильова SAMSUNG ME83KRW-2/UA"},{"monitoringDate":"22/05/2018","competitorName":"Comfy","competitorId":65000001032,"depName":"Дрібна побутова техніка","depId":61000060109,"branchName":"Відділ 310","article":31027491,"itemTitle":"Микроволновая печь (СВЧ) Samsung MG23F301TCW/UA","price":"3799,00","isAvailable":true,"identity":true,"isPromo":false,"ginnerName":"Піч мікрохвильова SAMSUNG MG23F301TCW/UA"},{"monitoringDate":"22/05/2018","competitorName":"Comfy","competitorId":65000001032,"depName":"Дрібна побутова техніка","depId":61000060109,"branchName":"Відділ 310","article":31027486,"itemTitle":"Микроволновая печь (СВЧ) Samsung MS23F302TAS/UA","price":"3399,00","isAvailable":true,"identity":true,"isPromo":false,"ginnerName":"Піч мікрохвильова SAMSUNG MS23F302TAS/UA"},{"monitoringDate":"22/05/2018","competitorName":"Comfy","competitorId":65000001032,"depName":"Дрібна побутова техніка","depId":61000060109,"branchName":"Відділ 310","article":31027461,"itemTitle":"Микроволновая печь (СВЧ) Whirlpool MWD 119 SL","price":"2149,00","isAvailable":true,"identity":true,"isPromo":false,"ginnerName":"Піч мікрохвильова WHIRLPOOL MWD 119 SL"},{"monitoringDate":"22/05/2018","competitorName":"Comfy","competitorId":65000001032,"depName":"Дрібна побутова техніка","depId":61000060109,"branchName":"Відділ 310","article":31027458,"itemTitle":"Микроволновая печь (СВЧ) Whirlpool MWD 119 WH","price":"1905,00","isAvailable":true,"identity":true,"isPromo":false,"ginnerName":"Піч мікрохвильова Whirlpool MWD 119 WH"},{"monitoringDate":"22/05/2018","competitorName":"Comfy","competitorId":65000001032,"depName":"Дрібна побутова техніка","depId":61000060109,"branchName":"Відділ 310","article":31027462,"itemTitle":"Микроволновая печь (СВЧ) Whirlpool MWD 120 BL","price":"2349,00","isAvailable":true,"identity":true,"isPromo":false,"ginnerName":"Піч мікрохвильова WHIRLPOOL MWD 120 BL"},{"monitoringDate":"22/05/2018","competitorName":"Comfy","competitorId":65000001032,"depName":"Дрібна побутова техніка","depId":61000060109,"branchName":"Відділ 310","article":31027516,"itemTitle":"Микроволновая печь (СВЧ) Whirlpool MWD 120 WH","price":"2249,00","isAvailable":true,"identity":true,"isPromo":false,"ginnerName":"Піч мікрохвильова WHIRLPOOL MWD 120 WH"},{"monitoringDate":"22/05/2018","competitorName":"Comfy","competitorId":65000001032,"depName":"Дрібна побутова техніка","depId":61000060109,"branchName":"Відділ 310","article":31027463,"itemTitle":"Микроволновая печь (СВЧ) Whirlpool MWD 121 WH","price":"2249,00","isAvailable":true,"identity":true,"isPromo":false,"ginnerName":"Піч мікрохвильова WHIRLPOOL MWD 121 WH"},{"monitoringDate":"22/05/2018","competitorName":"Comfy","competitorId":65000001032,"depName":"Дрібна побутова техніка","depId":61000060109,"branchName":"Відділ 310","article":31027555,"itemTitle":"Микроволновая печь (СВЧ) Whirlpool MWD 20 BL","price":"2349,00","isAvailable":true,"identity":true,"isPromo":false,"ginnerName":"Піч мікрохвильова WHIRLPOOL MWD 20 BL (20л./механ/гриль)"},{"monitoringDate":"22/05/2018","competitorName":"Comfy","competitorId":65000001032,"depName":"Дрібна побутова техніка","depId":61000060109,"branchName":"Відділ 310","article":31027556,"itemTitle":"Микроволновая печь (СВЧ) Whirlpool MWF 421 SL","price":"4999,00","isAvailable":true,"identity":true,"isPromo":false,"ginnerName":"Піч мікрохвильова WHIRLPOOL MWF 421 SL (25л./сенсор/гриль)"},{"monitoringDate":"22/05/2018","competitorName":"Comfy","competitorId":65000001032,"depName":"Дрібна побутова техніка","depId":61000060109,"branchName":"Відділ 310","article":31032057,"itemTitle":"Печь электрическая MIRTA MO-0145B","price":"2299,00","isAvailable":true,"identity":true,"isPromo":false,"ginnerName":"Піч електрична Mirta MO-0145B"},{"monitoringDate":"22/05/2018","competitorName":"Comfy","competitorId":65000001032,"depName":"Дрібна побутова техніка","depId":61000060109,"branchName":"Відділ 310","article":31032166,"itemTitle":"Печь электрическая Saturn ST-EC3801 Black","price":"1399,00","isAvailable":true,"identity":true,"isPromo":false,"ginnerName":"Піч електрична SATURN ST-EC3801 Black  (42л./ / )"},{"monitoringDate":"22/05/2018","competitorName":"Comfy","competitorId":65000001032,"depName":"Дрібна побутова техніка","depId":61000060109,"branchName":"Відділ 310","article":31032171,"itemTitle":"Печь электрическая Saturn ST-EC3802 Black","price":"1499,00","isAvailable":true,"identity":true,"isPromo":false,"ginnerName":"Піч електрична SATURN ST-EC3802 Black  (42л./ /верт.)"},{"monitoringDate":"22/05/2018","competitorName":"Comfy","competitorId":65000001032,"depName":"Дрібна побутова техніка","depId":61000060109,"branchName":"Відділ 310","article":31032170,"itemTitle":"Печь электрическая Saturn ST-EC3802 Red","price":"1499,00","isAvailable":false,"identity":true,"isPromo":false,"ginnerName":"Піч електрична SATURN ST-EC3802 Red  (42л./ /верт.)"},{"monitoringDate":"22/05/2018","competitorName":"Comfy","competitorId":65000001032,"depName":"Дрібна побутова техніка","depId":61000060109,"branchName":"Відділ 310","article":31032169,"itemTitle":"Печь электрическая Saturn ST-EC3802 White","price":"1499,00","isAvailable":true,"identity":true,"isPromo":false,"ginnerName":"Піч електрична SATURN ST-EC3802 White  (42л./ /верт.)"},{"monitoringDate":"22/05/2018","competitorName":"Comfy","competitorId":65000001032,"depName":"Дрібна побутова техніка","depId":61000060109,"branchName":"Відділ 310","article":31048413,"itemTitle":"Пылесос для с/у без мешка Bosch BGC1U1700","price":"2999,00","isAvailable":true,"identity":true,"isPromo":false,"ginnerName":"Пилосмок б/м BOSCH BGC1U1700"},{"monitoringDate":"22/05/2018","competitorName":"Comfy","competitorId":65000001032,"depName":"Дрібна побутова техніка","depId":61000060109,"branchName":"Відділ 310","article":31048308,"itemTitle":"Пылесос для с/у без мешка Bosch BGC4U2230","price":"6799,00","isAvailable":true,"identity":true,"isPromo":false,"ginnerName":"Пилосмок б/м BOSCH BGC4U2230 "},{"monitoringDate":"22/05/2018","competitorName":"Comfy","competitorId":65000001032,"depName":"Дрібна побутова техніка","depId":61000060109,"branchName":"Відділ 310","article":31048310,"itemTitle":"Пылесос для с/у без мешка Bosch BGS2UPWER1","price":"4799,00","isAvailable":true,"identity":true,"isPromo":false,"ginnerName":"Пилосмок б/м BOSCH BGS2UPWER1 "},{"monitoringDate":"22/05/2018","competitorName":"Comfy","competitorId":65000001032,"depName":"Дрібна побутова техніка","depId":61000060109,"branchName":"Відділ 310","article":31048364,"itemTitle":"Пылесос для с/у без мешка Bosch BGS5ZOORU","price":"14099,00","isAvailable":true,"identity":true,"isPromo":false,"ginnerName":"Пилосмок б/м BGS5ZOORU"},{"monitoringDate":"22/05/2018","competitorName":"Comfy","competitorId":65000001032,"depName":"Дрібна побутова техніка","depId":61000060109,"branchName":"Відділ 310","article":31048337,"itemTitle":"Пылесос для с/у без мешка Dirt Devil Rebel 25 White (DD2225-0)","price":"3159,00","isAvailable":false,"identity":true,"isPromo":false,"ginnerName":"Пилосмок б/м Dirt Devil  DD2225-0 Rebel 25 білий"},{"monitoringDate":"22/05/2018","competitorName":"Comfy","competitorId":65000001032,"depName":"Дрібна побутова техніка","depId":61000060109,"branchName":"Відділ 310","article":31010819,"itemTitle":"Пылесос для сухой уборки без мешка Dyson DC37 Allergy Musclehead","price":"8499,00","isAvailable":true,"identity":true,"isPromo":false,"ginnerName":"Пилосмок б/м DYSON DC37 Mhead"},{"monitoringDate":"22/05/2018","competitorName":"Comfy","competitorId":65000001032,"depName":"Дрібна побутова техніка","depId":61000060109,"branchName":"Відділ 310","article":31048356,"itemTitle":"Пылесос для с/у без мешка Hoover BR2230 019","price":"2799,00","isAvailable":true,"identity":true,"isPromo":false,"ginnerName":"Пилосмок контейнерний HOOVER BR2230019"},{"monitoringDate":"22/05/2018","competitorName":"Comfy","competitorId":65000001032,"depName":"Дрібна побутова техніка","depId":61000060109,"branchName":"Відділ 310","article":31040785,"itemTitle":"Пылесос для сухой уборки без мешка Hoover TSBE 1401 019","price":"1599,00","isAvailable":true,"identity":true,"isPromo":false,"ginnerName":"Пилосмок HOOVER TSBE1401 019"},{"monitoringDate":"22/05/2018","competitorName":"Comfy","competitorId":65000001032,"depName":"Дрібна побутова техніка","depId":61000060109,"branchName":"Відділ 310","article":31048354,"itemTitle":"Пылесос для сухой уборки без мешка Hoover TSBE 2002 011","price":"1999,00","isAvailable":true,"identity":true,"isPromo":false,"ginnerName":"Пилосмок контейнерний HOOVER TSBE 2002 01 (C Class)"},{"monitoringDate":"22/05/2018","competitorName":"Comfy","competitorId":65000001032,"depName":"Дрібна побутова техніка","depId":61000060109,"branchName":"Відділ 310","article":31010974,"itemTitle":"Пылесос для сухой уборки без мешка Karcher VC 3 Premium","price":"3999,00","isAvailable":true,"identity":true,"isPromo":false,"ginnerName":"Пилосмок б/м KARCHER VC 3 Premium"},{"monitoringDate":"22/05/2018","competitorName":"Comfy","competitorId":65000001032,"depName":"Дрібна побутова техніка","depId":61000060109,"branchName":"Відділ 310","article":31048038,"itemTitle":"Пылесос для сухой уборки без мешка Philips PowerPro Active FC8671/01","price":"4399,00","isAvailable":true,"identity":true,"isPromo":false,"ginnerName":"Пилосмок б/м PHILIPS FC8671/01"},{"monitoringDate":"22/05/2018","competitorName":"Comfy","competitorId":65000001032,"depName":"Дрібна побутова техніка","depId":61000060109,"branchName":"Відділ 310","article":31048118,"itemTitle":"Пылесос для сухой уборки без мешка Philips PowerPro Active FC8672/01","price":"4699,00","isAvailable":true,"identity":true,"isPromo":false,"ginnerName":"Пилосмок б/м PHILIPS FC8672/01"},{"monitoringDate":"22/05/2018","competitorName":"Comfy","competitorId":65000001032,"depName":"Дрібна побутова техніка","depId":61000060109,"branchName":"Відділ 310","article":31048276,"itemTitle":"Пылесос для с/у без мешка Philips FC9350/01","price":"2899,00","isAvailable":true,"identity":true,"isPromo":false,"ginnerName":"Пилосмок безмішковий PHILIPS FC9350/01"},{"monitoringDate":"22/05/2018","competitorName":"Comfy","competitorId":65000001032,"depName":"Дрібна побутова техніка","depId":61000060109,"branchName":"Відділ 310","article":31048277,"itemTitle":"Пылесос для с/у без мешка Philips FC9351/01","price":"3199,00","isAvailable":true,"identity":true,"isPromo":false,"ginnerName":"Пилосмок безмішковий PHILIPS FC9351/01"},{"monitoringDate":"22/05/2018","competitorName":"Comfy","competitorId":65000001032,"depName":"Дрібна побутова техніка","depId":61000060109,"branchName":"Відділ 310","article":31048274,"itemTitle":"Пылесос для с/у без мешка Philips FC9352/01","price":"3499,00","isAvailable":true,"identity":true,"isPromo":false,"ginnerName":"Пилосмок безмішковий PHILIPS FC9352/01"},{"monitoringDate":"22/05/2018","competitorName":"Comfy","competitorId":65000001032,"depName":"Дрібна побутова техніка","depId":61000060109,"branchName":"Відділ 310","article":31048332,"itemTitle":"Пылесос для с/у без мешка Philips FC9728/01","price":"5299,00","isAvailable":true,"identity":true,"isPromo":false,"ginnerName":"Пилосмок безмішковий PHILIPS FC9728/01"},{"monitoringDate":"22/05/2018","competitorName":"Comfy","competitorId":65000001032,"depName":"Дрібна побутова техніка","depId":61000060109,"branchName":"Відділ 310","article":31048331,"itemTitle":"Пылесос для с/у без мешка Philips FC9734/01","price":"6499,00","isAvailable":true,"identity":true,"isPromo":false,"ginnerName":"Пилосмок безмішковий PHILIPS FC9734/01"},{"monitoringDate":"22/05/2018","competitorName":"Comfy","competitorId":65000001032,"depName":"Дрібна побутова техніка","depId":61000060109,"branchName":"Відділ 310","article":31048194,"itemTitle":"Пылесос для сухой уборки без мешка Rowenta RO3731EA","price":"2799,00","isAvailable":true,"identity":true,"isPromo":true,"ginnerName":"Пилосмок б/м ROWENTA RO3731"},{"monitoringDate":"22/05/2018","competitorName":"Comfy","competitorId":65000001032,"depName":"Дрібна побутова техніка","depId":61000060109,"branchName":"Відділ 310","article":31048195,"itemTitle":"Пылесос для сухой уборки без мешка Rowenta RO3786EA","price":"3399,00","isAvailable":true,"identity":true,"isPromo":false,"ginnerName":"Пилосмок б/м ROWENTA RO3786"},{"monitoringDate":"22/05/2018","competitorName":"Comfy","competitorId":65000001032,"depName":"Дрібна побутова техніка","depId":61000060109,"branchName":"Відділ 310","article":31048193,"itemTitle":"Пылесос для с/у без мешка Rowenta RO6984EA","price":"5199,00","isAvailable":true,"identity":true,"isPromo":false,"ginnerName":"Пилосмок б/м ROWENTA RO6984"},{"monitoringDate":"22/05/2018","competitorName":"Comfy","competitorId":65000001032,"depName":"Дрібна побутова техніка","depId":61000060109,"branchName":"Відділ 310","article":31048073,"itemTitle":"Пылесос для сухой уборки без мешка Rowenta RO8341EA","price":"7799,00","isAvailable":true,"identity":true,"isPromo":false,"ginnerName":"Пилосмок б/м Rowenta RO8341EA"},{"monitoringDate":"22/05/2018","competitorName":"Comfy","competitorId":65000001032,"depName":"Дрібна побутова техніка","depId":61000060109,"branchName":"Відділ 310","article":31048355,"itemTitle":"Пылесос для сухой уборки с аквафильтром Hoover HYP1630 011","price":"4499,00","isAvailable":true,"identity":true,"isPromo":false,"ginnerName":"Пилосмок з аквафільтром HOOVER HYP1630 011 "},{"monitoringDate":"22/05/2018","competitorName":"Comfy","competitorId":65000001032,"depName":"Дрібна побутова техніка","depId":61000060109,"branchName":"Відділ 310","article":31048023,"itemTitle":"Пылесос для с/у с мешком Bosch BGL25MON2","price":"3825,00","isAvailable":true,"identity":true,"isPromo":false,"ginnerName":"Пилосмок з/м BOSCH BGL25MON2 "},{"monitoringDate":"22/05/2018","competitorName":"Comfy","competitorId":65000001032,"depName":"Дрібна побутова техніка","depId":61000060109,"branchName":"Відділ 310","article":31010939,"itemTitle":"Пылесос для сухой уборки с мешком Bosch BGL32500","price":"3799,00","isAvailable":true,"identity":true,"isPromo":false,"ginnerName":"Пилосмок з/м BOSCH BGL32500"},{"monitoringDate":"22/05/2018","competitorName":"Comfy","competitorId":65000001032,"depName":"Дрібна побутова техніка","depId":61000060109,"branchName":"Відділ 310","article":31048028,"itemTitle":"Пылесос для с/у с мешком Bosch BGL42455","price":"5299,00","isAvailable":true,"identity":true,"isPromo":false,"ginnerName":"Пилосмок з/м BOSCH BGL42455"},{"monitoringDate":"22/05/2018","competitorName":"Comfy","competitorId":65000001032,"depName":"Дрібна побутова техніка","depId":61000060109,"branchName":"Відділ 310","article":31048029,"itemTitle":"Пылесос для с/у с мешком Bosch BGL45ZOO1","price":"9899,00","isAvailable":true,"identity":true,"isPromo":false,"ginnerName":"Пилосмок з/м BOSCH BGL45ZOO1"},{"monitoringDate":"22/05/2018","competitorName":"Comfy","competitorId":65000001032,"depName":"Дрібна побутова техніка","depId":61000060109,"branchName":"Відділ 310","article":31048314,"itemTitle":"Пылесос для с/у с мешком Electrolux EEG43WR","price":"2899,00","isAvailable":true,"identity":true,"isPromo":false,"ginnerName":"Пилосмок з/м ELECTROLUX EEG43WR"},{"monitoringDate":"22/05/2018","competitorName":"Comfy","competitorId":65000001032,"depName":"Дрібна побутова техніка","depId":61000060109,"branchName":"Відділ 310","article":31048353,"itemTitle":"Пылесос для с/у с мешком Hoover TCP2010 019","price":"1999,00","isAvailable":true,"identity":true,"isPromo":false,"ginnerName":"Пилосмок з мішком HOOVER TCP2120 019"},{"monitoringDate":"22/05/2018","competitorName":"Comfy","competitorId":65000001032,"depName":"Дрібна побутова техніка","depId":61000060109,"branchName":"Відділ 310","article":31010975,"itemTitle":"Пылесос для сухой уборки с мешком Karcher VC 2 Premium","price":"3095,00","isAvailable":true,"identity":true,"isPromo":false,"ginnerName":"Пилосмок з/м KARCHER VC 2 Premium"},{"monitoringDate":"22/05/2018","competitorName":"Comfy","competitorId":65000001032,"depName":"Дрібна побутова техніка","depId":61000060109,"branchName":"Відділ 310","article":31010735,"itemTitle":"Пылесос для с/у с мешком Miele SGEA0 Cat&Dog ежевичный красный","price":"8639,00","isAvailable":true,"identity":true,"isPromo":false,"ginnerName":"Пилосмок з/м MIELE SGEA0 tayberry red"},{"monitoringDate":"22/05/2018","competitorName":"Comfy","competitorId":65000001032,"depName":"Дрібна побутова техніка","depId":61000060109,"branchName":"Відділ 310","article":31010733,"itemTitle":"Пылесос для с/у с мешком Miele SGFA0 Complete HEPA C3 желтый","price":"9839,00","isAvailable":true,"identity":true,"isPromo":false,"ginnerName":"Пилосмок з/м MIELE SGFA0 canary yellow"},{"monitoringDate":"22/05/2018","competitorName":"Comfy","competitorId":65000001032,"depName":"Дрібна побутова техніка","depId":61000060109,"branchName":"Відділ 310","article":31010745,"itemTitle":"Пылесос для с/у с мешком Miele SGMA0 Complete C3 Special коричневая гавана","price":"15299,00","isAvailable":true,"identity":true,"isPromo":false,"ginnerName":"Пилосмок з/м MIELE SGMA0 Comfort коричневий гавана"},{"monitoringDate":"22/05/2018","competitorName":"Comfy","competitorId":65000001032,"depName":"Дрібна побутова техніка","depId":61000060109,"branchName":"Відділ 310","article":31048333,"itemTitle":"Пылесос для с/у с мешком Philips FC8293/01","price":"2199,00","isAvailable":true,"identity":true,"isPromo":false,"ginnerName":"Пилосмок мішковий PHILIPS FC8293/01"},{"monitoringDate":"22/05/2018","competitorName":"Comfy","competitorId":65000001032,"depName":"Дрібна побутова техніка","depId":61000060109,"branchName":"Відділ 310","article":31048335,"itemTitle":"Пылесос для с/у с мешком Philips FC8296/01","price":"2999,00","isAvailable":true,"identity":true,"isPromo":false,"ginnerName":"Пилосмок мішковий PHILIPS FC8296/01"},{"monitoringDate":"22/05/2018","competitorName":"Comfy","competitorId":65000001032,"depName":"Дрібна побутова техніка","depId":61000060109,"branchName":"Відділ 310","article":31010917,"itemTitle":"Пылесос для сухой уборки с мешком Philips Performer Compact FC8389/01","price":"3599,00","isAvailable":true,"identity":true,"isPromo":false,"ginnerName":"Пилосмок з/м PHILIPS FC8389/01"},{"monitoringDate":"22/05/2018","competitorName":"Comfy","competitorId":65000001032,"depName":"Дрібна побутова техніка","depId":61000060109,"branchName":"Відділ 310","article":31048411,"itemTitle":"Пылесос для с/у с мешком Rowenta RO2611EA","price":"2399,00","isAvailable":true,"identity":true,"isPromo":false,"ginnerName":"Пилосмок ROWENTA RO2611EA"},{"monitoringDate":"22/05/2018","competitorName":"Comfy","competitorId":65000001032,"depName":"Дрібна побутова техніка","depId":61000060109,"branchName":"Відділ 310","article":31048289,"itemTitle":"Пылесос для с/у с мешком Samsung VC21F60JUK1/EV","price":"5299,00","isAvailable":true,"identity":true,"isPromo":false,"ginnerName":"Пилосмок з/м SAMSUNG VC21F60JUK1/EV"},{"monitoringDate":"22/05/2018","competitorName":"Comfy","competitorId":65000001032,"depName":"Дрібна побутова техніка","depId":61000060109,"branchName":"Відділ 310","article":31048489,"itemTitle":"Пылесос для сухой уборки без мешка Dyson Cinetic Big Ball Animal Pro","price":"19989,00","isAvailable":true,"identity":true,"isPromo":false,"ginnerName":"Пилосмок б/м DYSON CY26 Cinetic Big Ball Animal Pro 2"},{"monitoringDate":"22/05/2018","competitorName":"Comfy","competitorId":65000001032,"depName":"Дрібна побутова техніка","depId":61000060109,"branchName":"Відділ 310","article":31048431,"itemTitle":"Пылесос для сухой уборки без мешка Samsung VC15K4116V1/UK","price":"4799,00","isAvailable":true,"identity":true,"isPromo":false,"ginnerName":"Пилосмок б/м SAMSUNG VC15K4116V1/UK"},{"monitoringDate":"22/05/2018","competitorName":"Comfy","competitorId":65000001032,"depName":"Дрібна побутова техніка","depId":61000060109,"branchName":"Відділ 310","article":31048430,"itemTitle":"Пылесос для сухой уборки без мешка Samsung VC15K4176HG/UK","price":"5199,00","isAvailable":true,"identity":true,"isPromo":false,"ginnerName":"Пилосмок б/м SAMSUNG VC15K4176HG/UK"},{"monitoringDate":"22/05/2018","competitorName":"Comfy","competitorId":65000001032,"depName":"Дрібна побутова техніка","depId":61000060109,"branchName":"Відділ 310","article":31048437,"itemTitle":"Пылесос для сухой уборки без мешка Samsung VC18M21A0SB/UK","price":"2799,00","isAvailable":true,"identity":true,"isPromo":true,"ginnerName":"Пилосмок б/м SAMSUNG VC18M21A0SB/UK"},{"monitoringDate":"22/05/2018","competitorName":"Comfy","competitorId":65000001032,"depName":"Дрібна побутова техніка","depId":61000060109,"branchName":"Відділ 310","article":31048434,"itemTitle":"Пылесос для сухой уборки без мешка Samsung VC18M3120VB/UK","price":"3199,00","isAvailable":true,"identity":true,"isPromo":true,"ginnerName":"Пилосмок б/м SAMSUNG VC18M3120VB/UK"},{"monitoringDate":"22/05/2018","competitorName":"Comfy","competitorId":65000001032,"depName":"Дрібна побутова техніка","depId":61000060109,"branchName":"Відділ 310","article":31010744,"itemTitle":"Пылесос для сухой уборки Miele SBAD0 Classik C1 белый лотос","price":"5399,00","isAvailable":true,"identity":true,"isPromo":false,"ginnerName":"Пилосмок з/м MIELE SBAD0 білий лотос"},{"monitoringDate":"22/05/2018","competitorName":"Comfy","competitorId":65000001032,"depName":"Дрібна побутова техніка","depId":61000060109,"branchName":"Відділ 310","article":31010675,"itemTitle":"Пылесос для сухой уборки Philips PowerPro Duo FC6168/01","price":"5999,00","isAvailable":true,"identity":true,"isPromo":false,"ginnerName":"Пилосмок акумуляторний PHILIPS FC6168 (акум.)"},{"monitoringDate":"22/05/2018","competitorName":"Comfy","competitorId":65000001032,"depName":"Дрібна побутова техніка","depId":61000060109,"branchName":"Відділ 310","article":31048416,"itemTitle":"Пылесос для сухой уборки Philips PowerPro Duo FC6168/01","price":"5999,00","isAvailable":true,"identity":true,"isPromo":false,"ginnerName":"Пилосмок б/м BOSCH BGS3U2000"},{"monitoringDate":"22/05/2018","competitorName":"Comfy","competitorId":65000001032,"depName":"Дрібна побутова техніка","depId":61000060109,"branchName":"Відділ 310","article":31010109,"itemTitle":"Пылесос для сухой уборки Philips Performer FC9170/01","price":"4999,00","isAvailable":true,"identity":true,"isPromo":false,"ginnerName":"Пилосмок з/м PHILIPS FC9170 (2200 Вт.)"},{"monitoringDate":"22/05/2018","competitorName":"Comfy","competitorId":65000001032,"depName":"Дрібна побутова техніка","depId":61000060109,"branchName":"Відділ 310","article":31048121,"itemTitle":"Пылесос для сухой уборки Philips PowerPro Ultimate FC9912/01","price":"10999,00","isAvailable":true,"identity":true,"isPromo":false,"ginnerName":"Пилосмок б/м PHILIPS FC9912/01"},{"monitoringDate":"22/05/2018","competitorName":"Comfy","competitorId":65000001032,"depName":"Дрібна побутова техніка","depId":61000060109,"branchName":"Відділ 310","article":31048444,"itemTitle":"Пылесос для сухой уборки с мешком Samsung VC20F30WDHL/UK","price":"4389,00","isAvailable":true,"identity":true,"isPromo":false,"ginnerName":"Пилосмок з/м SAMSUNG VC20F30WDHL/UK"},{"monitoringDate":"22/05/2018","competitorName":"Comfy","competitorId":65000001032,"depName":"Дрібна побутова техніка","depId":61000060109,"branchName":"Відділ 310","article":31048446,"itemTitle":"Пылесос для сухой уборки с мешком Samsung VC20M255AWB/UK","price":"3099,00","isAvailable":true,"identity":true,"isPromo":false,"ginnerName":"Пилосмок з/м SAMSUNG VC20M255AWB/UK"},{"monitoringDate":"22/05/2018","competitorName":"Comfy","competitorId":65000001032,"depName":"Дрібна побутова техніка","depId":61000060109,"branchName":"Відділ 310","article":31048494,"itemTitle":"Пылесос для сухой уборки с мешком Samsung VC21F60JUK1/UK","price":"5299,00","isAvailable":true,"identity":true,"isPromo":false,"ginnerName":"Пилосмок з/м SAMSUNG VC21F60JUK1/UK"},{"monitoringDate":"22/05/2018","competitorName":"Comfy","competitorId":65000001032,"depName":"Дрібна побутова техніка","depId":61000060109,"branchName":"Відділ 310","article":31048234,"itemTitle":"Пылесос для сухой уборки с мешком Samsung VCC4181V37/SBW","price":"2499,00","isAvailable":true,"identity":true,"isPromo":true,"ginnerName":"Пилосмок з/мSAMSUNG  VCC4181V37/SBW"},{"monitoringDate":"22/05/2018","competitorName":"Comfy","competitorId":65000001032,"depName":"Дрібна побутова техніка","depId":61000060109,"branchName":"Відділ 310","article":31010665,"itemTitle":"Пылесос моющий Karcher SE 6.100","price":"9595,00","isAvailable":true,"identity":true,"isPromo":false,"ginnerName":"Пилосмок миючий KARCHER SE 6.100"},{"monitoringDate":"22/05/2018","competitorName":"Comfy","competitorId":65000001032,"depName":"Дрібна побутова техніка","depId":61000060109,"branchName":"Відділ 310","article":31048399,"itemTitle":"Пылесос моющий Thomas MULTI CLEAN X10 PARQUET","price":"12499,00","isAvailable":true,"identity":true,"isPromo":false,"ginnerName":"Пилосмок миючий THOMAS MULTI CLEAN X10 PARQUET "},{"monitoringDate":"22/05/2018","competitorName":"Comfy","competitorId":65000001032,"depName":"Дрібна побутова техніка","depId":61000060109,"branchName":"Відділ 310","article":31048340,"itemTitle":"Пылесос моющий Thomas Sky XT Aqua-Box","price":"7799,00","isAvailable":true,"identity":true,"isPromo":false,"ginnerName":"Пилосмок миючий THOMAS SKY XT"},{"monitoringDate":"22/05/2018","competitorName":"Comfy","competitorId":65000001032,"depName":"Дрібна побутова техніка","depId":61000060109,"branchName":"Відділ 310","article":31010567,"itemTitle":"Пылесос моющий Thomas Twin Tiger","price":"5999,00","isAvailable":true,"identity":true,"isPromo":false,"ginnerName":"Пилосмок миючий  THOMAS TWIN TIGER"},{"monitoringDate":"22/05/2018","competitorName":"Comfy","competitorId":65000001032,"depName":"Дрібна побутова техніка","depId":61000060109,"branchName":"Відділ 310","article":31010568,"itemTitle":"Пылесос моющий Thomas VESTFALIA XT (788561)","price":"10899,00","isAvailable":true,"identity":true,"isPromo":false,"ginnerName":"Пилосмок миючий THOMAS Vestfalia XT"},{"monitoringDate":"22/05/2018","competitorName":"Comfy","competitorId":65000001032,"depName":"Дрібна побутова техніка","depId":61000060109,"branchName":"Відділ 310","article":31010893,"itemTitle":"Пылесос моющий Zelmer VC7920.0ST","price":"7999,00","isAvailable":true,"identity":true,"isPromo":false,"ginnerName":"Пилосмок миючий ZELMER VC7920.0ST/ZVC762STUA"},{"monitoringDate":"22/05/2018","competitorName":"Comfy","competitorId":65000001032,"depName":"Дрібна побутова техніка","depId":61000060109,"branchName":"Відділ 310","article":31010964,"itemTitle":"Пылесос моющий Zelmer ZVC763HTUA","price":"9999,00","isAvailable":true,"identity":true,"isPromo":false,"ginnerName":"Пилосмок миючий ZELMER ZVC763HTUA "},{"monitoringDate":"22/05/2018","competitorName":"Comfy","competitorId":65000001032,"depName":"Дрібна побутова техніка","depId":61000060109,"branchName":"Відділ 310","article":31048484,"itemTitle":"Пылесос робот Ecovacs DEEBOT DN78D","price":"7779,00","isAvailable":true,"identity":true,"isPromo":false,"ginnerName":"Пилосмок-робот ECOVACS DEEBOT DN78D Black (DN78D)"},{"monitoringDate":"22/05/2018","competitorName":"Comfy","competitorId":65000001032,"depName":"Дрібна побутова техніка","depId":61000060109,"branchName":"Відділ 310","article":31048485,"itemTitle":"Пылесос робот Ecovacs DEEBOT OZMO 610 White (DD4G)","price":"14999,00","isAvailable":true,"identity":true,"isPromo":false,"ginnerName":"Пилосмок-робот ECOVACS DEEBOT OZMO 610 White (DD4G)"},{"monitoringDate":"22/05/2018","competitorName":"Comfy","competitorId":65000001032,"depName":"Дрібна побутова техніка","depId":61000060109,"branchName":"Відділ 310","article":31048260,"itemTitle":"Пылесос робот Ecovacs DEEBOT SLIM DA 60 Lightning Green (ER-DS)","price":"5999,00","isAvailable":true,"identity":true,"isPromo":false,"ginnerName":"Пилосмок-робот ECOVACS DEEBOT SLIM DA 60 Lightning Green (ER-DS)"},{"monitoringDate":"22/05/2018","competitorName":"Comfy","competitorId":65000001032,"depName":"Дрібна побутова техніка","depId":61000060109,"branchName":"Відділ 310","article":31048299,"itemTitle":"Пылесос робот Philips FC8774/01","price":"10499,00","isAvailable":true,"identity":true,"isPromo":false,"ginnerName":"Робот-пилосмок Philips FC8774/01"},{"monitoringDate":"22/05/2018","competitorName":"Comfy","competitorId":65000001032,"depName":"Дрібна побутова техніка","depId":61000060109,"branchName":"Відділ 310","article":31048341,"itemTitle":"Пылесос робот Philips FC8794/01","price":"7499,00","isAvailable":true,"identity":true,"isPromo":false,"ginnerName":"Пилосмок-робот PHILIPS FC8794/01"},{"monitoringDate":"22/05/2018","competitorName":"Comfy","competitorId":65000001032,"depName":"Дрібна побутова техніка","depId":61000060109,"branchName":"Відділ 310","article":31048384,"itemTitle":"Пылесос робот Philips FC8822/01","price":"12999,00","isAvailable":true,"identity":true,"isPromo":false,"ginnerName":"Пилосмок-робот PHILIPS FC8822/01"},{"monitoringDate":"22/05/2018","competitorName":"Comfy","competitorId":65000001032,"depName":"Дрібна побутова техніка","depId":61000060109,"branchName":"Відділ 310","article":31048237,"itemTitle":"Пылесос робот Samsung VR20K9350WK/EV","price":"29999,00","isAvailable":true,"identity":true,"isPromo":false,"ginnerName":"Пилосмок РОБОТ SAMSUNG VR20K9350WK/EV"},{"monitoringDate":"22/05/2018","competitorName":"Comfy","competitorId":65000001032,"depName":"Дрібна побутова техніка","depId":61000060109,"branchName":"Відділ 310","article":31048426,"itemTitle":"Пылесос робот Samsung VR20M7070WD/EV","price":"20999,00","isAvailable":true,"identity":true,"isPromo":false,"ginnerName":"Пилосмок робот SAMSUNG VR20M7070WD/EV"},{"monitoringDate":"22/05/2018","competitorName":"Comfy","competitorId":65000001032,"depName":"Дрібна побутова техніка","depId":61000060109,"branchName":"Відділ 310","article":31048020,"itemTitle":"Пылесос ручной для дома Bosch BBH 22454","price":"4999,00","isAvailable":true,"identity":true,"isPromo":false,"ginnerName":"Пилосмок акумуляторний BOSCH BBH22454"},{"monitoringDate":"22/05/2018","competitorName":"Comfy","competitorId":65000001032,"depName":"Дрібна побутова техніка","depId":61000060109,"branchName":"Відділ 310","article":31048021,"itemTitle":"Пылесос ручной для дома Bosch BBH 625W60","price":"7999,00","isAvailable":true,"identity":true,"isPromo":false,"ginnerName":"Пилосмок акумуляторний BOSCH BBH625W60"},{"monitoringDate":"22/05/2018","competitorName":"Comfy","competitorId":65000001032,"depName":"Дрібна побутова техніка","depId":61000060109,"branchName":"Відділ 310","article":31048022,"itemTitle":"Пылесос ручной для дома Bosch BCH6ZOOO","price":"9199,00","isAvailable":true,"identity":true,"isPromo":false,"ginnerName":"Пилосмок акумуляторний BOSCH BCH6ZOOO"},{"monitoringDate":"22/05/2018","competitorName":"Comfy","competitorId":65000001032,"depName":"Дрібна побутова техніка","depId":61000060109,"branchName":"Відділ 310","article":31048417,"itemTitle":"Пылесос ручной для дома Dyson V7 Motorhead","price":"14489,00","isAvailable":true,"identity":true,"isPromo":false,"ginnerName":"Пилосмок бездротовий Dyson V7 Motorhead"},{"monitoringDate":"22/05/2018","competitorName":"Comfy","competitorId":65000001032,"depName":"Дрібна побутова техніка","depId":61000060109,"branchName":"Відділ 310","article":31048132,"itemTitle":"Пылесос ручной для дома Dyson V8 Absolute","price":"19989,00","isAvailable":true,"identity":true,"isPromo":false,"ginnerName":"Пилосмок акумуляторний DYSON V8 Absolute"},{"monitoringDate":"22/05/2018","competitorName":"Comfy","competitorId":65000001032,"depName":"Дрібна побутова техніка","depId":61000060109,"branchName":"Відділ 310","article":31048362,"itemTitle":"Пылесос ручной для дома Hoover ATV324LD 011","price":"5999,00","isAvailable":true,"identity":true,"isPromo":false,"ginnerName":"Пилосмок акумуляторний HOOVER ATV324LD 011"},{"monitoringDate":"22/05/2018","competitorName":"Comfy","competitorId":65000001032,"depName":"Дрібна побутова техніка","depId":61000060109,"branchName":"Відділ 310","article":31048359,"itemTitle":"Пылесос ручной для дома Hoover FD22G 011","price":"4799,00","isAvailable":true,"identity":true,"isPromo":false,"ginnerName":"Пилосмок акумуляторний HOOVER FD22G 011"},{"monitoringDate":"22/05/2018","competitorName":"Comfy","competitorId":65000001032,"depName":"Дрібна побутова техніка","depId":61000060109,"branchName":"Відділ 310","article":31048360,"itemTitle":"Пылесос ручной для дома Hoover RA22PTG 011","price":"8199,00","isAvailable":true,"identity":true,"isPromo":false,"ginnerName":"Пилосмок акумуляторний HOOVER RA22PTG 011"},{"monitoringDate":"22/05/2018","competitorName":"Comfy","competitorId":65000001032,"depName":"Дрібна побутова техніка","depId":61000060109,"branchName":"Відділ 310","article":31048185,"itemTitle":"Пылесос ручной для дома Karcher VC 5 Premium","price":"5175,00","isAvailable":true,"identity":true,"isPromo":false,"ginnerName":"Пилосмок-стік KARCHER VC 5 Premium"},{"monitoringDate":"22/05/2018","competitorName":"Comfy","competitorId":65000001032,"depName":"Дрібна побутова техніка","depId":61000060109,"branchName":"Відділ 310","article":31048326,"itemTitle":"Пылесос ручной для дома Mirta VC-6600","price":"2399,00","isAvailable":false,"identity":true,"isPromo":false,"ginnerName":"Пилосмок MIRTA VC6600"},{"monitoringDate":"22/05/2018","competitorName":"Comfy","competitorId":65000001032,"depName":"Дрібна побутова техніка","depId":61000060109,"branchName":"Відділ 310","article":31048187,"itemTitle":"Пылесос ручной для дома Philips PowerPro Duo FC6172/01","price":"7699,00","isAvailable":true,"identity":true,"isPromo":false,"ginnerName":"Пилосмок акумуляторний PHILIPS FC6172/01"},{"monitoringDate":"22/05/2018","competitorName":"Comfy","competitorId":65000001032,"depName":"Дрібна побутова техніка","depId":61000060109,"branchName":"Відділ 310","article":31048116,"itemTitle":"Пылесос ручной для дома Philips PowerPro Aqua FC6404/01","price":"8299,00","isAvailable":true,"identity":true,"isPromo":false,"ginnerName":"Пилосмок акумуляторний PHILIPS FC6404/01"},{"monitoringDate":"22/05/2018","competitorName":"Comfy","competitorId":65000001032,"depName":"Дрібна побутова техніка","depId":61000060109,"branchName":"Відділ 310","article":31048385,"itemTitle":"Пылесос ручной для дома Philips PowerPro Aqua FC6408/01","price":"9499,00","isAvailable":true,"identity":true,"isPromo":false,"ginnerName":"Пилосмок акумуляторний 3-в-1 PHILIPS FC6408/01"},{"monitoringDate":"22/05/2018","competitorName":"Comfy","competitorId":65000001032,"depName":"Дрібна побутова техніка","depId":61000060109,"branchName":"Відділ 310","article":31048410,"itemTitle":"Пылесос ручной для дома Rowenta RH6545WH","price":"2999,00","isAvailable":true,"identity":true,"isPromo":true,"ginnerName":"Пилосмок акум. ROWENTA RH6545WH"},{"monitoringDate":"22/05/2018","competitorName":"Comfy","competitorId":65000001032,"depName":"Дрібна побутова техніка","depId":61000060109,"branchName":"Відділ 310","article":31048400,"itemTitle":"Пылесос ручной для дома Rowenta RH9051WO","price":"9999,00","isAvailable":true,"identity":true,"isPromo":false,"ginnerName":"Пилосмок акумуляторний ROWENTA RH9051WO"},{"monitoringDate":"22/05/2018","competitorName":"Comfy","competitorId":65000001032,"depName":"Дрібна побутова техніка","depId":61000060109,"branchName":"Відділ 310","article":31048401,"itemTitle":"Пылесос ручной для дома Rowenta RY7557WH","price":"8499,00","isAvailable":true,"identity":true,"isPromo":false,"ginnerName":"Пилосмок акумуляторний ROWENTA RY7557WH"},{"monitoringDate":"22/05/2018","competitorName":"Comfy","competitorId":65000001032,"depName":"Дрібна побутова техніка","depId":61000060109,"branchName":"Відділ 310","article":31027529,"itemTitle":"Микроволновая печь (СВЧ) Candy CMG 2071M","price":"2199,00","isAvailable":true,"identity":true,"isPromo":false,"ginnerName":"Мікрохвильова піч CANDY  CMG 2071M"},{"monitoringDate":"22/05/2018","competitorName":"Comfy","competitorId":65000001032,"depName":"Дрібна побутова техніка","depId":61000060109,"branchName":"Відділ 310","article":31027527,"itemTitle":"Микроволновая печь (СВЧ) Candy CMG2071DS","price":"2499,00","isAvailable":true,"identity":true,"isPromo":false,"ginnerName":"Мікрохвильова піч CANDY  CMG2071DS (20л.кноп.,гриль)"},{"monitoringDate":"22/05/2018","competitorName":"Comfy","competitorId":65000001032,"depName":"Дрібна побутова техніка","depId":61000060109,"branchName":"Відділ 310","article":31027530,"itemTitle":"Микроволновая печь (СВЧ) Candy CMW 2070M","price":"1899,00","isAvailable":true,"identity":true,"isPromo":false,"ginnerName":"Мікрохвильова піч CANDY  CMW 2070M"},{"monitoringDate":"22/05/2018","competitorName":"Comfy","competitorId":65000001032,"depName":"Дрібна побутова техніка","depId":61000060109,"branchName":"Відділ 310","article":31027528,"itemTitle":"Микроволновая печь (СВЧ) Candy CMW2070DW","price":"2199,00","isAvailable":true,"identity":true,"isPromo":false,"ginnerName":"Мікрохвильова піч CANDY  CMW2070DW"},{"monitoringDate":"22/05/2018","competitorName":"Comfy","competitorId":65000001032,"depName":"Дрібна побутова техніка","depId":61000060109,"branchName":"Відділ 310","article":31027048,"itemTitle":"Микроволновая печь (СВЧ) Samsung ME711KR/BWT","price":"2799,00","isAvailable":true,"identity":true,"isPromo":false,"ginnerName":"Піч мікрохвильова SAMSUNG ME711KR/BWT,соло"},{"monitoringDate":"22/05/2018","competitorName":"Comfy","competitorId":65000001032,"depName":"Дрібна побутова техніка","depId":61000060109,"branchName":"Відділ 310","article":31009583,"itemTitle":"Утюг Braun 4661E-TS725A","price":"1899,00","isAvailable":true,"identity":true,"isPromo":false,"ginnerName":"Праска BRAUN TS725 (2400 Вт./антипр.)"},{"monitoringDate":"22/05/2018","competitorName":"Comfy","competitorId":65000001032,"depName":"Дрібна побутова техніка","depId":61000060109,"branchName":"Відділ 310","article":31009367,"itemTitle":"Утюг Braun 4690-TS785STP","price":"3499,00","isAvailable":true,"identity":true,"isPromo":false,"ginnerName":"Праска BRAUN TS785STP  (2400 Вт./антипр.)"},{"monitoringDate":"22/05/2018","competitorName":"Comfy","competitorId":65000001032,"depName":"Дрібна побутова техніка","depId":61000060109,"branchName":"Відділ 310","article":31009584,"itemTitle":"Утюг Braun 4690E-TS765A SI BRAUN BL INT","price":"2399,00","isAvailable":true,"identity":true,"isPromo":false,"ginnerName":"Праска BRAUN TS765A (2400 Вт./антипр.)"},{"monitoringDate":"22/05/2018","competitorName":"Comfy","competitorId":65000001032,"depName":"Дрібна побутова техніка","depId":61000060109,"branchName":"Відділ 310","article":31009958,"itemTitle":"Утюг Braun SI7088GY","price":"2999,00","isAvailable":true,"identity":true,"isPromo":false,"ginnerName":"Праска BRAUN SI7088GY"},{"monitoringDate":"22/05/2018","competitorName":"Comfy","competitorId":65000001032,"depName":"Дрібна побутова техніка","depId":61000060109,"branchName":"Відділ 310","article":31009959,"itemTitle":"Утюг Braun SI9188BK","price":"3999,00","isAvailable":true,"identity":true,"isPromo":false,"ginnerName":"Праска BRAUN SI9188BK"},{"monitoringDate":"22/05/2018","competitorName":"Comfy","competitorId":65000001032,"depName":"Дрібна побутова техніка","depId":61000060109,"branchName":"Відділ 310","article":31009729,"itemTitle":"Утюг Braun TS340C","price":"949,00","isAvailable":false,"identity":true,"isPromo":false,"ginnerName":"Праска BRAUN TS340C"},{"monitoringDate":"22/05/2018","competitorName":"Comfy","competitorId":65000001032,"depName":"Дрібна побутова техніка","depId":61000060109,"branchName":"Відділ 310","article":31009331,"itemTitle":"Утюг дорожный Electrolux EDBT800","price":"685,00","isAvailable":true,"identity":true,"isPromo":false,"ginnerName":"Праска дорожня ELECTROLUX EDBT800(нерж./800 Вт.)"},{"monitoringDate":"22/05/2018","competitorName":"Comfy","competitorId":65000001032,"depName":"Дрібна побутова техніка","depId":61000060109,"branchName":"Відділ 310","article":31009373,"itemTitle":"Утюг Electrolux EDB6120","price":"1799,00","isAvailable":false,"identity":true,"isPromo":false,"ginnerName":"Праска ELECTROLUX EDB6120 (анод./2300 Вт.)"},{"monitoringDate":"22/05/2018","competitorName":"Comfy","competitorId":65000001032,"depName":"Дрібна побутова техніка","depId":61000060109,"branchName":"Відділ 310","article":31009976,"itemTitle":"Утюг Tefal FV1251E0","price":"949,00","isAvailable":true,"identity":true,"isPromo":false,"ginnerName":"Праска TEFAL FV1251E0"},{"monitoringDate":"22/05/2018","competitorName":"Comfy","competitorId":65000001032,"depName":"Дрібна побутова техніка","depId":61000060109,"branchName":"Відділ 310","article":31009903,"itemTitle":"Утюг Tefal FV1526E1","price":"779,00","isAvailable":true,"identity":true,"isPromo":false,"ginnerName":"Праска TEFAL FV1526"},{"monitoringDate":"22/05/2018","competitorName":"Comfy","competitorId":65000001032,"depName":"Дрібна побутова техніка","depId":61000060109,"branchName":"Відділ 310","article":31009940,"itemTitle":"Утюг Tefal FV1543E0","price":"799,00","isAvailable":true,"identity":true,"isPromo":true,"ginnerName":"Праска TEFAL FV1543E0"},{"monitoringDate":"22/05/2018","competitorName":"Comfy","competitorId":65000001032,"depName":"Дрібна побутова техніка","depId":61000060109,"branchName":"Відділ 310","article":31009961,"itemTitle":"Утюг Tefal FV1710E0","price":"599,00","isAvailable":true,"identity":true,"isPromo":false,"ginnerName":"Праска TEFAL FV1710E0"},{"monitoringDate":"22/05/2018","competitorName":"Comfy","competitorId":65000001032,"depName":"Дрібна побутова техніка","depId":61000060109,"branchName":"Відділ 310","article":31009944,"itemTitle":"Утюг Tefal FV5645","price":"2199,00","isAvailable":false,"identity":true,"isPromo":false,"ginnerName":"Праска TEFAL FV5615E0"},{"monitoringDate":"22/05/2018","competitorName":"Comfy","competitorId":65000001032,"depName":"Дрібна побутова техніка","depId":61000060109,"branchName":"Відділ 310","article":31009945,"itemTitle":"Утюг Tefal FV5645","price":"2199,00","isAvailable":false,"identity":true,"isPromo":false,"ginnerName":"Праска TEFAL FV5645E0"},{"monitoringDate":"22/05/2018","competitorName":"Comfy","competitorId":65000001032,"depName":"Дрібна побутова техніка","depId":61000060109,"branchName":"Відділ 310","article":31009963,"itemTitle":"Утюг Tefal FV9785E0","price":"2999,00","isAvailable":true,"identity":true,"isPromo":false,"ginnerName":"Праска TEFAL FV9785E0"},{"monitoringDate":"22/05/2018","competitorName":"Comfy","competitorId":65000001032,"depName":"Дрібна побутова техніка","depId":61000060109,"branchName":"Відділ 310","article":31009964,"itemTitle":"Утюг Tefal FV9787E0","price":"3399,00","isAvailable":true,"identity":true,"isPromo":false,"ginnerName":"Праска TEFAL FV9787E0"}]