[{"monitoringDate":"22/05/2018","competitorName":"Comfy","competitorId":65000001032,"depName":"Кліматичні системи","depId":65000001191,"branchName":"Відділ 310","article":30130056,"itemTitle":"Кондиционер мобильный Ballu BPAC-07CE_17Y","price":"6599,00","isAvailable":false,"identity":true,"isPromo":false,"ginnerName":"Кондиціонер мобільн. BALLU  BPAC-07 CE_17Y (on-off/07К)"},{"monitoringDate":"22/05/2018","competitorName":"Comfy","competitorId":65000001032,"depName":"Кліматичні системи","depId":65000001191,"branchName":"Відділ 310","article":30138090,"itemTitle":"Кондиционер Ballu BSW-12 HN1/OL/15Y","price":"7799,00","isAvailable":true,"identity":true,"isPromo":false,"ginnerName":"Кондиціонер Ballu BSW-12 HN1/OL/15Y"},{"monitoringDate":"22/05/2018","competitorName":"Comfy","competitorId":65000001032,"depName":"Кліматичні системи","depId":65000001191,"branchName":"Відділ 310","article":30138092,"itemTitle":"Кондиционер Ballu BSW-24 HN1/OL/15Y","price":"16999,00","isAvailable":true,"identity":true,"isPromo":false,"ginnerName":"Кондиціонер Ballu BSW-24 HN1/OL/15Y"},{"monitoringDate":"22/05/2018","competitorName":"Comfy","competitorId":65000001032,"depName":"Кліматичні системи","depId":65000001191,"branchName":"Відділ 310","article":30101867,"itemTitle":"Кондиционер Electrolux EACS-07 HLO/N3","price":"7499,00","isAvailable":true,"identity":true,"isPromo":false,"ginnerName":"Кондицiонер ELECTROLUX EACS-07 HLO/N3"},{"monitoringDate":"22/05/2018","competitorName":"Comfy","competitorId":65000001032,"depName":"Кліматичні системи","depId":65000001191,"branchName":"Відділ 310","article":30108545,"itemTitle":"Кондиционер Electrolux EACS-09 HG-B/N3","price":"9999,00","isAvailable":true,"identity":true,"isPromo":false,"ginnerName":"Кондиціонер ELECTROLUX EACS-09 HG-B/N3"},{"monitoringDate":"22/05/2018","competitorName":"Comfy","competitorId":65000001032,"depName":"Кліматичні системи","depId":65000001191,"branchName":"Відділ 310","article":30138383,"itemTitle":"Кондиционер сплит Electrolux EACS/I-07 HAR/N3 (inverter)","price":"10399,00","isAvailable":true,"identity":true,"isPromo":false,"ginnerName":"Кондиціонер спліт-с. ELECTROLUX ARCTIC EACS/I-07HAR/N3 (інверт/07К)"},{"monitoringDate":"22/05/2018","competitorName":"Comfy","competitorId":65000001032,"depName":"Кліматичні системи","depId":65000001191,"branchName":"Відділ 310","article":30138369,"itemTitle":"Кондиционер сплит Ergo AC-0717CH","price":"5699,00","isAvailable":true,"identity":true,"isPromo":false,"ginnerName":"Кондиціонер спліт-с. ERGO AC-0717CH (on-off/07К)"},{"monitoringDate":"22/05/2018","competitorName":"Comfy","competitorId":65000001032,"depName":"Кліматичні системи","depId":65000001191,"branchName":"Відділ 310","article":30138370,"itemTitle":"Кондиционер сплит Ergo AC-0917CH","price":"6399,00","isAvailable":true,"identity":true,"isPromo":false,"ginnerName":"Кондиціонер спліт-с. ERGO AC-0917CH (on-off/09К)"},{"monitoringDate":"22/05/2018","competitorName":"Comfy","competitorId":65000001032,"depName":"Кліматичні системи","depId":65000001191,"branchName":"Відділ 310","article":30138371,"itemTitle":"Кондиционер сплит Ergo AC-1217CH","price":"6815,00","isAvailable":true,"identity":true,"isPromo":false,"ginnerName":"Кондиціонер спліт-с. ERGO AC-1217CH (on-off/12К)"},{"monitoringDate":"22/05/2018","competitorName":"Comfy","competitorId":65000001032,"depName":"Кліматичні системи","depId":65000001191,"branchName":"Відділ 310","article":30138372,"itemTitle":"Кондиционер сплит Ergo AC-1817CH","price":"9995,00","isAvailable":true,"identity":true,"isPromo":false,"ginnerName":"Кондиціонер спліт-с. ERGO AC-1817CH (on-off/18К)"},{"monitoringDate":"22/05/2018","competitorName":"Comfy","competitorId":65000001032,"depName":"Кліматичні системи","depId":65000001191,"branchName":"Відділ 310","article":30138374,"itemTitle":"Кондиционер сплит Ergo ACI-1207CH","price":"10199,00","isAvailable":true,"identity":true,"isPromo":false,"ginnerName":"Кондиціонер спліт-с. ERGO ACI-1207CH (інверт/12К)"},{"monitoringDate":"22/05/2018","competitorName":"Comfy","competitorId":65000001032,"depName":"Кліматичні системи","depId":65000001191,"branchName":"Відділ 310","article":30138375,"itemTitle":"Кондиционер сплит Ergo ACI-1807CH","price":"12469,00","isAvailable":true,"identity":true,"isPromo":false,"ginnerName":"Кондиціонер спліт-с. ERGO ACI-1807CH (інверт/18К)"},{"monitoringDate":"22/05/2018","competitorName":"Comfy","competitorId":65000001032,"depName":"Кліматичні системи","depId":65000001191,"branchName":"Відділ 310","article":30115263,"itemTitle":"Увлажнитель воздуха Boneco 7135","price":"3999,00","isAvailable":true,"identity":true,"isPromo":false,"ginnerName":"Зволожувач ультразв. BONECO 7135 (550мл. год./6,5л.)"},{"monitoringDate":"22/05/2018","competitorName":"Comfy","competitorId":65000001032,"depName":"Кліматичні системи","depId":65000001191,"branchName":"Відділ 310","article":30115002,"itemTitle":"Увлажнитель воздуха Boneco 7135","price":"3999,00","isAvailable":true,"identity":true,"isPromo":false,"ginnerName":"Зволожувач повітря  Boneco 7135  (6,5 л, до 60 м2, гігростат, \"гарячий\" пар )"},{"monitoringDate":"22/05/2018","competitorName":"Comfy","competitorId":65000001032,"depName":"Кліматичні системи","depId":65000001191,"branchName":"Відділ 310","article":30115265,"itemTitle":"Увлажнитель воздуха Boneco S250","price":"3299,00","isAvailable":true,"identity":true,"isPromo":false,"ginnerName":"Зволожувач паровий BONECO S250 (300мл. год./3л.)"},{"monitoringDate":"22/05/2018","competitorName":"Comfy","competitorId":65000001032,"depName":"Кліматичні системи","depId":65000001191,"branchName":"Відділ 310","article":30124021,"itemTitle":"Увлажнитель воздуха Philips Safe&clean HU4801/01","price":"2599,00","isAvailable":true,"identity":true,"isPromo":false,"ginnerName":"Очищувач-зволожувач повітря Philips HU4801/01"},{"monitoringDate":"22/05/2018","competitorName":"Comfy","competitorId":65000001032,"depName":"Кліматичні системи","depId":65000001191,"branchName":"Відділ 310","article":30124022,"itemTitle":"Увлажнитель воздуха Philips Safe & clean HU4803/01","price":"3599,00","isAvailable":true,"identity":true,"isPromo":false,"ginnerName":"Очищувач-зволожувач повітря Philips HU4803/01"},{"monitoringDate":"22/05/2018","competitorName":"Comfy","competitorId":65000001032,"depName":"Кліматичні системи","depId":65000001191,"branchName":"Відділ 310","article":30115053,"itemTitle":"Вентилятор напольный UFO ATSFI-121","price":"3599,00","isAvailable":true,"identity":true,"isPromo":false,"ginnerName":"Вентилятор-зволожувач  UFO ATSFI-121"}]