[{"monitoringDate":"22/05/2018","competitorName":"Stroytech (Будпостач)","competitorId":20,"depName":"Машини, станки, обладнання","depId":65000002233,"branchName":"Відділ 20","activeAmount":15,"resultAmount":15,"status":true},{"monitoringDate":"22/05/2018","competitorName":"Comfy","competitorId":65000001032,"depName":"Дрібна побутова техніка","depId":61000060109,"branchName":"Відділ 310","activeAmount":137,"resultAmount":137,"status":true},{"monitoringDate":"22/05/2018","competitorName":"Comfy","competitorId":65000001032,"depName":"Зображення та звук","depId":65000003301,"branchName":"Відділ 310","activeAmount":88,"resultAmount":88,"status":true},{"monitoringDate":"22/05/2018","competitorName":"Stroytech (Будпостач)","competitorId":20,"depName":"Ручний інструмент","depId":65000002281,"branchName":"Відділ 20","activeAmount":8,"resultAmount":8,"status":true},{"monitoringDate":"22/05/2018","competitorName":"Comfy","competitorId":65000001032,"depName":"Кліматичні системи","depId":65000001191,"branchName":"Відділ 310","activeAmount":18,"resultAmount":18,"status":true},{"monitoringDate":"22/05/2018","competitorName":"Comfy","competitorId":65000001032,"depName":"Споживча електроніка","depId":61000060110,"branchName":"Відділ 310","activeAmount":218,"resultAmount":218,"status":true},{"monitoringDate":"22/05/2018","competitorName":"Stroytech (Будпостач)","competitorId":20,"depName":"Витратні матеріали ","depId":65000002312,"branchName":"Відділ 20","activeAmount":17,"resultAmount":17,"status":true},{"monitoringDate":"22/05/2018","competitorName":"Comfy","competitorId":65000001032,"depName":"Велика побутова техніка","depId":61000060108,"branchName":"Відділ 310","activeAmount":409,"resultAmount":409,"status":true}]
