[{"monitoringDate":"10/05/2018","competitorName":"Stroytech (Будпостач)","competitorId":20,"depName":"Витратні матеріали ","depId":65000002312,"branchName":"Відділ 20","activeAmount":17,"resultAmount":17,"status":true},{"monitoringDate":"10/05/2018","competitorName":"Comfy","competitorId":65000001032,"depName":"Споживча електроніка","depId":61000060110,"branchName":"Відділ 310","activeAmount":77,"resultAmount":77,"status":true},{"monitoringDate":"10/05/2018","competitorName":"Comfy","competitorId":65000001032,"depName":"Зображення та звук","depId":65000003301,"branchName":"Відділ 310","activeAmount":2,"resultAmount":2,"status":true},{"monitoringDate":"10/05/2018","competitorName":"Comfy","competitorId":65000001032,"depName":"Велика побутова техніка","depId":61000060108,"branchName":"Відділ 310","activeAmount":77,"resultAmount":77,"status":true},{"monitoringDate":"10/05/2018","competitorName":"Stroytech (Будпостач)","competitorId":20,"depName":"Ручний інструмент","depId":65000002281,"branchName":"Відділ 20","activeAmount":8,"resultAmount":8,"status":true}]