[{"monitoringDate":"01/05/2018","competitorName":"Stroytech (Будпостач)","competitorId":20,"depName":"Машини, станки, обладнання","depId":65000002233,"branchName":"Відділ 20","activeAmount":15,"resultAmount":15,"status":true},{"monitoringDate":"01/05/2018","competitorName":"Stroytech (Будпостач)","competitorId":20,"depName":"Ручний інструмент","depId":65000002281,"branchName":"Відділ 20","activeAmount":8,"resultAmount":8,"status":true},{"monitoringDate":"01/05/2018","competitorName":"Stroytech (Будпостач)","competitorId":20,"depName":"Витратні матеріали ","depId":65000002312,"branchName":"Відділ 20","activeAmount":17,"resultAmount":17,"status":true}]
